MFCC_1,MFCC_2,MFCC_3,MFCC_4,MFCC_5,MFCC_6,MFCC_7,MFCC_8,MFCC_9,MFCC_10,MFCC_11,MFCC_12,MFCC_13,Spectral_Centroid,Spectral_Bandwidth,Spectral_Rolloff,Zero_Crossing_Rate,RMS_Energy,D1_Mean,D1_Std,D2_Mean,D2_Std,D3_Mean,D3_Std,A3_Mean,A3_Std,RMS_Envelope_Mean,Hilbert_Envelope_Mean
-161.426433621038,125.37303891911282,-10.855755806969391,-11.711086889298405,19.095923661123162,5.210605845798961,-3.3340516359860652,-3.061667633511116,2.8123965018755124,3.4604178538312507,-6.076849396481404,21.71552221760454,-12.389812783795252,6618.585960717192,5743.6021443245745,12230.118189102564,0.07147268963675214,0.06498846411705017,1.6742263626682004e-05,0.05627171387493755,3.071139829795351e-05,0.0064273374571200345,7.387093731748019e-05,0.021166841984990258,5.039556764758788e-05,0.1479981443969386,0.06345005333423615,0.07224766165018082
