File name,label,MFCC_1,MFCC_2,MFCC_3,MFCC_4,MFCC_5,MFCC_6,MFCC_7,MFCC_8,MFCC_9,MFCC_10,MFCC_11,MFCC_12,MFCC_13,Spectral_Centroid,Spectral_Bandwidth,Spectral_Rolloff,Zero_Crossing_Rate,RMS_Energy,D1_Mean,D1_Std,D2_Mean,D2_Std,D3_Mean,D3_Std,A3_Mean,A3_Std,RMS_Envelope_Mean,Hilbert_Envelope_Mean,Max,Mean,Std,Median,Energy,Entropy,MaxFreq1,MaxFreq2,Unnamed: 38,Max.1,Mean.1,Std.1,Median.1,Energy.1,Entropy.1,MaxFreq1.1,MaxFreq2.1,Bispectrum Matrix,source_file
h1,0,-83.2,126.0,-44.8,24.4,-4.75,11.9,4.15,12.5,-3.81,10.2,-11.9,10.9,-5.76,3890.0,4240.0,7530.0,0.0743,0.109,3.19e-06,0.0193,7.25e-05,0.0354,-0.00023,0.0967,0.000936,0.289,0.109,0.136,37.0,0.0319,0.379,0.0,9530.0,7.21,1.0,157.0,,37.0,0.0319,0.379,0.0,9530.0,7.21,1.0,157.0,,
,healthy,,,,,,,,,,,,,,,,,,,,,,,,,,,,,,,,,,,,,,,,,,,,,,0.006092195089867302,100h_denoised_bispectrum.csv
,healthy,,,,,,,,,,,,,,,,,,,,,,,,,,,,,8.367342244884956,0.056805651878855,0.2463315069894516,0.0,4220.933564368643,8.664822985132876,79.0,79.0,,,,,,,,,,,100h_denoised_bispectrum_features.csv
,healthy,-140.95500617234865,37.30435027584885,-15.258500362351247,39.91547236301512,-14.63067223665143,27.380608884684868,-1.9040947391435368,3.2920623922083445,1.032399422255749,16.492454818733343,-1.8998477880639624,12.532086589298093,0.7465639387717723,7493.7011897620705,5072.658506606259,13140.941497867803,0.1048336720415778,0.0758292376995086,6.708447101979189e-05,0.03462186248933,-0.0001987706258515,0.1155086798215812,0.0002417732628789,0.0789325598542844,-0.0006557996920449,0.0957764100656674,0.0674846395850181,0.0663250386714935,,,,,,,,,,,,,,,,,,,100h_denoised_engine_features.csv
,healthy,,,,,,,,,,,,,,,,,,,,,,,,,,,,,,,,,,,,,,,,,,,,,,0.007717530759121395,101h_denoised_bispectrum.csv
,healthy,,,,,,,,,,,,,,,,,,,,,,,,,,,,,10.183848598208892,0.051506518372754606,0.21666266130956757,0.0,3275.7417817631913,8.720876380672822,1.0,1.0,,,,,,,,,,,101h_denoised_bispectrum_features.csv
,healthy,-140.78137046568602,45.22970163350642,-10.074106575838924,37.63017067951842,-14.067973098811375,25.007385157350058,-1.96374750713775,4.909341587496088,2.077177543029633,15.12212631119371,-3.2580593586344677,9.689181216996763,0.5896800559993133,7337.720417049944,5158.806816176066,13071.678438166313,0.1034791861007462,0.0759385004639625,4.7455542570734745e-05,0.0368009594718083,-0.0002828811533172,0.1047783620995426,-0.0007641266668459,0.0714956892926031,-0.0011465202969376,0.128635104742306,0.0692263320088386,0.0716790854930877,,,,,,,,,,,,,,,,,,,101h_denoised_engine_features.csv
,healthy,,,,,,,,,,,,,,,,,,,,,,,,,,,,,,,,,,,,,,,,,,,,,,0.00582521798414093,102h_denoised_bispectrum.csv
,healthy,,,,,,,,,,,,,,,,,,,,,,,,,,,,,11.398937233817524,0.05708063249539964,0.2571926369304341,0.0,4584.213478725896,8.64899496198221,80.0,80.0,,,,,,,,,,,102h_denoised_bispectrum_features.csv
,healthy,-138.44256517636362,48.10748092175441,-7.350333262219722,39.61406141180084,-16.097631114296128,24.62143287240108,-2.647362503354007,1.4403643667303632,-2.67256116727125,11.83426231641381,-5.1412814574133945,8.484804575766733,-1.822334817781884,7299.860636593615,5143.15084157164,13065.081956289978,0.0989992837153518,0.0782782658934593,1.0706067796531665e-06,0.03678942845061,1.8388684360713678e-07,0.1063596531172427,0.0005796124015103,0.0766890281994265,-0.0007989195073983,0.1365841548901912,0.0711697936058044,0.0748002305626869,,,,,,,,,,,,,,,,,,,102h_denoised_engine_features.csv
,healthy,,,,,,,,,,,,,,,,,,,,,,,,,,,,,,,,,,,,,,,,,,,,,,0.002640180873403568,103h_denoised_bispectrum.csv
,healthy,,,,,,,,,,,,,,,,,,,,,,,,,,,,,9.855329222644324,0.046114791901149456,0.20978983876007304,0.0,3047.391910791684,8.66634304201271,80.0,80.0,,,,,,,,,,,103h_denoised_bispectrum_features.csv
,healthy,-143.7107916116616,49.32648489874378,-5.84958016488258,40.40205699740526,-12.846600642888133,26.505077332776548,-2.0357099027303307,2.6692988464214147,-1.6536757482747353,13.465452970962565,-4.346116894701426,8.818871844457075,-1.5881885838889531,7300.12129993486,5179.859254484808,13057.286114072494,0.1004755796908315,0.0713278129696846,1.4368598741072672e-05,0.0360585601400827,-0.0001328630667583,0.1013907179716123,-0.0004433389569759,0.0712334931130705,-0.0006785063029205,0.1064775897144516,0.0648965463042259,0.066420167684555,,,,,,,,,,,,,,,,,,,103h_denoised_engine_features.csv
,healthy,,,,,,,,,,,,,,,,,,,,,,,,,,,,,,,,,,,,,,,,,,,,,,0.0021395360670094215,104h_denoised_bispectrum.csv
,healthy,,,,,,,,,,,,,,,,,,,,,,,,,,,,,12.228612607901546,0.041979951893455554,0.17969973561355013,0.0,2249.253209732427,8.761290142176493,2.0,2.0,,,,,,,,,,,104h_denoised_bispectrum_features.csv
,healthy,-144.28035625663654,45.03491968903733,-7.734830623521884,36.87614937671382,-14.107666632237748,26.087614040019883,-3.764871817531388,3.84449285687376,-0.1237336339035617,15.569870863345344,-1.4297913317532454,10.558991609987489,2.4264459678313988,7465.729528094248,5173.0354940607285,13141.091417910447,0.101938341218017,0.0729519501328468,1.0484388721231666e-05,0.0386596327277414,-0.0001198388978193,0.1039502047629396,0.0001025514367952,0.0686440277986955,-0.0002530063344634,0.1116320101539977,0.0658431649208068,0.0664480328559875,,,,,,,,,,,,,,,,,,,104h_denoised_engine_features.csv
,healthy,,,,,,,,,,,,,,,,,,,,,,,,,,,,,,,,,,,,,,,,,,,,,,0.0022312825229716528,105h_denoised_bispectrum.csv
,healthy,,,,,,,,,,,,,,,,,,,,,,,,,,,,,1.582796407937652,0.01464424304795605,0.055014273092755445,0.0,214.06640067336463,8.885304101134029,1.0,75.0,,,,,,,,,,,105h_denoised_bispectrum_features.csv
,healthy,-162.4120432234763,52.042641732940496,-11.128554768211965,34.171440988026774,-10.661253592102726,29.118473878858016,-7.883935856963126,0.6613784647624599,3.5892070964142397,14.783912286117683,-3.156884669874348,12.27904554133687,1.7173293411699797,7162.4331853806125,5248.979448245857,13009.81143390192,0.0955761094083155,0.0549863204360008,-1.7100707679583064e-05,0.0232665617248143,0.0001668350214334,0.0748335665718235,0.0003667321504349,0.0462895642437692,0.0001752189844335,0.0982988964333195,0.0510372854769229,0.0542515665292739,,,,,,,,,,,,,,,,,,,105h_denoised_engine_features.csv
,healthy,,,,,,,,,,,,,,,,,,,,,,,,,,,,,,,,,,,,,,,,,,,,,,0.01074883019228232,106h_denoised_bispectrum.csv
,healthy,,,,,,,,,,,,,,,,,,,,,,,,,,,,,5.992191123844219,0.042388583927146735,0.1652028871606486,0.0,1921.2852247678463,8.830593860100317,29.0,74.0,,,,,,,,,,,106h_denoised_bispectrum_features.csv
,healthy,-134.08492262942627,50.70444540604351,-11.316482527466276,33.56051827865157,-10.451250047145196,29.12657400257739,-7.83016458466808,1.2102680304152862,5.258168720469144,15.89211060311023,-0.7944984906960687,13.371101901444248,1.8634465058351717,7179.331084877934,5265.002046990154,13048.440831556503,0.0936229844083155,0.0742735862731933,-5.063635994174479e-06,0.0326198524940682,0.000316759940155,0.1009934706567013,-0.0012023508949825,0.0596783039523543,0.000466846983264,0.1311807301772478,0.0695203095674514,0.0748898237943649,,,,,,,,,,,,,,,,,,,106h_denoised_engine_features.csv
,healthy,,,,,,,,,,,,,,,,,,,,,,,,,,,,,,,,,,,,,,,,,,,,,,0.003013038156185422,107h_denoised_bispectrum.csv
,healthy,,,,,,,,,,,,,,,,,,,,,,,,,,,,,6.584559754354872,0.041241864236600645,0.1599684465104269,0.0,1802.529735115177,8.846348737306245,1.0,1.0,,,,,,,,,,,107h_denoised_bispectrum_features.csv
,healthy,-124.55668593008956,58.12372140802815,-12.392177962019284,31.70808960684233,-13.07958408605678,30.67545368837573,-8.416274863151381,2.603689810985465,5.753730225796383,15.1505792578268,-2.927998653684282,13.102394066371126,0.8139169168385539,6942.040941569068,5211.522737706114,12732.7092217484,0.0925808318896588,0.0776945948600769,2.7156335289556683e-06,0.0276883642330329,-0.0001104994524049,0.1026215906956301,-4.7344127382775775e-05,0.0596552748223159,0.0004738249732182,0.1491896870788296,0.0736580714583396,0.0808011591434478,,,,,,,,,,,,,,,,,,,107h_denoised_engine_features.csv
,healthy,,,,,,,,,,,,,,,,,,,,,,,,,,,,,,,,,,,,,,,,,,,,,,0.003478062629388249,108h_denoised_bispectrum.csv
,healthy,,,,,,,,,,,,,,,,,,,,,,,,,,,,,7.687639048063251,0.049423335588431615,0.19562141660689955,0.0,2688.881522406537,8.832063929245454,29.0,75.0,,,,,,,,,,,108h_denoised_bispectrum_features.csv
,healthy,-120.14440452885196,54.60279073584184,-14.03241160464273,30.72183437546047,-13.969570549637217,30.250894007973997,-8.985068700907545,0.4759132589630584,4.295987153404731,13.9412905590626,-3.8032142971458818,12.592684179600685,0.7715475187029052,7109.297239387384,5217.755619009403,12938.349546908315,0.1006733908582089,0.0783197060227394,3.835369869322971e-06,0.0308356478384354,5.5556179872978045e-05,0.11207076357216,0.0001030206112872,0.0658549091345842,8.663355624750516e-05,0.1298474731485896,0.0725737363100051,0.075966328382492,,,,,,,,,,,,,,,,,,,108h_denoised_engine_features.csv
,healthy,,,,,,,,,,,,,,,,,,,,,,,,,,,,,,,,,,,,,,,,,,,,,,0.002005785757019435,109h_denoised_bispectrum.csv
,healthy,,,,,,,,,,,,,,,,,,,,,,,,,,,,,8.299492115873468,0.052594507127908176,0.2253680576667288,0.0,3537.382567605332,8.728367773561747,1.0,75.0,,,,,,,,,,,109h_denoised_bispectrum_features.csv
,healthy,-140.03809286249714,43.63645076237257,-12.954214525583549,35.32420535952949,-13.35104098846215,28.35260311906837,-8.570134561673107,-1.133232302205895,2.961437268751613,14.490941010461626,-3.904806945716072,12.92715286621544,1.9792800730895628,7354.6015514169085,5170.971204130055,13148.18763326226,0.102489089152452,0.0753897354006767,-3.870191844616574e-06,0.0324205707841059,-0.0001630001693228,0.108427351083222,-9.858214898019152e-05,0.0694777693049801,0.0005881498184718,0.123436665404662,0.0685554295778274,0.0701499581336975,,,,,,,,,,,,,,,,,,,109h_denoised_engine_features.csv
,healthy,,,,,,,,,,,,,,,,,,,,,,,,,,,,,,,,,,,,,,,,,,,,,,0.013471051425295467,110h_denoised_bispectrum.csv
,healthy,,,,,,,,,,,,,,,,,,,,,,,,,,,,,7.175677607309598,0.04743683337543826,0.19832968757841665,0.0,2746.6422579409823,8.758212308565284,75.0,76.0,,,,,,,,,,,110h_denoised_bispectrum_features.csv
,healthy,-138.95745562204925,42.053978625881925,-14.248590195356565,34.75218097009051,-12.182175888545071,28.95777424082911,-5.900973098632361,1.2117279384284532,5.633245952431631,16.20095365987638,-2.008342039787764,15.463064830838777,3.3642272984731405,7404.213313230859,5195.087342011825,13236.690431769724,0.100924298707356,0.0752206966280937,2.987936096130207e-05,0.0321916476020273,-5.5068881772245866e-05,0.1109077099694648,9.577089590775556e-05,0.0719874985880399,0.0005345450741071,0.1143385992219278,0.0683130547404289,0.0693088397383689,,,,,,,,,,,,,,,,,,,110h_denoised_engine_features.csv
,healthy,,,,,,,,,,,,,,,,,,,,,,,,,,,,,,,,,,,,,,,,,,,,,,0.010992014525461283,111h_denoised_bispectrum.csv
,healthy,,,,,,,,,,,,,,,,,,,,,,,,,,,,,8.333258841227716,0.04828421874156637,0.2256267055849795,0.0,3516.3679194991314,8.660796851628218,76.0,76.0,,,,,,,,,,,111h_denoised_bispectrum_features.csv
,healthy,-145.8678171992753,42.79029856558019,-9.763422404396865,33.232753957011404,-8.307866709759441,28.227543744341105,-4.316433102378977,2.3182478008754366,6.104033637003847,15.897589649414288,-3.20562175854987,14.111754107759207,2.300498142433933,7492.112867334414,5310.432685812632,13554.121135394456,0.0979081989605543,0.0741585940122604,2.7570656482320574e-05,0.0361843016443034,0.0001493386067399,0.1009963232385795,-0.0003099487391968,0.0665475249194773,0.0004151949236299,0.141812862049466,0.0675351619720459,0.0700331181287765,,,,,,,,,,,,,,,,,,,111h_denoised_engine_features.csv
,healthy,,,,,,,,,,,,,,,,,,,,,,,,,,,,,,,,,,,,,,,,,,,,,,0.0015980937609003584,112h_denoised_bispectrum.csv
,healthy,,,,,,,,,,,,,,,,,,,,,,,,,,,,,12.357929928096883,0.011517891272133316,0.11532991671879363,0.0,887.279248565533,7.955763433160654,1.0,69.0,,,,,,,,,,,112h_denoised_bispectrum_features.csv
,healthy,-214.41272858246023,82.04646259016504,-14.796564187230056,39.893766913969785,-16.384487150842542,21.60123365432844,2.44500133564144,5.336585598131281,-2.5500077554431586,15.067940969190897,-8.205406274120431,11.84203050394206,1.027456158540317,5715.297828789973,5073.274021498854,11126.715751599148,0.0871826692430703,0.0330644622445106,-2.500077721431275e-06,0.0065285099281033,-3.779495735157217e-05,0.0449336126450003,-0.0008101337648415,0.0464549412328568,-0.0005192936648505,0.0825475674161786,0.0324344374239444,0.0394412912428379,,,,,,,,,,,,,,,,,,,112h_denoised_engine_features.csv
,healthy,,,,,,,,,,,,,,,,,,,,,,,,,,,,,,,,,,,,,,,,,,,,,,0.0009954041221151197,113h_denoised_bispectrum.csv
,healthy,,,,,,,,,,,,,,,,,,,,,,,,,,,,,5.581325700270109,0.011247517349342344,0.07517131844691363,0.0,381.5805128501048,8.35497754623555,9.0,54.0,,,,,,,,,,,113h_denoised_bispectrum_features.csv
,healthy,-145.37271612009033,86.71201512144505,-9.415945270027828,43.56030756553528,-17.40700971541508,21.88231249433392,2.342134608041087,4.66788301573957,-3.520517334072867,14.409443110842783,-9.631945657666057,9.359530083082564,0.8065496834485895,5590.376404876712,5067.932482706069,10920.37579957356,0.0839541827691897,0.0612286552786827,8.997015851055073e-06,0.0103932734659807,5.75145058957287e-05,0.0536064429981272,0.0002933726894717,0.0579451269203264,-0.0014026255303611,0.148130351115157,0.0603819638490676,0.0736815109848976,,,,,,,,,,,,,,,,,,,113h_denoised_engine_features.csv
,healthy,,,,,,,,,,,,,,,,,,,,,,,,,,,,,,,,,,,,,,,,,,,,,,3.571802266006458e-05,114h_denoised_bispectrum.csv
,healthy,,,,,,,,,,,,,,,,,,,,,,,,,,,,,850.9631223417017,0.025341566289283,3.562389282980455,0.0,838245.0052197409,1.8886232011944892,1.0,1.0,,,,,,,,,,,114h_denoised_bispectrum_features.csv
,healthy,-246.65046435863647,99.26624479392189,15.143890250700377,55.71140631090526,2.690858765667714,32.603470406740456,16.50376980468988,10.83872965742,9.24301000043394,17.101676804885212,-0.7513429423476631,10.631194315860586,6.443270559567865,3023.6567936047577,4290.470235653706,6821.361940298508,0.0195385377798507,0.15839284658432,-6.728154009615854e-06,0.0030033296659492,-2.24955751442017e-05,0.018135081174938,-0.0001832707519322,0.0166898365509639,0.0018549205133061,0.521511363207121,0.1529267579317093,0.2022238820791244,,,,,,,,,,,,,,,,,,,114h_denoised_engine_features.csv
,healthy,,,,,,,,,,,,,,,,,,,,,,,,,,,,,,,,,,,,,,,,,,,,,,0.0009190419306815232,115h_denoised_bispectrum.csv
,healthy,,,,,,,,,,,,,,,,,,,,,,,,,,,,,2823.02667131988,0.11668218733107565,14.278332073647077,0.0,13466359.516215196,1.806176605363364,1.0,1.0,,,,,,,,,,,115h_denoised_bispectrum_features.csv
,healthy,-245.0871222074896,113.05801797804112,27.456487027888752,66.86578538163712,12.707195684412802,38.955919078507975,20.36027826952177,12.806295800365218,11.937762002068387,17.724137040917,-1.2217011228794543,9.517060073221538,5.579787383813724,1831.484097533775,3699.4569916117975,4258.428837953092,0.0071378598081023,0.2524726092815399,2.047991840460262e-06,0.002252911063758,9.81197965441211e-06,0.0150593351508818,-0.0001245143129235,0.0144773824909865,0.0004613200449313,0.7386386603936226,0.2463557571172714,0.3269145786762237,,,,,,,,,,,,,,,,,,,115h_denoised_engine_features.csv
,healthy,,,,,,,,,,,,,,,,,,,,,,,,,,,,,,,,,,,,,,,,,,,,,,0.00010583049695491728,116h_denoised_bispectrum.csv
,healthy,,,,,,,,,,,,,,,,,,,,,,,,,,,,,2235.115967039529,0.09239053950996226,11.284765699491627,0.0,8411635.580850413,1.827453721645876,1.0,1.0,,,,,,,,,,,116h_denoised_bispectrum_features.csv
,healthy,-254.32289189399043,120.84919608426829,30.167679096463512,68.67084269495139,16.751076305928944,36.14009504559591,22.4584932779089,10.378408794169822,10.443820303421017,16.000076024715494,-1.3160703231086688,7.995574101302571,5.503259336272929,1558.696881199328,3403.647199720045,3338.1696428571427,0.0069598297574626,0.2484563440084457,1.8259905557801704e-06,0.0015069240383549,-4.430417579884655e-06,0.0119459682996067,0.0001733151065236,0.0130033568396844,0.0006541893953022,0.7302969862598818,0.2407213151454925,0.3175051212310791,,,,,,,,,,,,,,,,,,,116h_denoised_engine_features.csv
,healthy,,,,,,,,,,,,,,,,,,,,,,,,,,,,,,,,,,,,,,,,,,,,,,0.00027658990961870966,117h_denoised_bispectrum.csv
,healthy,,,,,,,,,,,,,,,,,,,,,,,,,,,,,2913.0176922738774,0.09562753570248185,12.311771305396116,0.0,10012292.435937144,1.9749193166284889,1.0,1.0,,,,,,,,,,,117h_denoised_bispectrum_features.csv
,healthy,-245.25150135237357,122.77716602394692,28.630061574804223,69.51878336653932,15.562613648827115,34.84419434713799,22.375443017611268,9.258809683164902,8.90711992729683,16.37475675737162,-1.30931769822192,9.073438531395496,6.236525008969689,1573.378949367054,3374.986209333249,3443.213619402985,0.008188341218017,0.2531396448612213,-2.273329804909571e-06,0.0012240131410995,-1.527225127117728e-06,0.0130607418567985,-3.0153899120705315e-05,0.0148346248547027,0.0029070121641339,0.743782342404658,0.2463610023260116,0.3256436884403229,,,,,,,,,,,,,,,,,,,117h_denoised_engine_features.csv
,healthy,,,,,,,,,,,,,,,,,,,,,,,,,,,,,,,,,,,,,,,,,,,,,,0.00031527651514614825,118h_denoised_bispectrum.csv
,healthy,,,,,,,,,,,,,,,,,,,,,,,,,,,,,2616.360104454472,0.1018022796114853,12.45311524807014,0.0,10243568.67537738,1.8856727664247304,1.0,1.0,,,,,,,,,,,118h_denoised_bispectrum_features.csv
,healthy,-240.441636205057,119.39012763620656,24.408708562343115,72.2029841324328,15.69945314580734,37.0041766069044,22.64500948481988,10.251246450068004,9.151131061059786,18.92751525057291,-2.043762696141866,8.033705348201963,2.7874368244847423,1663.9275179613687,3463.991071338616,3730.710287846482,0.0075803321561833,0.257409006357193,-3.5620341446213314e-06,0.0011161034841658,-0.0001196479667994,0.0140743979300691,-3.008193930228151e-07,0.0158563816447532,-0.0007895172206834,0.7544657236742512,0.2502491176128387,0.3291182518005371,,,,,,,,,,,,,,,,,,,118h_denoised_engine_features.csv
,healthy,,,,,,,,,,,,,,,,,,,,,,,,,,,,,,,,,,,,,,,,,,,,,,7.1076134840194e-05,119h_denoised_bispectrum.csv
,healthy,,,,,,,,,,,,,,,,,,,,,,,,,,,,,2940.555965888238,0.112795604680976,14.17617407989552,0.0,13274305.724953048,1.8522810985497344,1.0,1.0,,,,,,,,,,,119h_denoised_bispectrum_features.csv
,healthy,-244.45879951971585,125.71132749541816,30.17676343475898,70.94036203905125,17.88257685814029,35.264174801819806,24.34019831032645,7.801492884633008,8.509623785466017,16.560249078971133,-1.56349830545741,8.374258448986465,4.615352595254889,1449.076341464083,3256.5779941889164,3002.548640724947,0.0073814798773987,0.2672593593597412,-7.119032230962559e-07,0.0010734054511494,-4.190124682879053e-05,0.0125641096258655,0.0001533623440558,0.0144521723480331,0.000449907024001,0.7780335050620538,0.2605656385421753,0.3413654267787933,,,,,,,,,,,,,,,,,,,119h_denoised_engine_features.csv
,healthy,,,,,,,,,,,,,,,,,,,,,,,,,,,,,,,,,,,,,,,,,,,,,,0.0005992060275766216,120h_denoised_bispectrum.csv
,healthy,,,,,,,,,,,,,,,,,,,,,,,,,,,,,2595.8934580417126,0.09160685109027575,11.649625718805032,0.0,8964313.685814051,1.8219789339895855,1.0,1.0,,,,,,,,,,,120h_denoised_bispectrum_features.csv
,healthy,-251.20343749538705,117.83649220224588,29.516690642411,74.01010995779275,17.100409677323785,36.394782199807885,24.369688746343904,8.440528543046122,7.756432018524717,18.28472255332805,-2.2740323323024296,7.731244165405345,4.202710148915284,1694.1989202627062,3496.2054802638563,3805.970149253732,0.0083445079291044,0.2320639491081237,-2.1182991728077222e-06,0.0015090660703485,1.895338218330012e-05,0.0137188150259419,7.092863567309037e-05,0.0160168730403953,0.0053562750390885,0.6864437698732094,0.2250310629606247,0.2938944697380066,,,,,,,,,,,,,,,,,,,120h_denoised_engine_features.csv
,healthy,,,,,,,,,,,,,,,,,,,,,,,,,,,,,,,,,,,,,,,,,,,,,,0.0001858276909141635,121h_denoised_bispectrum.csv
,healthy,,,,,,,,,,,,,,,,,,,,,,,,,,,,,2596.588920680172,0.11066144510773163,13.125986755009063,0.0,11380491.985313196,1.9388312015811,1.0,1.0,,,,,,,,,,,121h_denoised_bispectrum_features.csv
,healthy,-242.4956225548349,120.8250144494274,29.642586438685115,75.10818814764343,16.787895788609294,32.343441453984845,21.01611597920136,7.514306885308041,8.019661833558498,20.231122495632956,-2.269838545749106,7.847791757523364,4.956146968947747,1687.637114601936,3484.633234262304,3788.879264392324,0.0084777701892324,0.2448194622993469,2.55593985782748e-06,0.0017237269449208,5.1462735163563515e-09,0.0146092245328007,-0.0001113685851016,0.0177546730862817,-0.0023277718957864,0.7162378370630034,0.2387952208518982,0.3131951093673706,,,,,,,,,,,,,,,,,,,121h_denoised_engine_features.csv
,healthy,,,,,,,,,,,,,,,,,,,,,,,,,,,,,,,,,,,,,,,,,,,,,,0.00037628185418517074,122h_denoised_bispectrum.csv
,healthy,,,,,,,,,,,,,,,,,,,,,,,,,,,,,2758.2518045890342,0.14128844838076485,14.993978364873971,0.0,14850414.203840973,2.0979230638599,1.0,1.0,,,,,,,,,,,122h_denoised_bispectrum_features.csv
,healthy,-247.20922922518795,120.27711574283522,29.715042106479096,78.09997622948627,17.867380901669055,33.870837168855374,21.53044209244264,8.792012510909652,8.711255899000882,20.15253490202597,-3.469913952604532,6.991674244501413,4.096990888270587,1659.51787372248,3463.666056934791,3809.918043710021,0.0084631946295309,0.2366242557764053,-1.4783541917147665e-06,0.0014147330248858,-2.0528426712625155e-05,0.0148093389449543,0.0003902897872183,0.0171631239513223,0.0041294764499321,0.6922034593786616,0.2311988323926925,0.3015639185905456,,,,,,,,,,,,,,,,,,,122h_denoised_engine_features.csv
,healthy,,,,,,,,,,,,,,,,,,,,,,,,,,,,,,,,,,,,,,,,,,,,,,0.000516366597118714,123h_denoised_bispectrum.csv
,healthy,,,,,,,,,,,,,,,,,,,,,,,,,,,,,1440.075859473539,0.06875570731557032,7.256518586141261,0.0,3478258.524005511,2.19115051028241,1.0,1.0,,,,,,,,,,,123h_denoised_bispectrum_features.csv
,healthy,-238.9945300480021,116.56673288309734,26.51902386417463,75.36915471818739,14.94555661672,34.54045125663033,21.26657138813413,9.059174706236552,6.14150204154984,19.1489957669066,-3.282059317400376,7.217257297637277,3.700142517524955,1886.294327158027,3654.1781653519447,4374.3170309168445,0.0094668260261194,0.240385353565216,-5.9496268392895e-07,0.002137801359167,1.2033135897627447e-05,0.0166110064378138,0.0002797072528923,0.0192371190324067,-0.0026010713908177,0.7117434218004881,0.2349182367324829,0.3092707693576813,,,,,,,,,,,,,,,,,,,123h_denoised_engine_features.csv
,healthy,,,,,,,,,,,,,,,,,,,,,,,,,,,,,,,,,,,,,,,,,,,,,,0.0014736040043383323,124h_denoised_bispectrum.csv
,healthy,,,,,,,,,,,,,,,,,,,,,,,,,,,,,208.98420044566564,0.023442316989928966,1.1808929829927803,0.0,92142.17127868712,5.709447112162523,0.0,1.0,,,,,,,,,,,124h_denoised_bispectrum_features.csv
,healthy,-148.04116904932982,90.42131367545268,-3.9642804178399,51.717609320132176,-12.860665733429204,18.23088746593655,4.084634582188489,-1.2706712488162226,-4.800163206327132,16.99545188886908,-6.070635943651199,11.395882844549238,6.834714736114052,4743.262951711332,4727.759964045992,9422.474680170577,0.0614974097148187,0.1246624216437339,-3.927828810643502e-06,0.0076126261724698,-4.42380147472468e-05,0.0612875894814199,-0.0008651243876366,0.0710128283132,-0.004308862669753,0.4000327745571571,0.1218489632010459,0.1573015004396438,,,,,,,,,,,,,,,,,,,124h_denoised_engine_features.csv
,healthy,,,,,,,,,,,,,,,,,,,,,,,,,,,,,,,,,,,,,,,,,,,,,,0.0036804910774638575,125h_denoised_bispectrum.csv
,healthy,,,,,,,,,,,,,,,,,,,,,,,,,,,,,34.2121132261312,0.03499814015306678,0.4050122114122044,0.0,10915.24196797289,7.801464018673685,1.0,65.0,,,,,,,,,,,125h_denoised_bispectrum_features.csv
,healthy,-108.333470594462,80.08343102688433,-13.929908396464803,50.88150030998678,-17.12212849795318,18.745897853776253,1.4864756295859098,-0.9213546947454632,-9.728993492709195,16.821973427525016,-10.14306362199572,9.55404101878684,1.5111263011821794,5655.986068645645,4873.893009277121,10598.797308102345,0.0853263676039445,0.101618118584156,-3.1422891293950013e-05,0.0107529336137379,-0.0002247609058272,0.095864893834303,-0.001120022852747,0.1126005996347842,-0.0014104467998256,0.2344296263525181,0.0996097400784492,0.1201144382357597,,,,,,,,,,,,,,,,,,,125h_denoised_engine_features.csv
,healthy,,,,,,,,,,,,,,,,,,,,,,,,,,,,,,,,,,,,,,,,,,,,,,0.002316611087033267,126h_denoised_bispectrum.csv
,healthy,,,,,,,,,,,,,,,,,,,,,,,,,,,,,33.03397072891443,0.016476878436222697,0.2895928309067014,0.0,5557.065324813464,7.12324666687115,2.0,2.0,,,,,,,,,,,126h_denoised_bispectrum_features.csv
,healthy,-153.3316242773344,76.68676273347239,-14.60564302797311,48.796108225261,-14.723582284024635,19.769056420514467,5.722745619610207,-0.2022602436911796,-6.948634015419446,18.688370871515662,-6.832196012144184,10.887133272783366,6.002514938939738,5435.091737171952,4879.804703512999,10350.679637526651,0.0676316381263326,0.0913853272795677,-2.1097938520188506e-06,0.0070635642729054,-0.0001204621004059,0.0657482172299207,0.0012975367266238,0.0755188712015239,-0.0010274595778824,0.2637674528927157,0.0893265381455421,0.1135808750987052,,,,,,,,,,,,,,,,,,,126h_denoised_engine_features.csv
,healthy,,,,,,,,,,,,,,,,,,,,,,,,,,,,,,,,,,,,,,,,,,,,,,0.004130768891133678,127h_denoised_bispectrum.csv
,healthy,,,,,,,,,,,,,,,,,,,,,,,,,,,,,121.15307507293284,0.030534016534458423,0.7677610835865104,0.0,38994.62998492766,7.251606544492822,1.0,1.0,,,,,,,,,,,127h_denoised_bispectrum_features.csv
,healthy,-116.99098512566678,78.05798759378992,-12.632848001714487,51.9412824584023,-13.577233075711248,21.44399635561235,6.299180941508355,3.387993600805922,-3.840330409582957,22.48929585674106,-4.724816590567702,13.456553432554008,5.922835231444058,5363.175878424535,4885.204539538901,10321.994936034114,0.0662303021721748,0.1417122930288314,-1.7893255787229176e-06,0.0106960440436095,-0.0001543917861138,0.092945980478744,0.0006296733738831,0.1092424865976071,-0.0023306471980291,0.4043901019755935,0.1394972950220108,0.1793288588523864,,,,,,,,,,,,,,,,,,,127h_denoised_engine_features.csv
,healthy,,,,,,,,,,,,,,,,,,,,,,,,,,,,,,,,,,,,,,,,,,,,,,0.0005022742802827378,128h_denoised_bispectrum.csv
,healthy,,,,,,,,,,,,,,,,,,,,,,,,,,,,,19.483455802513845,0.019973865303314717,0.146697077175481,0.0,1447.7272217005452,8.245977545549913,0.0,1.0,,,,,,,,,,,128h_denoised_bispectrum_features.csv
,healthy,-105.45270786574444,62.81653776860178,-35.09081495881328,54.09951582442882,-19.00834623538236,27.00232802593241,4.1368020606090985,9.092043553122592,-9.053771385839823,25.818800234378752,-9.015074660162632,19.216324602996995,-1.1440928332195182,6109.7356083521,4663.129488006108,10841.96761727079,0.122078641391258,0.102922186255455,-5.473357946692996e-07,0.0046317019686019,-4.585280398678752e-05,0.1102643966227778,-0.0028310415345315,0.1372964903131294,0.000182562736919,0.2160108881075985,0.1019085273146629,0.1229333654046058,,,,,,,,,,,,,,,,,,,128h_denoised_engine_features.csv
,healthy,,,,,,,,,,,,,,,,,,,,,,,,,,,,,,,,,,,,,,,,,,,,,,0.0005245931989181384,129h_denoised_bispectrum.csv
,healthy,,,,,,,,,,,,,,,,,,,,,,,,,,,,,11.618900134031648,0.023350503018075244,0.16414493634518487,0.0,1815.6081553513168,8.237339675610441,1.0,64.0,,,,,,,,,,,129h_denoised_bispectrum_features.csv
,healthy,-104.22296739583643,62.176738904545935,-31.83434710652663,52.91173263954471,-18.83714136581094,22.9938323458904,4.239715525112847,7.02190131036589,-7.501264926345168,23.4888573330963,-10.22726215634586,17.864472653735707,1.449910760493099,6223.751285631058,4677.943983733189,10922.074893390192,0.1335412779850746,0.0955502688884735,-6.848579884855626e-06,0.0071378810927344,-0.0003361403429782,0.1137418193700457,-0.0005124273415641,0.1400923195500837,-0.000884703904276,0.1731922913908438,0.094128593802452,0.1103400215506553,,,,,,,,,,,,,,,,,,,129h_denoised_engine_features.csv
,healthy,,,,,,,,,,,,,,,,,,,,,,,,,,,,,,,,,,,,,,,,,,,,,,0.0012115364566420343,130h_denoised_bispectrum.csv
,healthy,,,,,,,,,,,,,,,,,,,,,,,,,,,,,21.19168994407376,0.04363111939856888,0.2941609501710693,0.0,5840.999668864311,8.318964860324241,1.0,67.0,,,,,,,,,,,130h_denoised_bispectrum_features.csv
,healthy,-97.87214369925312,66.23302953532873,-23.08079618864433,46.77705331260428,-15.908230468560912,20.755716246636023,4.437222400492945,3.606378962438351,-4.726297926778837,20.498753856133085,-6.142405295473974,14.002987994070502,6.01692663344551,6132.132490713596,4877.494146189631,11131.36327292111,0.1043433085687633,0.1013831868767738,3.809419857511349e-06,0.0149653211798859,0.0001844357353199,0.1139889946126692,0.000210042270588,0.1264531630721226,-0.0021538807241969,0.2019012041510513,0.0978945195674896,0.1146687343716621,,,,,,,,,,,,,,,,,,,130h_denoised_engine_features.csv
,healthy,,,,,,,,,,,,,,,,,,,,,,,,,,,,,,,,,,,,,,,,,,,,,,0.00020064999070320007,131h_denoised_bispectrum.csv
,healthy,,,,,,,,,,,,,,,,,,,,,,,,,,,,,12.911314870374376,0.032196679014552795,0.20739689339332257,0.0,2909.4648916775554,8.307220555587666,1.0,68.0,,,,,,,,,,,131h_denoised_bispectrum_features.csv
,healthy,-104.26208915731986,69.61208339098874,-26.122391421573525,50.403537769983565,-14.097937561679492,19.33921184684559,4.433637526067635,5.294963882542707,-5.137957710334307,23.474457893700556,-8.484851812330211,10.656327959183477,3.086158088925284,5945.766882293431,4786.490852410512,10765.308502132197,0.1048107675906183,0.0962128266692161,-3.73405842449723e-06,0.0117163331976204,-0.0003711274261555,0.1012846132990103,-0.0034132818718939,0.1300413050999599,-0.0020339573288702,0.195172858466665,0.0938428863883018,0.1100606918334961,,,,,,,,,,,,,,,,,,,131h_denoised_engine_features.csv
,healthy,,,,,,,,,,,,,,,,,,,,,,,,,,,,,,,,,,,,,,,,,,,,,,0.0008042364778915114,132h_denoised_bispectrum.csv
,healthy,,,,,,,,,,,,,,,,,,,,,,,,,,,,,115.45994192388795,0.020144165209578225,0.5199184397906134,0.0,17880.849441735452,7.513255651557662,0.0,1.0,,,,,,,,,,,132h_denoised_bispectrum_features.csv
,healthy,-119.04999880998164,68.62572782930364,-29.30796772191388,49.37942704605793,-14.129548256219536,24.07522770235317,7.73435342930743,7.228937981938981,-5.554724761483962,23.456776438981404,-6.737515415463184,13.97068003642628,0.6819838271629358,5901.856387490059,4754.11933337464,10674.606876332622,0.1090054054504264,0.087609052658081,-7.181242575123808e-06,0.0071121041706266,0.0003362670945501,0.0929520161695555,0.0031452682123202,0.1128080823778234,-0.0016170546441726,0.2055409919367725,0.0861625745892524,0.1030948236584663,,,,,,,,,,,,,,,,,,,132h_denoised_engine_features.csv
,healthy,,,,,,,,,,,,,,,,,,,,,,,,,,,,,,,,,,,,,,,,,,,,,,0.00027717232334271047,133h_denoised_bispectrum.csv
,healthy,,,,,,,,,,,,,,,,,,,,,,,,,,,,,11.324819693083755,0.02417350220623771,0.16547277864153428,0.0,1847.0998272328357,8.258531438533305,0.0,70.0,,,,,,,,,,,133h_denoised_bispectrum_features.csv
,healthy,-95.93350204320636,56.57047587413259,-35.41205718717043,55.67753121542344,-22.01840018093827,26.318363133633547,5.724178554467465,11.510560325248392,-9.224675067136092,24.014492362811254,-12.354451427927833,22.173771972864387,-1.7513888400501223,6463.114518086329,4653.280447159125,11199.776785714286,0.1454651269323027,0.1034219935536384,-4.267948891339302e-06,0.0056038584838318,-0.0004845561313457,0.1314688271768065,0.0023856581367281,0.1508411990121207,-0.0008219314409304,0.1770438622317023,0.1022789776325225,0.1187534481287002,,,,,,,,,,,,,,,,,,,133h_denoised_engine_features.csv
,healthy,,,,,,,,,,,,,,,,,,,,,,,,,,,,,,,,,,,,,,,,,,,,,,0.0021133335412142863,134h_denoised_bispectrum.csv
,healthy,,,,,,,,,,,,,,,,,,,,,,,,,,,,,10.949765769387016,0.041979527006864685,0.2348332537940728,0.0,3758.778431116265,8.446588982489214,1.0,1.0,,,,,,,,,,,134h_denoised_bispectrum_features.csv
,healthy,-94.84363394258304,61.2178781069021,-25.811545592143087,47.65700743517717,-14.373722864399898,21.836487785675867,8.690514880820034,7.098776955485123,-4.380970113994084,18.666686719790366,-7.147803406119718,17.421362517956258,3.731997825447596,6281.382372185506,4914.883247660169,11280.983475479745,0.1178787979744136,0.1016110479831695,5.884468694129672e-06,0.0147169898249782,0.0001436087081037,0.1130828014153405,-0.0008027027077818,0.1330111423351011,-0.0019100888439276,0.2006914527121188,0.0989972501993179,0.1158250495791435,,,,,,,,,,,,,,,,,,,134h_denoised_engine_features.csv
,healthy,,,,,,,,,,,,,,,,,,,,,,,,,,,,,,,,,,,,,,,,,,,,,,0.008188515348311613,15h_denoised_bispectrum.csv
,healthy,,,,,,,,,,,,,,,,,,,,,,,,,,,,,56.145834301421694,0.01308357045064268,0.2846400218966204,0.0,5362.592409121172,7.447471879645882,1.0,1.0,,,,,,,,,,,15h_denoised_bispectrum_features.csv
,healthy,-204.3331967919091,67.67045111586454,-3.0115545439610907,21.604593460891827,-21.056276214100304,26.565626823808763,4.638332749466695,7.314498626583576,6.079217605897237,16.359844809753465,-4.804140471723351,15.523125818246088,-2.72191164466049,6888.452675145131,5666.877544266245,13123.200959488271,0.0673265924840085,0.0550010874867439,3.642791617678148e-05,0.0416281135660686,-3.4694937525221644e-05,0.0478704719351807,-8.555318751486992e-05,0.0457442385512313,0.0003494812036804,0.1227227217980325,0.0529574863612651,0.0639998614788055,,,,,,,,,,,,,,,,,,,15h_denoised_engine_features.csv
,healthy,,,,,,,,,,,,,,,,,,,,,,,,,,,,,,,,,,,,,,,,,,,,,,0.019399294123045543,16h_denoised_bispectrum.csv
,healthy,,,,,,,,,,,,,,,,,,,,,,,,,,,,,12.210032164227089,0.011319754342792148,0.12793240168746536,0.0,1089.4674388094295,7.732559950715573,0.0,1.0,,,,,,,,,,,16h_denoised_bispectrum_features.csv
,healthy,-234.3455420997095,60.71120353165615,-2.6392903909161767,27.13030363598485,-17.136944263220165,26.677782383621665,10.074989663530928,10.406094038517802,6.193142861118777,19.65283850102034,-2.2090733716320186,16.693413893988225,-0.5993499021622479,6825.195438517973,5598.362873319527,13029.600879530915,0.0651027785181236,0.0434933565557003,2.29552893408946e-05,0.0255629521032443,0.0001119133984398,0.0464402386065173,-4.522720821989341e-05,0.0443327262394293,0.0004638046705775,0.1008632112706707,0.0417056940495967,0.0496037490665912,,,,,,,,,,,,,,,,,,,16h_denoised_engine_features.csv
,healthy,,,,,,,,,,,,,,,,,,,,,,,,,,,,,,,,,,,,,,,,,,,,,,0.001615083709841117,17h_denoised_bispectrum.csv
,healthy,,,,,,,,,,,,,,,,,,,,,,,,,,,,,5.536282931975411,0.006517798226291449,0.06716198166435437,0.0,300.73519679717884,7.918375267539341,88.0,88.0,,,,,,,,,,,17h_denoised_bispectrum_features.csv
,healthy,-249.4759952127882,60.92160513711461,-5.647383359204594,25.322297199515607,-23.91496077383918,22.852570797757966,6.41868840023661,9.744993182258575,2.637180183666929,18.27537696688289,-4.136430496286953,16.201054224939867,-2.504124935524775,7010.195473764739,5537.039925944441,13167.527318763328,0.0660366554504264,0.0340009741485118,2.770694529635271e-05,0.0276843377824737,-1.71804133796974e-05,0.0416912312154475,0.0001121798786091,0.035016842693657,0.0001918588324693,0.0613345474417735,0.031750913709402,0.0356233343482017,,,,,,,,,,,,,,,,,,,17h_denoised_engine_features.csv
,healthy,,,,,,,,,,,,,,,,,,,,,,,,,,,,,,,,,,,,,,,,,,,,,,0.00045797487297077026,18h_denoised_bispectrum.csv
,healthy,,,,,,,,,,,,,,,,,,,,,,,,,,,,,8.60540701484811,0.005727805207082616,0.06208499707511254,0.0,256.75588492036405,7.83861436018577,0.0,1.0,,,,,,,,,,,18h_denoised_bispectrum_features.csv
,healthy,-253.0205047113679,59.97834108338217,1.2130093218951088,27.537321614643428,-23.03606341621803,20.102009700314976,5.08009559347454,5.288517936545938,0.4511596170483333,14.923757032674668,-7.186769669999247,13.1173358786641,-1.009540905003574,6863.278350930083,5545.121489667898,13014.359008528783,0.0619690331823027,0.0391651801764965,2.056702637230772e-06,0.023351030450823,-8.383172155155066e-05,0.0368208406946422,-0.00040626532204,0.0377460993389159,0.0004274481496276,0.1099827780080064,0.0370642356574535,0.0441843271255493,,,,,,,,,,,,,,,,,,,18h_denoised_engine_features.csv
,healthy,,,,,,,,,,,,,,,,,,,,,,,,,,,,,,,,,,,,,,,,,,,,,,0.00016360537120929767,19h_denoised_bispectrum.csv
,healthy,,,,,,,,,,,,,,,,,,,,,,,,,,,,,5.992178885536487,0.00533767847893017,0.05359506723461576,0.0,191.60300004633757,7.876353848590176,88.0,88.0,,,,,,,,,,,19h_denoised_bispectrum_features.csv
,healthy,-259.63123136130423,57.560142896593774,-1.495016450458872,31.935808688316712,-24.03307305622201,22.21934394341139,4.796448944268941,7.509192318381963,2.553345812580612,18.173308560365232,-5.71731695995574,15.718827345315356,-1.973599427550916,7119.830906721464,5499.512736611188,13208.005730277186,0.0734108475479744,0.0317975766956806,3.2788350468364723e-06,0.0275036826318583,-1.379884774078948e-05,0.0396067475625648,4.766707576503719e-06,0.0326730242742045,0.0001640763376139,0.0582963313469919,0.0296001508831977,0.0329239256680011,,,,,,,,,,,,,,,,,,,19h_denoised_engine_features.csv
,healthy,,,,,,,,,,,,,,,,,,,,,,,,,,,,,,,,,,,,,,,,,,,,,,5.5960733477184574e-05,20h_denoised_bispectrum.csv
,healthy,,,,,,,,,,,,,,,,,,,,,,,,,,,,,1.9250594057917916,0.003689531724651523,0.031950396404314046,0.0,68.32375891610317,7.932795376313755,1.0,90.0,,,,,,,,,,,20h_denoised_bispectrum_features.csv
,healthy,-275.98302939132765,54.24642005700363,-1.591707243704487,30.141572289897464,-23.539498163686726,23.63883258482494,5.403795472166101,8.04085263137517,3.919575098125923,20.51440545282337,-4.516560097218059,17.635574434749344,-3.615874953778013,7361.413785637668,5547.472290020178,13505.347148187631,0.0744425889525586,0.0276768635958433,1.636672501173251e-05,0.0244781870229405,-3.575122949429158e-05,0.0355494845813643,4.839885394560155e-05,0.0300179470095761,-7.377361535258061e-06,0.0461082345529702,0.02548323944211,0.0276986490935087,,,,,,,,,,,,,,,,,,,20h_denoised_engine_features.csv
,healthy,,,,,,,,,,,,,,,,,,,,,,,,,,,,,,,,,,,,,,,,,,,,,,0.00020733404924741768,21h_denoised_bispectrum.csv
,healthy,,,,,,,,,,,,,,,,,,,,,,,,,,,,,8.785584070687408,0.006962032421892303,0.08061790445437972,0.0,432.47012143218126,7.773544210087965,88.0,88.0,,,,,,,,,,,21h_denoised_bispectrum_features.csv
,healthy,-253.2039268344137,60.80028078722369,-0.7354723600449539,30.96812467847229,-21.886619914699548,23.428292764970205,4.216264137774506,7.877654640672321,3.1058352741052224,19.437428526341595,-5.9252662100967015,14.789055496288524,-3.2979060085386225,7018.594441030181,5552.311142823494,13225.996135394456,0.0653953308235607,0.0336605198681354,-6.567300246204533e-06,0.0260313352792546,1.3483223203596335e-05,0.0438286822869517,-0.0002095198890501,0.034479739374147,0.0001222498829841,0.0610346972632345,0.0315421372652053,0.0354375317692756,,,,,,,,,,,,,,,,,,,21h_denoised_engine_features.csv
,healthy,,,,,,,,,,,,,,,,,,,,,,,,,,,,,,,,,,,,,,,,,,,,,,3.0874019320025664e-05,22h_denoised_bispectrum.csv
,healthy,,,,,,,,,,,,,,,,,,,,,,,,,,,,,69.10560824758463,0.00449279885735925,0.2818382467962929,0.0,5247.790047666871,6.313606440684851,0.0,1.0,,,,,,,,,,,22h_denoised_bispectrum_features.csv
,healthy,-270.26541112449985,52.85405463431328,3.40419062217316,23.432238375438303,-17.68438213313984,18.72009290574186,10.680150948576852,5.7735416854709065,9.08274242517451,16.99340481451197,-3.216569503753944,13.224685006487878,0.5514593025843079,6911.903113227606,5491.619412818518,12950.593017057568,0.0635942080890192,0.0385734811425209,-9.49696774842209e-06,0.0213602003709462,-2.413115391484799e-05,0.0348198699961457,-4.187991121986828e-05,0.0310125440276799,-0.0003941805684663,0.1809170713275248,0.0362006500363349,0.043680801987648,,,,,,,,,,,,,,,,,,,22h_denoised_engine_features.csv
,healthy,,,,,,,,,,,,,,,,,,,,,,,,,,,,,,,,,,,,,,,,,,,,,,0.005873105842209866,23h_denoised_bispectrum.csv
,healthy,,,,,,,,,,,,,,,,,,,,,,,,,,,,,79.6192366948002,0.012182990130615254,0.46303454660752735,0.0,14170.774417050452,6.6413774866110336,0.0,0.0,,,,,,,,,,,23h_denoised_bispectrum_features.csv
,healthy,-239.58982750954797,55.82016338671209,5.750434012076953,31.11718156190717,-16.568977847644582,25.691494186419558,6.662783601676563,7.7040757296137565,7.80205997857606,16.90484290692019,-6.057676812303801,13.193365110170838,-2.946745161621788,7084.751567118662,5634.4709809049,13282.765858208955,0.0678284081823027,0.0520461648702621,1.0754992823825452e-05,0.0340766222891261,-9.06219178271541e-05,0.0445644331136143,9.028949096372673e-06,0.0305156570971571,0.0004303253691318,0.1556115714076064,0.0493075400590896,0.0593187101185321,,,,,,,,,,,,,,,,,,,23h_denoised_engine_features.csv
,healthy,,,,,,,,,,,,,,,,,,,,,,,,,,,,,,,,,,,,,,,,,,,,,,0.00010202555589633054,24h_denoised_bispectrum.csv
,healthy,,,,,,,,,,,,,,,,,,,,,,,,,,,,,1.466149258751388,0.002275662204781341,0.019827623918916043,0.0,26.308195728984227,8.029988218254358,1.0,87.0,,,,,,,,,,,24h_denoised_bispectrum_features.csv
,healthy,-271.0648914568145,53.21507028756183,2.4226770511218296,28.76320990535984,-19.56482451017782,27.08952005872448,4.1515083902532925,9.403898011033082,7.6272897620665265,18.12980050123266,-4.7776338662752345,14.969052626981744,-4.140336035341108,7536.729411451106,5604.930675896381,13758.06236673774,0.0730849796775053,0.02874013222754,-4.676188452800294e-06,0.0249566337381105,-2.1710216442890063e-05,0.034502382177431,3.625274104194601e-05,0.022069570996943,5.291259507421535e-05,0.0508984750326415,0.0269255209714174,0.0297776162624359,,,,,,,,,,,,,,,,,,,24h_denoised_engine_features.csv
,healthy,,,,,,,,,,,,,,,,,,,,,,,,,,,,,,,,,,,,,,,,,,,,,,0.0002279148332156045,25h_denoised_bispectrum.csv
,healthy,,,,,,,,,,,,,,,,,,,,,,,,,,,,,1.90414014519858,0.0036791456276225047,0.03027777137044669,0.0,61.44403411091328,7.916676028261926,1.0,67.0,,,,,,,,,,,25h_denoised_bispectrum_features.csv
,healthy,-267.5242731458021,54.8721646309053,-1.3317632040249792,31.275967476752815,-22.73385723908394,23.96871435398912,5.4091919590511175,7.2706698552201745,4.987956178136583,19.079149451171084,-6.422410584529339,14.689786733779078,-2.2396125027568914,7221.025960270084,5455.414183592388,13248.734008528783,0.0708601246002132,0.0307988207787275,1.6502763212728567e-06,0.0261552937858679,-2.1939759656408156e-05,0.0408204819313594,0.0001320661939571,0.0342005111631655,0.0002447584276125,0.0507990107438675,0.0284710265696048,0.0309781264513731,,,,,,,,,,,,,,,,,,,25h_denoised_engine_features.csv
,healthy,,,,,,,,,,,,,,,,,,,,,,,,,,,,,,,,,,,,,,,,,,,,,,0.0001098782131385204,26h_denoised_bispectrum.csv
,healthy,,,,,,,,,,,,,,,,,,,,,,,,,,,,,3.860181041427264,0.005359594433294373,0.05487819616712374,0.0,200.81152676676848,7.722755658758291,1.0,87.0,,,,,,,,,,,26h_denoised_bispectrum_features.csv
,healthy,-260.241872225512,57.49315721571016,-1.904055051898836,28.48587348606131,-24.43523032433883,23.450602955904507,3.966755674384723,9.120476236114389,5.050910840263465,19.150971984946548,-6.873928752889795,14.509696110022784,-2.366772905599312,7184.69580737431,5473.082138896789,13224.097148187631,0.0760354894056503,0.0327712073922157,-5.08582195843646e-06,0.0281866884242544,-0.0001213238331322,0.0435224363731222,-2.539894256392026e-05,0.0323021505829418,0.0003160424539139,0.0551839779398347,0.030405631288886,0.033788114786148,,,,,,,,,,,,,,,,,,,26h_denoised_engine_features.csv
,healthy,,,,,,,,,,,,,,,,,,,,,,,,,,,,,,,,,,,,,,,,,,,,,,0.004541104929197399,27h_denoised_bispectrum.csv
,healthy,,,,,,,,,,,,,,,,,,,,,,,,,,,,,471.4462630626485,0.03579121226119893,2.692570099220056,0.0,478935.48302863,4.21992187320366,1.0,1.0,,,,,,,,,,,27h_denoised_bispectrum_features.csv
,healthy,-231.06056428836783,59.746030732410816,-0.6478294593469357,31.807526388510148,-21.28268737468833,21.942341011869757,6.097656865953285,8.127561510342018,4.945368900091696,17.25959685209688,-6.14502000738336,13.155557242957071,-1.327498105268816,6687.346657305725,5341.687613807955,12534.764792110876,0.0669091068097015,0.0531376674771308,6.5702452493424846e-06,0.0266170874747647,1.965790306425485e-05,0.0482785968285364,-0.0005585284933314,0.0510098984106501,0.0002297612654717,0.1836019437826069,0.0502192676067352,0.0594953335821628,,,,,,,,,,,,,,,,,,,27h_denoised_engine_features.csv
,healthy,,,,,,,,,,,,,,,,,,,,,,,,,,,,,,,,,,,,,,,,,,,,,,0.0008358782583535041,28h_denoised_bispectrum.csv
,healthy,,,,,,,,,,,,,,,,,,,,,,,,,,,,,4.427642236627607,0.008212518102789612,0.0678429277692531,0.0,308.4559832317136,7.969607460896595,1.0,66.0,,,,,,,,,,,28h_denoised_bispectrum_features.csv
,healthy,-243.34771840494915,52.48441649236915,-11.037660273432175,29.882763802707025,-22.868006734121337,20.41032856752041,3.7479254303418794,8.073145126044086,5.894234904231877,20.347059883932364,-3.880993136187032,12.25504873452253,-3.185962635003256,6890.946466411725,5294.769235221938,12720.465751599148,0.076631005130597,0.0402588583528995,-5.094938861191777e-06,0.0245093388211364,2.578792150887843e-05,0.0484810931159858,0.0002650303276458,0.0579032506412432,0.0001505445666731,0.0945044646154357,0.0374059379100799,0.0428245440125465,,,,,,,,,,,,,,,,,,,28h_denoised_engine_features.csv
,healthy,,,,,,,,,,,,,,,,,,,,,,,,,,,,,,,,,,,,,,,,,,,,,,0.0014587374409736117,29h_denoised_bispectrum.csv
,healthy,,,,,,,,,,,,,,,,,,,,,,,,,,,,,98.16815166724578,0.011933994168012108,0.47881981486710806,0.0,15152.356262458463,6.15353658006487,1.0,1.0,,,,,,,,,,,29h_denoised_bispectrum_features.csv
,healthy,-252.358474432292,53.08264918749291,-7.602066765306199,26.897193430767597,-14.300413080303535,20.12731093960933,6.6990131363189125,8.195437636117777,7.026688850269493,20.250170258137203,0.1566405281718028,10.836388687385426,-2.912645112473155,6630.27267833097,5305.460570510598,12388.79264392324,0.07502873467484,0.0454712696373462,1.1866179187814527e-05,0.0225491315269877,-9.26824316486038e-05,0.039359737085596,0.0007930807898697,0.0465075269008484,0.0001545984983115,0.1697655455945013,0.0430904738605022,0.0524194836616516,,,,,,,,,,,,,,,,,,,29h_denoised_engine_features.csv
,healthy,,,,,,,,,,,,,,,,,,,,,,,,,,,,,,,,,,,,,,,,,,,,,,0.0010726210799051011,30h_denoised_bispectrum.csv
,healthy,,,,,,,,,,,,,,,,,,,,,,,,,,,,,5.140446953080458,0.006919897104614615,0.062432497738578355,0.0,260.60965487359994,7.937900406120638,1.0,65.0,,,,,,,,,,,30h_denoised_bispectrum_features.csv
,healthy,-241.55188991672696,55.83454141918893,-6.411824105932011,26.68739462989063,-23.229267868908124,19.544357918734047,5.190120016977263,9.753237854044514,2.8471066980876705,19.49159798692965,-5.677202967400729,11.697861023783126,-2.3294869315233706,7175.882127369381,5473.468555821513,13127.398720682302,0.0703905833555437,0.0367683880031108,1.3802473853988136e-05,0.0299363501170009,-9.061947055064364e-06,0.0464241896934184,-0.0006823644153764,0.0518838815907679,0.0001389126834781,0.0584146089799131,0.0336688943207263,0.0366444550454616,,,,,,,,,,,,,,,,,,,30h_denoised_engine_features.csv
,healthy,,,,,,,,,,,,,,,,,,,,,,,,,,,,,,,,,,,,,,,,,,,,,,0.0010645025268189335,31h_denoised_bispectrum.csv
,healthy,,,,,,,,,,,,,,,,,,,,,,,,,,,,,7.980619007150384,0.005543343843764398,0.06799415954677412,0.0,307.3877127524753,7.687130573927797,1.0,65.0,,,,,,,,,,,31h_denoised_bispectrum_features.csv
,healthy,-252.90684056588748,57.68463646244268,-1.105045283832086,26.77692604177105,-18.773716971887342,19.812053873904247,8.577887990254432,8.817128344239332,7.932975199938081,18.434628880697478,-3.825983434840331,10.52473759636505,-0.6537560218394627,6834.2124136364655,5485.60947174856,12842.950426439233,0.0644104394323027,0.0394276604056358,1.3599314706322037e-06,0.0249110856283404,9.171259987683263e-05,0.0421027732562448,0.0002766102583614,0.0456972227187826,0.0012175718190853,0.1205967313599868,0.0366877168416976,0.0425871424376964,,,,,,,,,,,,,,,,,,,31h_denoised_engine_features.csv
,healthy,,,,,,,,,,,,,,,,,,,,,,,,,,,,,,,,,,,,,,,,,,,,,,0.000914045833099573,32h_denoised_bispectrum.csv
,healthy,,,,,,,,,,,,,,,,,,,,,,,,,,,,,10.836129580945627,0.004359601113143085,0.06291254255600856,0.0,262.6764854725059,7.645864007676349,1.0,1.0,,,,,,,,,,,32h_denoised_bispectrum_features.csv
,healthy,-258.224923981699,61.30297743894741,-2.937351574557726,26.019284213175997,-23.386538513694045,23.73534999160937,3.899002744841552,10.30868984140702,6.4937143596285125,19.68532504293516,-5.994109129734801,13.848086899012127,-2.794284313754193,7019.9142316393445,5540.265113090519,13149.237073560767,0.0685415694962686,0.0298358909785747,1.2205891516920316e-05,0.0226073652432071,7.398726673061648e-05,0.0364036670699466,-2.0644884806513523e-05,0.0341413313621796,0.0001705076614013,0.0572885816706134,0.0280378889292478,0.0319000594317913,,,,,,,,,,,,,,,,,,,32h_denoised_engine_features.csv
,healthy,,,,,,,,,,,,,,,,,,,,,,,,,,,,,,,,,,,,,,,,,,,,,,0.00024935848398023515,33h_denoised_bispectrum.csv
,healthy,,,,,,,,,,,,,,,,,,,,,,,,,,,,,68.17243753102252,0.020876979263443448,0.34329770418257693,0.0,7812.880858308877,7.698760815081976,0.0,0.0,,,,,,,,,,,33h_denoised_bispectrum_features.csv
,healthy,-208.118445981475,55.88155078275645,-4.048755363779873,29.31545491832823,-20.83022787252887,21.10677378343452,7.141298200367552,9.86411174359707,6.353424512430628,19.20781667254199,-4.297299256462651,10.17148940363142,-2.566102270187528,6967.682663604732,5435.846999173292,12970.932169509597,0.0800094116471215,0.0584602430462837,-2.2435661179367606e-06,0.0307778229127295,9.930588505905047e-05,0.0925333493970681,0.0006803068928005,0.0755483881231577,0.0004532920888772,0.1316542443441095,0.0548588559031486,0.0642441064119339,,,,,,,,,,,,,,,,,,,33h_denoised_engine_features.csv
,healthy,,,,,,,,,,,,,,,,,,,,,,,,,,,,,,,,,,,,,,,,,,,,,,0.02046791526405217,34h_denoised_bispectrum.csv
,healthy,,,,,,,,,,,,,,,,,,,,,,,,,,,,,10.294020821252216,0.013470165742320073,0.1131686088084828,0.0,857.882679784871,8.127080383628238,1.0,1.0,,,,,,,,,,,34h_denoised_bispectrum_features.csv
,healthy,-160.0363324066424,72.46520513027357,-9.106786352092096,33.37337296027383,-23.19923051321237,28.445499225826577,4.855761042582962,3.0980658788063917,-1.739924740711725,16.796689815023704,-8.992015131162754,19.49685446279505,-0.7595043101659791,6413.059747134312,5330.9500959409925,12237.07356076759,0.0785237456689765,0.064728744328022,3.04349747952386e-06,0.0245739907377345,5.66406850251578e-05,0.0619722213680739,-0.0002159185651827,0.0464484699324673,-0.000465316195204,0.15369784620766,0.06337870657444,0.0757224112749099,,,,,,,,,,,,,,,,,,,34h_denoised_engine_features.csv
,healthy,,,,,,,,,,,,,,,,,,,,,,,,,,,,,,,,,,,,,,,,,,,,,,0.0058234830453542,35h_denoised_bispectrum.csv
,healthy,,,,,,,,,,,,,,,,,,,,,,,,,,,,,2.6169630860989166,0.007280761186831575,0.051472079808255015,0.0,178.48979273398416,8.250937465091777,1.0,171.0,,,,,,,,,,,35h_denoised_bispectrum_features.csv
,healthy,-171.3281024285827,75.78540621418881,-6.744979974657621,30.22702297506642,-22.561146705375805,28.74015660533093,2.1962439533575,3.1022570256981714,-1.2804878311013237,14.2004000865318,-9.603171210055402,18.304242815504335,-0.8263831986387531,6550.683054229562,5477.376715733,12661.39725479744,0.0813035131263326,0.0500175543129444,8.32598512018889e-06,0.0221855196371823,0.000199483755712,0.0478800003450645,-5.0958472409954175e-05,0.0272096606363372,0.0009891495253504,0.115880370989884,0.0490426793694496,0.058581169694662,,,,,,,,,,,,,,,,,,,35h_denoised_engine_features.csv
,healthy,,,,,,,,,,,,,,,,,,,,,,,,,,,,,,,,,,,,,,,,,,,,,,0.0028059398513308855,36h_denoised_bispectrum.csv
,healthy,,,,,,,,,,,,,,,,,,,,,,,,,,,,,6.738422658206548,0.012725460066002796,0.09797967854005048,0.0,644.7673486686965,8.177457670468534,1.0,76.0,,,,,,,,,,,36h_denoised_bispectrum_features.csv
,healthy,-155.22046308163632,72.14886767164857,-6.227606865145698,31.42418347610912,-22.76325088918901,28.04042935144354,4.77428444040543,2.830948723047616,-1.1188077360657354,15.034831908032068,-9.060870783120016,19.22699275461804,-2.017561435036078,6657.542084594723,5476.881800930033,12807.919109808105,0.0825611757062899,0.059373565018177,-2.8866141795294954e-06,0.0242895357433417,0.0001436564245563,0.0585253209024589,0.0001932688264828,0.0381393547575346,0.0009730644049931,0.1354174851428581,0.0581408515572547,0.0690918862819671,,,,,,,,,,,,,,,,,,,36h_denoised_engine_features.csv
,healthy,,,,,,,,,,,,,,,,,,,,,,,,,,,,,,,,,,,,,,,,,,,,,,0.07769542729794467,37h_denoised_bispectrum.csv
,healthy,,,,,,,,,,,,,,,,,,,,,,,,,,,,,44.27833737308652,0.014461686382386452,0.23169048380653384,0.0,3559.35555494118,7.822869774746834,1.0,1.0,,,,,,,,,,,37h_denoised_bispectrum_features.csv
,healthy,-158.07870900920562,71.73541406837617,-2.7777372908181395,25.853740184611727,-19.53303760902035,26.57184461580279,6.928244450421107,2.4517477733752844,0.2148550410946255,14.834487695059156,-6.688576343571152,19.59678354470179,0.5067809184848497,6711.897065105472,5695.300354389628,13214.80210554371,0.0695858042377398,0.0648023560643196,2.871808402792717e-05,0.0293347055388395,-0.0001223442410949,0.0556088087596313,2.076201584636626e-05,0.035446422395591,0.0021670014366328,0.1602500338685764,0.0633681118488311,0.0764250680804252,,,,,,,,,,,,,,,,,,,37h_denoised_engine_features.csv
,healthy,,,,,,,,,,,,,,,,,,,,,,,,,,,,,,,,,,,,,,,,,,,,,,0.020833855906311472,38h_denoised_bispectrum.csv
,healthy,,,,,,,,,,,,,,,,,,,,,,,,,,,,,29.54349730171629,0.015402802941457452,0.2306544032535945,0.0,3529.572701499718,7.735687366197817,1.0,1.0,,,,,,,,,,,38h_denoised_bispectrum_features.csv
,healthy,-149.9616109689629,75.1936647948825,0.1642957483860796,29.290181590706435,-18.669856955798465,29.42493299317877,8.918471659984851,2.418036726532187,1.1013698619149084,15.073874606598146,-4.08337761080273,17.96675334695329,0.2569121716739178,6302.002103013775,5613.270266398245,12727.362073560767,0.06201171875,0.0791057273745536,-2.6995540157593192e-05,0.0238736517678663,-5.156562781128445e-05,0.0594211848908983,-0.0001417554065351,0.0373284696174214,0.0015183951777329,0.2166022503540167,0.077659361064434,0.0963952913880348,,,,,,,,,,,,,,,,,,,38h_denoised_engine_features.csv
,healthy,,,,,,,,,,,,,,,,,,,,,,,,,,,,,,,,,,,,,,,,,,,,,,0.023101616319219663,39h_denoised_bispectrum.csv
,healthy,,,,,,,,,,,,,,,,,,,,,,,,,,,,,16.377683447370135,0.013857780790162314,0.11567925329229448,0.0,896.531142884411,8.224566466764676,1.0,1.0,,,,,,,,,,,39h_denoised_bispectrum_features.csv
,healthy,-143.70726864715814,75.98740294843344,-2.5699597451036142,30.41181780367533,-22.592154053251097,29.149816717771863,5.3652840085741405,1.9824238697826768,-1.190265795454822,13.979847824847653,-4.849263709252576,18.76040480757907,-1.5557645687515351,6426.201441969429,5528.781109886281,12659.298374200427,0.0690183985207889,0.0720973387360572,2.918180436277421e-05,0.0237113533705977,1.6689970158052424e-05,0.0675177331707055,-0.0002770573987895,0.0398323954550621,0.0016213770952275,0.1727326399611797,0.0707671418786048,0.0854889452457428,,,,,,,,,,,,,,,,,,,39h_denoised_engine_features.csv
,healthy,,,,,,,,,,,,,,,,,,,,,,,,,,,,,,,,,,,,,,,,,,,,,,0.042022579134407344,40h_denoised_bispectrum.csv
,healthy,,,,,,,,,,,,,,,,,,,,,,,,,,,,,9.350937740678086,0.022942235107211783,0.17900478202575723,0.0,2151.1537210758775,8.09254635622191,1.0,77.0,,,,,,,,,,,40h_denoised_bispectrum_features.csv
,healthy,-133.8202136818046,73.46929420853557,-3.8499667144054825,26.616899966324247,-22.98116210398992,27.745180785755668,4.164355054777018,0.7080072973319201,-0.2001569025532374,12.967753000859178,-4.010337320126516,20.233813818399305,-0.9159224191545304,6636.958696175114,5599.687255220607,12987.82316098081,0.0732151186034115,0.0768021717667579,8.581500619291729e-05,0.0265443571434441,-7.416242690580678e-05,0.0779149239167734,0.0001071451791361,0.0433620274031452,0.0019224464252951,0.1773508028539253,0.0751004070043563,0.0898797139525413,,,,,,,,,,,,,,,,,,,40h_denoised_engine_features.csv
,healthy,,,,,,,,,,,,,,,,,,,,,,,,,,,,,,,,,,,,,,,,,,,,,,0.0346706362073283,41h_denoised_bispectrum.csv
,healthy,,,,,,,,,,,,,,,,,,,,,,,,,,,,,147.52600156405984,0.037937641662667936,0.665243054858998,0.0,29324.93611348972,7.825980029735976,0.0,1.0,,,,,,,,,,,41h_denoised_bispectrum_features.csv
,healthy,-114.15608939094808,75.99088474942867,-5.5804976645813,24.85474876274355,-22.54515172243602,26.311509627427785,3.507672468796073,0.2809517747578536,0.4028510976770125,10.852712132748636,-4.853081575244297,18.151998628176035,0.1903392557050808,6407.97884118854,5525.758500808122,12780.58368869936,0.0735274520255863,0.0939020216464996,4.2840613175353e-05,0.0258753587268199,-8.20195380042116e-05,0.0914630933407274,0.0003292918620545,0.0534006974972945,0.00201835369654,0.2478316619983958,0.0917935892939567,0.111057810485363,,,,,,,,,,,,,,,,,,,41h_denoised_engine_features.csv
,healthy,,,,,,,,,,,,,,,,,,,,,,,,,,,,,,,,,,,,,,,,,,,,,,0.003939334110286438,42h_denoised_bispectrum.csv
,healthy,,,,,,,,,,,,,,,,,,,,,,,,,,,,,2.372636932704045,0.0057522192928149965,0.03445924216242163,0.0,80.61461405773214,8.417538036964691,1.0,1.0,,,,,,,,,,,42h_denoised_bispectrum_features.csv
,healthy,-192.91752045549256,81.11824195773995,-7.9840984984442365,22.06162697216461,-14.054735483960336,25.385179509110674,2.4315571729646472,3.3568920992611515,-0.8758504844764725,9.264039483148713,-8.112372421250726,17.041790984983777,1.4472960393410357,6264.175978465037,5539.21338144774,12508.72867803838,0.0679606293310234,0.042494211345911,4.687895092302572e-06,0.0194207952216533,-0.0001522319487344,0.0392351370865984,5.72834858987261e-05,0.0245085909641413,-0.0003696629123913,0.1012302394078101,0.0415766164660453,0.049389012157917,,,,,,,,,,,,,,,,,,,42h_denoised_engine_features.csv
,healthy,,,,,,,,,,,,,,,,,,,,,,,,,,,,,,,,,,,,,,,,,,,,,,0.0060202283370632895,43h_denoised_bispectrum.csv
,healthy,,,,,,,,,,,,,,,,,,,,,,,,,,,,,101.05546602442531,0.013552457438074771,0.5012728242803904,0.0,16608.55693622667,6.7432375849289725,2.0,2.0,,,,,,,,,,,43h_denoised_bispectrum_features.csv
,healthy,-173.241396967095,86.32950155784154,-6.242769358741495,22.59712722577447,-12.748179886938496,27.216131369414786,5.021483584063849,3.2168069202217184,-1.8079001247005508,8.544596923600505,-7.247708675202452,16.605239142869557,0.2885748298597832,6034.237892418048,5524.242390066439,12308.085687633262,0.0630705290511727,0.0559771358966827,-1.4580947584220043e-05,0.0201238000215585,-0.0001063044865452,0.0451036056689989,-2.6604154780524845e-05,0.0288045061911811,0.0008511580077207,0.1524670853600611,0.0548757836222648,0.0667551457881927,,,,,,,,,,,,,,,,,,,43h_denoised_engine_features.csv
,healthy,,,,,,,,,,,,,,,,,,,,,,,,,,,,,,,,,,,,,,,,,,,,,,0.00502402445218743,44h_denoised_bispectrum.csv
,healthy,,,,,,,,,,,,,,,,,,,,,,,,,,,,,1.528794539026315,0.005106895982625645,0.024408888846608152,0.0,41.07417176385023,8.68872039748731,1.0,1.0,,,,,,,,,,,44h_denoised_bispectrum_features.csv
,healthy,-182.61088645201065,79.09475523270254,-4.5026419614384325,24.03487019379631,-15.41882175408962,25.341297498656036,2.745419585958807,1.4952064407059007,-2.5590533651181366,10.433702702885991,-6.820029836526029,16.875639486953183,-0.6941380564862348,6520.340003560683,5596.4696244000415,12892.923773987206,0.0671152468683368,0.0438830181956291,1.827939243974741e-05,0.0216181369432696,7.060938090133212e-05,0.0414363270558085,1.0065636266809048e-05,0.028218260709243,0.0007431686734002,0.098917008150286,0.0426449887454509,0.0498115122318267,,,,,,,,,,,,,,,,,,,44h_denoised_engine_features.csv
,healthy,,,,,,,,,,,,,,,,,,,,,,,,,,,,,,,,,,,,,,,,,,,,,,0.013898725429790128,45h_denoised_bispectrum.csv
,healthy,,,,,,,,,,,,,,,,,,,,,,,,,,,,,12.950508871624775,0.015503923198723225,0.12402123561749706,0.0,1031.793602517827,8.32245262502545,0.0,0.0,,,,,,,,,,,45h_denoised_bispectrum_features.csv
,healthy,-153.82508320564753,73.23768109893778,-0.7391567477521701,25.3476052133437,-16.624231938240875,25.296850046741472,6.608368390982572,1.1226348426534456,-0.244888211628743,12.01525846052865,-4.191037381521428,19.40801800539158,-0.0817429867644131,6658.206323191122,5631.870720797025,13122.051572494667,0.0643021638459488,0.0717509910464286,5.935200678023792e-05,0.0283098946635724,-0.0001598544354218,0.0653605078379646,-0.0003090418362291,0.0403804599072048,0.001888032276986,0.191962908515768,0.0697468593716621,0.0841338187456131,,,,,,,,,,,,,,,,,,,45h_denoised_engine_features.csv
,healthy,,,,,,,,,,,,,,,,,,,,,,,,,,,,,,,,,,,,,,,,,,,,,,0.027659242406541863,46h_denoised_bispectrum.csv
,healthy,,,,,,,,,,,,,,,,,,,,,,,,,,,,,41.07880281898748,0.01684993217776279,0.20617703034274423,0.0,2826.4274631676867,8.136796306382024,0.0,1.0,,,,,,,,,,,46h_denoised_bispectrum_features.csv
,healthy,-147.36689060799205,76.18928197645346,-0.8349584693965,24.6275332659355,-13.57346141137448,24.609107319324885,6.596260944958384,0.1685838334472825,0.9029572960801062,10.24152773344082,-5.359913662076206,17.413244180148123,-0.1521143050307576,6440.974371591216,5584.244703977773,12789.528917910447,0.0651621218683368,0.0755861178040504,1.5942780839516974e-05,0.0264599256345261,-4.6124421013346846e-05,0.0658009034821946,0.0001998462441782,0.0418023446375705,0.0021322844553018,0.2433376437699349,0.0737172216176986,0.0889301672577858,,,,,,,,,,,,,,,,,,,46h_denoised_engine_features.csv
,healthy,,,,,,,,,,,,,,,,,,,,,,,,,,,,,,,,,,,,,,,,,,,,,,0.020057562615355528,47h_denoised_bispectrum.csv
,healthy,,,,,,,,,,,,,,,,,,,,,,,,,,,,,309.14559182844687,0.04229088138909999,1.6015440908248544,0.0,169530.0814389904,6.500031151434387,0.0,1.0,,,,,,,,,,,47h_denoised_bispectrum_features.csv
,healthy,-77.12355307308596,110.8639235504518,-23.08695719161414,34.81311965231124,-17.833938507857297,24.629498340261776,1.8136214521344052,8.076802706771863,-1.0001506190738838,17.584906659702863,-9.3768650934292,14.590652271679794,-1.617138396606825,4355.199274388388,4706.009379814534,9082.705890191895,0.057508911913646,0.1610936373472213,-3.2180821881399027e-06,0.0080849907467655,8.43884455982858e-05,0.0725118520472948,0.0003451275408158,0.0847626948855661,-0.0014729282274829,0.4590576993193308,0.1598910838365554,0.2049854844808578,,,,,,,,,,,,,,,,,,,47h_denoised_engine_features.csv
,healthy,,,,,,,,,,,,,,,,,,,,,,,,,,,,,,,,,,,,,,,,,,,,,,0.00187980211070425,48h_denoised_bispectrum.csv
,healthy,,,,,,,,,,,,,,,,,,,,,,,,,,,,,479.97557274385093,0.05059768876882263,2.3734402497518854,0.0,372237.55034508574,5.9338031641979665,1.0,1.0,,,,,,,,,,,48h_denoised_bispectrum_features.csv
,healthy,-87.89545234963093,113.57717369443613,-23.01942978137373,33.49321264614003,-17.665507755153584,23.690570733179307,3.3641584805846825,7.289544156623387,-0.6598566342661408,17.738557116143213,-7.475582521941062,15.596911696842994,0.3295255628397212,4238.011895198151,4650.209480661675,8787.06356609808,0.0548582422707889,0.1467736810445785,2.907590602390602e-06,0.0067248789423946,-0.0004608281269381,0.0671699125300771,0.0001709732673916,0.0821455984993176,0.0035207015044592,0.4154555303771985,0.1454842686653137,0.1855068206787109,,,,,,,,,,,,,,,,,,,48h_denoised_engine_features.csv
,healthy,,,,,,,,,,,,,,,,,,,,,,,,,,,,,,,,,,,,,,,,,,,,,,0.0017879418947030644,49h_denoised_bispectrum.csv
,healthy,,,,,,,,,,,,,,,,,,,,,,,,,,,,,26.763786049338982,0.02125184397057852,0.2277542925951836,0.0,3455.925331341748,7.687744856979296,1.0,1.0,,,,,,,,,,,49h_denoised_bispectrum_features.csv
,healthy,-95.84975384555048,106.1295832135262,-29.801844248880183,37.20202030950338,-20.43558718976892,21.55049916832318,0.7327246653423453,8.71181605145043,-4.003900511052707,20.049733399556843,-11.117423826307752,14.532208635319217,-0.7967675933570185,4665.612259070264,4641.758874785482,9211.137393390192,0.0735597264792111,0.1050850674510002,-1.1050847502414196e-05,0.0054338794271619,-7.488196807778474e-05,0.0677860150560773,-0.0010354350283643,0.0922552710311705,0.0013104118912,0.2710917152907735,0.1042171642184257,0.1298187375068664,,,,,,,,,,,,,,,,,,,49h_denoised_engine_features.csv
,healthy,,,,,,,,,,,,,,,,,,,,,,,,,,,,,,,,,,,,,,,,,,,,,,0.0010665856679995314,50h_denoised_bispectrum.csv
,healthy,,,,,,,,,,,,,,,,,,,,,,,,,,,,,62.75759249153811,0.026065329806605995,0.4036660735226075,0.0,10807.313881167924,7.360255408415413,1.0,1.0,,,,,,,,,,,50h_denoised_bispectrum_features.csv
,healthy,-98.33743567489924,106.89596976882542,-24.923008725546477,34.13509059399144,-12.111480419576758,22.54016336421221,0.3113534580421448,8.078819379710815,1.0289145082320248,16.315555853402955,-10.185879797957815,10.520212411393846,1.4369384682065076,4528.707040854493,4722.357691776851,9267.65724946695,0.0625832889125799,0.1174650713801384,3.273502918509213e-06,0.0071556033575984,5.356615980655524e-06,0.0613948719803881,-0.0008129078011104,0.081610589241905,0.0018090923801354,0.3305595853749036,0.1163826361298561,0.1472961753606796,,,,,,,,,,,,,,,,,,,50h_denoised_engine_features.csv
,healthy,,,,,,,,,,,,,,,,,,,,,,,,,,,,,,,,,,,,,,,,,,,,,,0.005009989629097446,51h_denoised_bispectrum.csv
,healthy,,,,,,,,,,,,,,,,,,,,,,,,,,,,,36.10643856714174,0.036657106621319005,0.3347922194794166,0.0,7491.909912637643,7.857856589232681,0.0,1.0,,,,,,,,,,,51h_denoised_bispectrum_features.csv
,healthy,-75.56677543919201,114.49521610490396,-27.56085853134483,32.89327278170866,-16.54081089358629,22.83617388760747,-5.018649346108633,6.92771663206197,-2.388331503954616,14.847053445888506,-11.339145901817815,10.878797513653186,-2.142797838615151,4398.821502822054,4602.706489330205,8981.309968017058,0.0674359091817697,0.1284001022577285,6.583186963925891e-06,0.0070918290388935,0.0002227647592977,0.0715520106246252,-0.0008476873336844,0.0889303399638695,0.0025715911259201,0.3447709731000375,0.12755186855793,0.1592423617839813,,,,,,,,,,,,,,,,,,,51h_denoised_engine_features.csv
,healthy,,,,,,,,,,,,,,,,,,,,,,,,,,,,,,,,,,,,,,,,,,,,,,0.004555020067012299,52h_denoised_bispectrum.csv
,healthy,,,,,,,,,,,,,,,,,,,,,,,,,,,,,72.35197327442678,0.0476012495430958,0.5251019727986034,0.0,18361.487312552214,7.734094169373782,1.0,1.0,,,,,,,,,,,52h_denoised_bispectrum_features.csv
,healthy,-62.70494611704387,115.38689419648686,-30.622126281735287,31.213046247358967,-17.645164692942135,25.75981392907072,-5.919897829353266,9.545538374211173,-0.4747580095560582,15.822452443041009,-12.071373401991842,12.01783702481171,-2.0163228855288886,4371.261124131199,4560.217940259777,8952.525319829425,0.0686675439765458,0.1439463049173355,1.5872720121197532e-05,0.007340837316615,0.0001482408818981,0.07789694095834,0.0003528977028862,0.0955287216739757,0.0010593641319155,0.3857395084113245,0.143176719546318,0.1788852214813232,,,,,,,,,,,,,,,,,,,52h_denoised_engine_features.csv
,healthy,,,,,,,,,,,,,,,,,,,,,,,,,,,,,,,,,,,,,,,,,,,,,,0.002085481003646597,53h_denoised_bispectrum.csv
,healthy,,,,,,,,,,,,,,,,,,,,,,,,,,,,,47.527948338507066,0.020608599248830444,0.24455861759872427,0.0,3978.3711470751,7.929057206741059,0.0,1.0,,,,,,,,,,,53h_denoised_bispectrum_features.csv
,healthy,-86.71513289681653,112.4038371211094,-28.744361330080032,31.749103305963786,-20.03544703681073,24.678661895295782,-6.832573032795716,10.23272098387254,0.8135461836007014,16.68294661590152,-11.86226348750844,13.08476270618733,0.0921672878416426,4491.965941097821,4640.038154812246,9255.763592750533,0.0649518173640724,0.1176050081849098,-8.806297931553072e-06,0.0058993248997669,0.0001143263715453,0.0663650749018244,6.746818294654693e-05,0.0741835088761983,0.0021624943141056,0.3143975210411632,0.1166708245873451,0.1468318104743957,,,,,,,,,,,,,,,,,,,53h_denoised_engine_features.csv
,healthy,,,,,,,,,,,,,,,,,,,,,,,,,,,,,,,,,,,,,,,,,,,,,,0.0017042633669693624,54h_denoised_bispectrum.csv
,healthy,,,,,,,,,,,,,,,,,,,,,,,,,,,,,25.85023028415896,0.02565605070246775,0.225692701469286,0.0,3407.8264526472935,7.969932966392937,0.0,0.0,,,,,,,,,,,54h_denoised_bispectrum_features.csv
,healthy,-85.13645629258356,108.87408023334773,-26.85759555171638,32.7802097752597,-20.47910664306421,26.351678501387696,-5.548544998664033,10.835329931636036,1.0648062212011649,16.72259971751915,-11.48532609182439,13.89499130689988,0.4859441822166175,4648.050075968187,4707.540771115528,9546.558502132197,0.065772213152985,0.1181180700659751,1.1782020991385852e-05,0.0068285235413858,-0.0001140560548622,0.072585566609217,-6.791324406890046e-05,0.075827013213921,0.0010295226739372,0.3137971482707958,0.1171703934669494,0.1465272158384323,,,,,,,,,,,,,,,,,,,54h_denoised_engine_features.csv
,healthy,,,,,,,,,,,,,,,,,,,,,,,,,,,,,,,,,,,,,,,,,,,,,,0.0181816129617608,55h_denoised_bispectrum.csv
,healthy,,,,,,,,,,,,,,,,,,,,,,,,,,,,,47.35748798337795,0.03220217406223367,0.3506450253512736,0.0,8189.343768760438,8.056177589948573,1.0,1.0,,,,,,,,,,,55h_denoised_bispectrum_features.csv
,healthy,-77.45740010630878,108.31852071047948,-25.95063536632835,30.505228307066645,-17.03571729390192,26.054945401980564,-4.38904781988742,10.607284865233837,0.9907553297715824,15.982588818921045,-10.158733348268754,13.62984850552522,0.0006948114026064,4711.186859954136,4803.571444144946,9771.138726012794,0.0661615888192963,0.125569999217987,4.100725382273244e-05,0.0141817666929825,2.6550646311796e-06,0.0743624461221018,3.975670962397946e-05,0.078351714231319,0.0025590332641535,0.3343586363322091,0.1247453689575195,0.1560509502887725,,,,,,,,,,,,,,,,,,,55h_denoised_engine_features.csv
,healthy,,,,,,,,,,,,,,,,,,,,,,,,,,,,,,,,,,,,,,,,,,,,,,0.04615207479941594,56h_denoised_bispectrum.csv
,healthy,,,,,,,,,,,,,,,,,,,,,,,,,,,,,29.737188433820688,0.030789800240035043,0.26722150688048507,0.0,4778.998217459071,8.19177430220643,1.0,1.0,,,,,,,,,,,56h_denoised_bispectrum_features.csv
,healthy,-77.90481784415462,108.039478300021,-23.278275143778853,30.330321997572035,-15.2362168415275,25.538659459222213,-4.5416385675064825,10.488487098488395,2.3222044675096303,14.75455874955395,-9.538617717702897,11.997669960602384,0.5357953073799423,4715.079326066437,4839.929300575623,9815.964818763328,0.0662021921641791,0.1226996779441833,1.0046948155918564e-05,0.0127731227256734,-6.686370543941522e-05,0.0726455214929176,-0.0012139208346848,0.0785537710060708,0.0023493613117054,0.3245709646196947,0.1219648271799087,0.1526528149843216,,,,,,,,,,,,,,,,,,,56h_denoised_engine_features.csv
,healthy,,,,,,,,,,,,,,,,,,,,,,,,,,,,,,,,,,,,,,,,,,,,,,0.005953769955564266,57h_denoised_bispectrum.csv
,healthy,,,,,,,,,,,,,,,,,,,,,,,,,,,,,231.54765891174944,0.022531468123296063,1.0726612587108695,0.0,76029.65401997532,6.6653107950886605,0.0,1.0,,,,,,,,,,,57h_denoised_bispectrum_features.csv
,healthy,-101.592134617056,104.8160556838966,-24.991032523829304,29.622002219131524,-17.159111937294025,22.64980759373849,-4.151111814882025,9.843443338514431,2.316581897143799,14.771933386015151,-9.20713642232018,11.35941771135792,1.519963951079448,4726.944647820842,4794.75875598895,9808.768656716418,0.0649882562633262,0.1036323904991149,-1.1283880029348568e-05,0.0097033617212094,0.000146918377663,0.0571248487425185,0.0005883444224253,0.0654453832970969,0.0013707730648045,0.2987924463296073,0.1026460826396942,0.1295806765556335,,,,,,,,,,,,,,,,,,,57h_denoised_engine_features.csv
,healthy,,,,,,,,,,,,,,,,,,,,,,,,,,,,,,,,,,,,,,,,,,,,,,0.01779506915192547,58h_denoised_bispectrum.csv
,healthy,,,,,,,,,,,,,,,,,,,,,,,,,,,,,16.450057757870837,0.028955575301616195,0.199224285386905,0.0,2676.882829432276,8.321822763561665,1.0,1.0,,,,,,,,,,,58h_denoised_bispectrum_features.csv
,healthy,-81.46349612522978,106.28585449440948,-24.947859287524768,27.449604647904,-18.729958537621584,23.64639649855137,-6.395690239986305,8.951701687246182,2.094789757853511,13.408276141334932,-11.272048918054898,11.776815080956736,0.4617687774307638,4840.927208566508,4871.900350376153,10019.556236673774,0.0688299573560767,0.1128388494253158,2.35215454244469e-05,0.0133869311362729,7.59063110940606e-05,0.0706933840350438,-0.0008580520628614,0.0733985112964937,0.0023610515330677,0.2957128161483393,0.1120373457670211,0.1397061794996261,,,,,,,,,,,,,,,,,,,58h_denoised_engine_features.csv
,healthy,,,,,,,,,,,,,,,,,,,,,,,,,,,,,,,,,,,,,,,,,,,,,,0.03810301862157241,59h_denoised_bispectrum.csv
,healthy,,,,,,,,,,,,,,,,,,,,,,,,,,,,,27.38367335588711,0.05097016637677153,0.3713176593613956,0.0,9278.217556269366,8.17898693800222,1.0,4.0,,,,,,,,,,,59h_denoised_bispectrum_features.csv
,healthy,-60.17115602430276,111.48336810319722,-24.89073316117572,28.339164204904836,-19.222695710723723,22.401143826039693,-7.722702510984442,6.999205131325951,-0.6306522918381327,12.181021694227406,-12.148790932820033,11.009740638099489,-1.1234516113123982,4638.504919766174,4801.380155149183,9682.985740938166,0.0663708522121535,0.1408451944589615,-6.795323161840179e-06,0.0139654288264744,-1.8140775574634743e-06,0.0807098819816518,-0.00054777275858,0.0919354263604754,0.0020352205290698,0.3735576667834686,0.1400791108608245,0.1749201565980911,,,,,,,,,,,,,,,,,,,59h_denoised_engine_features.csv
,healthy,,,,,,,,,,,,,,,,,,,,,,,,,,,,,,,,,,,,,,,,,,,,,,0.008549207321356974,60h_denoised_bispectrum.csv
,healthy,,,,,,,,,,,,,,,,,,,,,,,,,,,,,24.26156152864789,0.03902140833292669,0.3782706386996856,0.0,9551.434819070617,7.752434505809046,2.0,4.0,,,,,,,,,,,60h_denoised_bispectrum_features.csv
,healthy,-70.30829952024891,120.92251920189948,-25.259518916813796,26.639474736762047,-22.56952542767685,24.336332098836245,-8.28269178605596,9.87401755096649,-0.7779234096970431,11.916552373288072,-13.9429314079272,12.32512520915715,-1.56112702616531,4307.375652261627,4649.102413258062,9110.241204690832,0.0627467434035181,0.1350541114807129,-7.913975486266537e-06,0.0097296193502706,0.0004696587574208,0.0697061760978037,-0.0008672473175028,0.0725646891279527,0.0027454633190122,0.3651536708640819,0.134549930691719,0.1684203892946243,,,,,,,,,,,,,,,,,,,60h_denoised_engine_features.csv
,healthy,,,,,,,,,,,,,,,,,,,,,,,,,,,,,,,,,,,,,,,,,,,,,,0.03258303181733915,61h_denoised_bispectrum.csv
,healthy,,,,,,,,,,,,,,,,,,,,,,,,,,,,,27.21830109774021,0.04741988611901268,0.41162638648257216,0.0,11339.6177862386,7.952058910080491,1.0,11.0,,,,,,,,,,,61h_denoised_bispectrum_features.csv
,healthy,-57.01067235145708,117.82858937963762,-26.429169183479537,26.277495988370134,-23.992125640055097,25.004974603734546,-11.137515190916892,9.828028542050392,0.9181405776421412,13.983561482309542,-11.235858386572575,14.76970735294337,-1.1893257153956496,4438.073002028957,4682.667346748819,9315.58168976546,0.0650236540511727,0.1519750654697418,4.571015887355111e-06,0.010384282614151,-0.0001889026041793,0.0848896927643107,0.00010747277049,0.0789672905182437,-0.0002044492842575,0.4088088812762331,0.1513310074806213,0.1893827766180038,,,,,,,,,,,,,,,,,,,61h_denoised_engine_features.csv
,healthy,,,,,,,,,,,,,,,,,,,,,,,,,,,,,,,,,,,,,,,,,,,,,,0.026837890167988845,62h_denoised_bispectrum.csv
,healthy,,,,,,,,,,,,,,,,,,,,,,,,,,,,,144.30632104066115,0.05300273146234995,0.96268857629236,0.0,61397.73592541339,7.335232209040519,0.0,1.0,,,,,,,,,,,62h_denoised_bispectrum_features.csv
,healthy,-60.97599253440312,120.08852192988454,-23.02543433954951,28.962070297427907,-21.829519055014263,28.02422122604929,-9.16348143755934,11.197737131340482,0.8426205663987347,12.912627729295,-12.774548045425568,12.199595104233088,-3.8440388339377822,4353.009980033201,4684.305314085553,9273.35421108742,0.0612537896455223,0.1529508531093597,3.184554151918596e-05,0.0106690869265844,-7.848569678494122e-05,0.0813213459993101,-0.0006371963744121,0.0702511604411789,0.0006455776399719,0.4153530851680979,0.1523050516843795,0.1908666044473648,,,,,,,,,,,,,,,,,,,62h_denoised_engine_features.csv
,healthy,,,,,,,,,,,,,,,,,,,,,,,,,,,,,,,,,,,,,,,,,,,,,,0.0383191153160843,63h_denoised_bispectrum.csv
,healthy,,,,,,,,,,,,,,,,,,,,,,,,,,,,,324.8819022573548,0.04820336136931428,1.6583178841700223,0.0,181789.4215010404,7.037410296930863,0.0,1.0,,,,,,,,,,,63h_denoised_bispectrum_features.csv
,healthy,-66.43613097383499,115.11527531889482,-24.17894837233975,26.460943604329948,-19.69192041801889,28.50620344687844,-9.917113955858223,10.364701319207342,3.245786837506441,12.840984450834924,-11.15430622153197,12.895648529608362,-1.0300123560316388,4469.806134278592,4730.934543229007,9530.816897654584,0.0607040828224946,0.1485049426555633,-1.3776425044606706e-05,0.0109744977457855,0.000333365710691,0.0784882508972015,-0.0006860993863899,0.0648715264089209,0.0024522039242271,0.4150818641937552,0.1476796567440033,0.186508223414421,,,,,,,,,,,,,,,,,,,63h_denoised_engine_features.csv
,healthy,,,,,,,,,,,,,,,,,,,,,,,,,,,,,,,,,,,,,,,,,,,,,,0.023884364746366505,64h_denoised_bispectrum.csv
,healthy,,,,,,,,,,,,,,,,,,,,,,,,,,,,,41.34035938685562,0.03421225920377541,0.41095928791244635,0.0,11232.161832822929,7.579285371189218,1.0,1.0,,,,,,,,,,,64h_denoised_bispectrum_features.csv
,healthy,-74.34162559243612,119.66891878617471,-23.44728366958529,26.25219158365169,-21.660815365280666,25.880044536628727,-13.417956968515515,9.054657946234324,2.454661653722232,13.440974404862938,-11.609583937628198,12.652649443415209,-3.063709296092161,4328.412447356577,4698.148463222152,9308.535447761196,0.0582595532382729,0.1406896263360977,1.7614609091715915e-05,0.0092598156378863,-9.214068124937092e-05,0.0688000107741688,0.0002180483161797,0.0564933306494313,0.0033485542251754,0.3898129913306546,0.140168160200119,0.1772947460412979,,,,,,,,,,,,,,,,,,,64h_denoised_engine_features.csv
,healthy,,,,,,,,,,,,,,,,,,,,,,,,,,,,,,,,,,,,,,,,,,,,,,0.021062792380927942,65h_denoised_bispectrum.csv
,healthy,,,,,,,,,,,,,,,,,,,,,,,,,,,,,57.24664746413043,0.03135659056738511,0.638879372185742,0.0,27023.954160757097,6.816574866835446,1.0,5.0,,,,,,,,,,,65h_denoised_bispectrum_features.csv
,healthy,-83.91539270102307,128.22634066009556,-18.708011891897595,24.881372228498243,-24.246265542589576,23.92984196901142,-13.236850747652504,7.658169937862272,0.7336589841021658,11.7821154684112,-12.486300740367035,11.751515771326256,-4.092053328958418,4101.407011933495,4636.093642182585,8966.41791044776,0.0569009028518123,0.1296497881412506,-7.084190372980285e-06,0.0099603795223732,3.177773842111082e-05,0.0575923551787781,0.0004652946914003,0.047492914401353,-0.0001314034577368,0.3628942906706798,0.1292605996131897,0.1630337238311767,,,,,,,,,,,,,,,,,,,65h_denoised_engine_features.csv
,healthy,,,,,,,,,,,,,,,,,,,,,,,,,,,,,,,,,,,,,,,,,,,,,,0.031831613807604874,66h_denoised_bispectrum.csv
,healthy,,,,,,,,,,,,,,,,,,,,,,,,,,,,,20.41298136777252,0.01480901829247918,0.16449376970255059,0.0,1801.6520792444137,7.86664791886956,1.0,2.0,,,,,,,,,,,66h_denoised_bispectrum_features.csv
,healthy,-99.77020255758067,116.80958595215496,-18.70697892051804,26.969249857036715,-16.676859945217387,27.349786447404,-6.823176887976323,10.408434583349989,5.24940011449112,13.429980139137989,-10.428763567773686,11.876790433242888,-1.7904302374748018,4434.748054030588,4848.920274058877,9601.329291044776,0.0559472448027718,0.1101206317543983,1.1045278737096548e-05,0.0110578283821854,-5.209895814846648e-06,0.0534683622905431,0.0003805840246524,0.0462723154581909,0.0024743892435909,0.3039694058554107,0.1093243286013603,0.1385919600725174,,,,,,,,,,,,,,,,,,,66h_denoised_engine_features.csv
,healthy,,,,,,,,,,,,,,,,,,,,,,,,,,,,,,,,,,,,,,,,,,,,,,0.030498785417978423,67h_denoised_bispectrum.csv
,healthy,,,,,,,,,,,,,,,,,,,,,,,,,,,,,68.28184007736985,0.02261994697944342,0.4114492058067099,0.0,11215.259626818512,7.669676108673701,0.0,1.0,,,,,,,,,,,67h_denoised_bispectrum_features.csv
,healthy,-91.80308365929612,114.53270332102252,-21.14930101939488,27.211599946576587,-17.1734453368148,28.404664775148408,-7.327570942645122,11.1233294736457,4.295494784944192,12.546944042659646,-10.7268943369255,11.20860740785974,-0.6100508061420881,4435.782859121876,4785.039629566447,9550.256529850749,0.0546135810900852,0.1276217699050903,8.133536404613793e-06,0.0107407033482829,5.602976454996688e-05,0.0606109270552141,-0.0001394736853539,0.0532273318523492,0.0009500152718636,0.3636755253510162,0.1267717480659485,0.161608338356018,,,,,,,,,,,,,,,,,,,67h_denoised_engine_features.csv
,healthy,,,,,,,,,,,,,,,,,,,,,,,,,,,,,,,,,,,,,,,,,,,,,,0.0013585420781274263,68h_denoised_bispectrum.csv
,healthy,,,,,,,,,,,,,,,,,,,,,,,,,,,,,117.25554021723786,0.047291885293526,0.8002068820221342,0.0,42440.94585695938,7.322092066696282,0.0,1.0,,,,,,,,,,,68h_denoised_bispectrum_features.csv
,healthy,-95.25879836335984,69.82538175865395,-21.947477370528052,43.947088194573176,-32.3191700778284,48.29527793476156,-6.800462769075104,12.740459770622772,-0.5831557870444967,27.609343660426777,-2.6015319336008877,30.99085447922109,-0.0209564580812086,6312.312099653105,4957.899061566802,11841.484541577824,0.0772754530916844,0.1315060704946518,-7.61056940819255e-06,0.0033053183773323,0.0001889679183749,0.1268557387196457,0.0003101454621135,0.0619048874092068,-0.0011240300480037,0.330784600513697,0.1305646151304245,0.1611618399620056,,,,,,,,,,,,,,,,,,,68h_denoised_engine_features.csv
,healthy,,,,,,,,,,,,,,,,,,,,,,,,,,,,,,,,,,,,,,,,,,,,,,0.001482169784947861,69h_denoised_bispectrum.csv
,healthy,,,,,,,,,,,,,,,,,,,,,,,,,,,,,53.04527262699874,0.05547971390939514,0.7190844071329797,0.0,34356.07315243762,7.542926863739818,1.0,73.0,,,,,,,,,,,69h_denoised_bispectrum_features.csv
,healthy,-93.48577913823028,59.47841050983614,-18.4009042615657,42.03711633688124,-31.52371697340418,41.55565000277183,-6.759489237498442,7.33434001370642,2.4658092445563717,25.18345997093424,-2.819636625993834,27.523873467657364,2.1535990008107984,6747.370038438298,4983.136218840943,12259.461620469085,0.0841530350479744,0.1210130006074905,9.514130677641792e-06,0.004552203975798,-0.0004666246132073,0.1366594505304424,0.0006927192925981,0.0703689911204699,-0.0029243273653505,0.2805802315861848,0.1198675110936164,0.1453114002943039,,,,,,,,,,,,,,,,,,,69h_denoised_engine_features.csv
,healthy,,,,,,,,,,,,,,,,,,,,,,,,,,,,,,,,,,,,,,,,,,,,,,0.0028639676469817315,70h_denoised_bispectrum.csv
,healthy,,,,,,,,,,,,,,,,,,,,,,,,,,,,,60.32346764455903,0.07027150653911947,0.8262442603933214,0.0,45416.45898809689,7.739482711623034,1.0,82.0,,,,,,,,,,,70h_denoised_bispectrum_features.csv
,healthy,-85.28038676730434,56.54777294624224,-17.975147071144285,42.289814605847965,-31.16370710174018,39.41606097138448,-6.796077067325484,4.523808325167446,0.8614325465437156,24.912767333249416,-2.724657817862898,25.968924150120728,3.1237389373729902,6866.173481244116,4959.964418597789,12319.379664179103,0.0910045892190831,0.1209675669670105,4.048035469003845e-05,0.006053163251478,-8.300187712169449e-05,0.1464518308618443,0.0003842046104233,0.0811515063928502,-0.0039891994783748,0.2642529820825353,0.1200568377971649,0.1420916616916656,,,,,,,,,,,,,,,,,,,70h_denoised_engine_features.csv
,healthy,,,,,,,,,,,,,,,,,,,,,,,,,,,,,,,,,,,,,,,,,,,,,,0.0017172560521197396,71h_denoised_bispectrum.csv
,healthy,,,,,,,,,,,,,,,,,,,,,,,,,,,,,35.66772378237239,0.04286128391407459,0.5301991348876112,0.0,18688.446473828477,7.606648954148087,1.0,73.0,,,,,,,,,,,71h_denoised_bispectrum_features.csv
,healthy,-101.14491418873682,57.22611281311686,-18.38339092005283,43.71998476456792,-31.33211418677765,41.57582085745001,-4.008550996566552,8.899142391773198,3.278855464364432,28.142997528497013,-2.3137103766957408,26.84977682292605,2.1290251568346004,6776.947835524563,4962.758357531405,12229.92737206823,0.0879759961353944,0.1113968193531036,-8.477042432561671e-06,0.0043102405679256,-0.0002024678473542,0.1268509551060307,-0.0002274354513994,0.0719980667851609,-0.0036792008945962,0.2546537705373801,0.1105057075619697,0.1334095150232315,,,,,,,,,,,,,,,,,,,71h_denoised_engine_features.csv
,healthy,,,,,,,,,,,,,,,,,,,,,,,,,,,,,,,,,,,,,,,,,,,,,,0.002039717056647641,72h_denoised_bispectrum.csv
,healthy,,,,,,,,,,,,,,,,,,,,,,,,,,,,,49.75664626470477,0.047081639402320914,0.627826263139353,0.0,26180.66757449342,7.543869092273269,1.0,73.0,,,,,,,,,,,72h_denoised_bispectrum_features.csv
,healthy,-99.25284884229004,57.87724479187994,-17.85990692471591,43.44914533769378,-31.13171505839837,40.30368894040849,-3.0387893629394616,7.888157963814007,3.547601640900428,27.43095668719265,-2.6881835252261426,26.69708352982017,2.0905566623728804,6742.7710640820005,4960.249444411738,12161.763726012794,0.0901300556369936,0.1136277616024017,-1.1548529888276092e-05,0.0043320404171666,-0.0002408801463655,0.1289384599924184,0.0011471551665364,0.0768667920051016,-0.0036439359959892,0.2614600778770325,0.1125016584992408,0.1358235478401184,,,,,,,,,,,,,,,,,,,72h_denoised_engine_features.csv
,healthy,,,,,,,,,,,,,,,,,,,,,,,,,,,,,,,,,,,,,,,,,,,,,,0.004478818947592227,73h_denoised_bispectrum.csv
,healthy,,,,,,,,,,,,,,,,,,,,,,,,,,,,,116.221956188099,0.07480698936671352,1.17980437155947,0.0,92305.75228099016,7.379944748502125,1.0,73.0,,,,,,,,,,,73h_denoised_bispectrum_features.csv
,healthy,-93.63822964957596,55.18578015749407,-15.999833956392468,45.44409378562872,-29.54455646335281,40.623499113376894,-1.2410135639867437,7.051811547981712,4.356365381503313,27.49136974180845,-3.5355145523611813,27.32541829650168,2.281668710128273,6826.452489221592,4956.591721244388,12225.079957356076,0.091216975946162,0.1262358129024505,2.127303913013319e-06,0.0057249852983889,0.0003169989386068,0.1538218337594801,-0.000537251637377,0.0920669645380879,-0.0032412848449877,0.2778132069630809,0.1248481050133705,0.1478978097438812,,,,,,,,,,,,,,,,,,,73h_denoised_engine_features.csv
,healthy,,,,,,,,,,,,,,,,,,,,,,,,,,,,,,,,,,,,,,,,,,,,,,0.005817748091205415,74h_denoised_bispectrum.csv
,healthy,,,,,,,,,,,,,,,,,,,,,,,,,,,,,124.38273274019258,0.06832796151885616,1.0306853448161353,0.0,70473.02743123594,7.44237922160976,1.0,73.0,,,,,,,,,,,74h_denoised_bispectrum_features.csv
,healthy,-96.63865741091858,52.63158627222785,-15.97040894619536,45.76512407013332,-28.24549408885047,39.58978898456213,-0.5341450305008301,7.283781581276858,6.530335831216426,27.928946027805637,-3.0014770222268083,27.6897469117961,3.1443486915396672,6855.107684766228,4955.945162585321,12207.089552238804,0.0897500499733475,0.1264844685792923,1.122503386005436e-05,0.0074717943650098,3.832302280096804e-05,0.1568978591604486,-0.0005618537580065,0.0933311496067318,-0.0030202498261814,0.2728893013390955,0.1247803717851638,0.1479740440845489,,,,,,,,,,,,,,,,,,,74h_denoised_engine_features.csv
,healthy,,,,,,,,,,,,,,,,,,,,,,,,,,,,,,,,,,,,,,,,,,,,,,0.0020451536607954336,75h_denoised_bispectrum.csv
,healthy,,,,,,,,,,,,,,,,,,,,,,,,,,,,,90.956343528449,0.05001166374100078,0.7330437691139824,0.0,35656.83890286385,7.462822748112163,1.0,73.0,,,,,,,,,,,75h_denoised_bispectrum_features.csv
,healthy,-108.46921019959738,48.51059351658223,-17.143862800110494,43.18413433589158,-29.02983512029524,38.40219892732894,-0.4748974942589832,6.017477627067932,6.535030091011169,27.73529280091409,-2.1039814276801927,26.4574842028733,4.54177745526551,6966.71790903176,4955.297876032846,12328.075026652452,0.0923163895922174,0.1111108884215354,1.4675737835010011e-05,0.0074157926527125,9.643119255710049e-05,0.1394348150364127,-0.0012397372776822,0.0853227714019699,-0.0023247409897115,0.2392509294198148,0.1093813478946685,0.1287784129381179,,,,,,,,,,,,,,,,,,,75h_denoised_engine_features.csv
,healthy,,,,,,,,,,,,,,,,,,,,,,,,,,,,,,,,,,,,,,,,,,,,,,0.00365563644764174,76h_denoised_bispectrum.csv
,healthy,,,,,,,,,,,,,,,,,,,,,,,,,,,,,126.32905901985268,0.047870904154226256,0.858163160500013,0.0,48792.7498573,7.179697388811082,0.0,1.0,,,,,,,,,,,76h_denoised_bispectrum_features.csv
,healthy,-113.32635988922374,52.71980268561824,-12.408563668516232,47.28132277752409,-24.906569529431383,41.14412960146977,3.553302546462499,8.388128365882363,8.315499815358129,28.752510593257533,-0.0141386919034572,27.388200754382208,5.881325246114014,6441.6178746990245,5078.897461601107,11814.848747334754,0.0624739722148187,0.1567754000425338,1.956162197656504e-05,0.0073180611622914,0.0003008747230898,0.1262531652705406,1.5062228203323089e-06,0.0764000789807604,-0.002881767859308,0.4151846542815246,0.1548756659030914,0.2005680948495865,,,,,,,,,,,,,,,,,,,76h_denoised_engine_features.csv
,healthy,,,,,,,,,,,,,,,,,,,,,,,,,,,,,,,,,,,,,,,,,,,,,,0.027416128742455588,77h_denoised_bispectrum.csv
,healthy,,,,,,,,,,,,,,,,,,,,,,,,,,,,,459.21008752595566,0.07695365451304832,2.2593106505176377,0.0,337537.23762957664,6.7632248365972965,1.0,1.0,,,,,,,,,,,77h_denoised_bispectrum_features.csv
,healthy,-106.90498594858232,46.760988989836896,-13.572807928915104,45.735194666515305,-26.104176425227763,40.2941741006144,1.0669960636846283,5.653575072970249,7.272223863848402,26.248592397965755,-2.6076445812076874,24.563329052727184,3.428787268019277,7022.399379757128,4968.146084974973,12399.037180170577,0.0917541894323027,0.1189304366707801,1.0979927704091769e-05,0.0086330952623602,-0.0001080172927634,0.1457123615839569,-0.0008600572176296,0.0856600069042357,-0.003046822009754,0.2765325293114916,0.1173086687922477,0.1388841867446899,,,,,,,,,,,,,,,,,,,77h_denoised_engine_features.csv
,healthy,,,,,,,,,,,,,,,,,,,,,,,,,,,,,,,,,,,,,,,,,,,,,,0.006302450698058817,78h_denoised_bispectrum.csv
,healthy,,,,,,,,,,,,,,,,,,,,,,,,,,,,,41.36785931493912,0.036579198038014536,0.4255097848765348,0.0,12047.114007938411,7.7664294792011646,1.0,1.0,,,,,,,,,,,78h_denoised_bispectrum_features.csv
,healthy,-117.95009594980324,44.52749202855077,-13.900620544610534,43.93199105967094,-27.462769132199515,38.52512688969623,1.1362240314663947,3.754878300278029,6.644847765506285,25.12940047209789,-3.0516302802038293,24.56131347218331,3.2057944029973577,7179.775414164278,4925.6335744362605,12505.830223880595,0.0997093216950959,0.0986430421471595,2.649178071867175e-05,0.0084994152578025,0.0002461297528366,0.1353860848662356,-0.0003140547574818,0.0814658933004244,-0.0020063093463242,0.1982306895438205,0.0968990102410316,0.1106404587626457,,,,,,,,,,,,,,,,,,,78h_denoised_engine_features.csv
,healthy,,,,,,,,,,,,,,,,,,,,,,,,,,,,,,,,,,,,,,,,,,,,,,0.00038792657923450354,79h_denoised_bispectrum.csv
,healthy,,,,,,,,,,,,,,,,,,,,,,,,,,,,,19.701341786722537,0.03199656509434211,0.2570503389764095,0.0,4431.7991926080895,8.05362738439588,1.0,72.0,,,,,,,,,,,79h_denoised_bispectrum_features.csv
,healthy,-118.00243947733352,48.66751240978456,-9.477814187673609,46.95138825775334,-24.45075845277609,37.81979598584535,2.7893090331239003,3.37157333031406,8.639031026620541,24.937060390799427,-4.463430600340649,21.47078913734733,1.1793075056488151,7019.954732825847,4976.818320555718,12306.036780383796,0.0941310467750533,0.0994907766580581,1.12981858482241e-05,0.0085368541611434,7.521048031520474e-05,0.1318143394947516,-0.0006756551855108,0.0830261910873085,-0.0019536520736105,0.2012427836529937,0.0977806448936462,0.1126208305358886,,,,,,,,,,,,,,,,,,,79h_denoised_engine_features.csv
,healthy,,,,,,,,,,,,,,,,,,,,,,,,,,,,,,,,,,,,,,,,,,,,,,0.018675713059423657,80h_denoised_bispectrum.csv
,healthy,,,,,,,,,,,,,,,,,,,,,,,,,,,,,60.413000917178046,0.05261597682618502,0.581205793953039,0.0,22494.21651435025,7.798262379820211,1.0,73.0,,,,,,,,,,,80h_denoised_bispectrum_features.csv
,healthy,-106.37896192019028,48.46364654875973,-13.390510859062209,46.56797763097002,-27.329043766032957,36.27328328375541,-0.2515574523034982,3.615883410852351,6.572517919177058,24.669100269531768,-6.586258924221496,21.63918544157007,0.5596768898825956,7082.892203844345,4911.866765060261,12366.554504264392,0.1015749933368869,0.1058800667524337,1.1463022753431257e-05,0.0088727595530903,0.0002705140273659,0.1488800027504109,-0.0001502471734411,0.095967213287698,-0.0025509913126243,0.1990836559396767,0.1036483496427536,0.1164895296096801,,,,,,,,,,,,,,,,,,,80h_denoised_engine_features.csv
,healthy,,,,,,,,,,,,,,,,,,,,,,,,,,,,,,,,,,,,,,,,,,,,,,0.003423411917113368,81h_denoised_bispectrum.csv
,healthy,,,,,,,,,,,,,,,,,,,,,,,,,,,,,103.94112931446952,0.06490397497333955,0.7585300212343364,0.0,38280.700494987774,7.834104827533346,1.0,73.0,,,,,,,,,,,81h_denoised_bispectrum_features.csv
,healthy,-99.20743417784942,51.3386949022844,-11.006978675379294,46.4882466824931,-25.88546005542454,37.15500055751188,-0.8559561131136892,2.513029708473414,6.485251621664098,23.621851409418408,-6.553359848185713,20.960085953624915,0.3259728942588393,7013.171135442313,4946.164859346328,12275.752931769724,0.0974313699360341,0.1149290353059768,8.504378528355098e-06,0.0106682704674476,0.0005355949844165,0.16002834382017,-0.0016228549572842,0.0993444218074932,-0.0027056456495845,0.2200100014890569,0.1128747835755348,0.1279541999101638,,,,,,,,,,,,,,,,,,,81h_denoised_engine_features.csv
,healthy,,,,,,,,,,,,,,,,,,,,,,,,,,,,,,,,,,,,,,,,,,,,,,0.004100829575022369,82h_denoised_bispectrum.csv
,healthy,,,,,,,,,,,,,,,,,,,,,,,,,,,,,33.00885047750883,0.03733535474098148,0.3496835514871169,0.0,8168.445936252173,7.930639893258158,1.0,73.0,,,,,,,,,,,82h_denoised_bispectrum_features.csv
,healthy,-117.2575096445632,47.061245346241286,-13.450628356699651,44.80286413281983,-27.31450148812413,36.25208834424713,-0.9839505299572188,3.7644204543121305,8.15153109210297,25.087669427873116,-5.399197298131868,21.09787966240946,0.7314554065498199,7157.747819394892,4912.147521623991,12480.393789978678,0.103891466218017,0.0942039713263511,8.404090450422972e-06,0.0079245532970003,0.0002274002791734,0.1359239989157656,-0.0002610351728733,0.083849551088732,-0.0021408608929557,0.1775351099232679,0.0920548439025878,0.1024720445275306,,,,,,,,,,,,,,,,,,,82h_denoised_engine_features.csv
,healthy,,,,,,,,,,,,,,,,,,,,,,,,,,,,,,,,,,,,,,,,,,,,,,0.018178061153078812,83h_denoised_bispectrum.csv
,healthy,,,,,,,,,,,,,,,,,,,,,,,,,,,,,47.41825675799547,0.03994155745910998,0.4407671387677109,0.0,12937.083588495296,7.8738671599817,1.0,73.0,,,,,,,,,,,83h_denoised_bispectrum_features.csv
,healthy,-117.92940684350616,44.07713303386622,-12.411166373230936,45.93808697935063,-26.6775903248403,37.87247453551566,1.242509937286196,4.6807622050131314,9.228121541649497,25.931450285988586,-4.647627257487963,22.42267423608813,1.7829841012664922,7215.768526039815,4906.415013303767,12480.993470149251,0.1023568680037313,0.0973484143614769,7.959864577876519e-06,0.0097365972257635,8.574838479557612e-05,0.1424864894302906,0.0001755094896001,0.086668895758865,-0.0025732689011177,0.1741372958695665,0.095051109790802,0.1053101047873497,,,,,,,,,,,,,,,,,,,83h_denoised_engine_features.csv
,healthy,,,,,,,,,,,,,,,,,,,,,,,,,,,,,,,,,,,,,,,,,,,,,,0.0020521476523133924,84h_denoised_bispectrum.csv
,healthy,,,,,,,,,,,,,,,,,,,,,,,,,,,,,302.2609546148231,0.024746445973261512,1.423946951971862,0.0,133963.04599692763,5.687130735991735,1.0,1.0,,,,,,,,,,,84h_denoised_bispectrum_features.csv
,healthy,-149.88576335059028,52.67714037088107,-7.588101629306212,50.81789050731223,-20.866016295740483,40.85580376761279,3.138372349407737,7.09049087932357,11.213782430448829,27.22195495641273,-4.102179274298095,22.575356840997447,2.9942156063373617,6538.371826552667,5037.786694950027,11937.733208955224,0.0752026002798507,0.1031200364232063,-3.494454956022915e-05,0.0050041620393926,-0.000112267017096,0.0905544480098763,-0.0008115048005345,0.0572162927345628,-0.0022426088890118,0.2987171167173295,0.1019184961915016,0.127312570810318,,,,,,,,,,,,,,,,,,,84h_denoised_engine_features.csv
,healthy,,,,,,,,,,,,,,,,,,,,,,,,,,,,,,,,,,,,,,,,,,,,,,0.01155872222405197,85h_denoised_bispectrum.csv
,healthy,,,,,,,,,,,,,,,,,,,,,,,,,,,,,90.43646382205533,0.0426423677600254,0.5437340375380063,0.0,19647.27074564735,7.777278924023546,1.0,1.0,,,,,,,,,,,85h_denoised_bispectrum_features.csv
,healthy,-108.33609886111071,49.30244389354914,-8.518407301572529,47.36272942101901,-23.3647033829812,36.40874981933999,0.6313918585789341,2.7472500257437336,9.453595016463726,23.89363668614301,-5.871475031285588,20.07462752132537,2.7157178550848964,7044.774039461333,4988.049004192364,12379.44762793177,0.0942518156982942,0.1071907877922058,-3.192850691007627e-05,0.0090660600306826,-0.0003422288099869,0.1420144532389644,0.0004975760712996,0.0914128641006066,-0.0029793804114155,0.2190469222097533,0.1052242442965507,0.1204690858721733,,,,,,,,,,,,,,,,,,,85h_denoised_engine_features.csv
,healthy,,,,,,,,,,,,,,,,,,,,,,,,,,,,,,,,,,,,,,,,,,,,,,0.0098845679061552,86h_denoised_bispectrum.csv
,healthy,,,,,,,,,,,,,,,,,,,,,,,,,,,,,251.6738349114933,0.04664799551048746,1.3711432998318,0.0,124318.08724370351,6.800836567282014,1.0,1.0,,,,,,,,,,,86h_denoised_bispectrum_features.csv
,healthy,-117.62443803384296,58.37527110894184,-4.300492284950381,51.38303030285907,-22.89726417113771,39.68996883631822,2.9274428556114462,5.516097388090224,8.006384513141574,22.77211021133294,-8.497566874943809,20.31749216295999,0.943109436649806,6511.347042981044,5052.630374134094,11853.328224946696,0.0752994236407249,0.1248431578278541,1.6368871487979532e-05,0.0072269757584234,-5.0470272449651845e-05,0.1225833198260066,0.0007671967195656,0.0786126531110524,-0.0021640649257401,0.3205147899995323,0.1232503578066825,0.1515708565711975,,,,,,,,,,,,,,,,,,,86h_denoised_engine_features.csv
,healthy,,,,,,,,,,,,,,,,,,,,,,,,,,,,,,,,,,,,,,,,,,,,,,0.0020405859426063694,87h_denoised_bispectrum.csv
,healthy,,,,,,,,,,,,,,,,,,,,,,,,,,,,,179.9872619711252,0.030825300201410305,0.8254601130748973,0.0,45067.517824341616,7.291084757422136,1.0,1.0,,,,,,,,,,,87h_denoised_bispectrum_features.csv
,healthy,-118.14864495750766,56.70014923087877,-5.776773257335679,51.20214500370875,-23.47969672811297,38.82339984995232,2.243907393101213,5.051173837363881,6.993961544800954,22.73603511220169,-9.22670438066612,19.15428667103095,2.01908782129794,6592.235001553408,5041.068537177194,11939.132462686568,0.0827381646455223,0.1142710074782371,-3.691571118955984e-06,0.0063748114618219,3.173593335176725e-06,0.1181972260925845,1.5880116207284843e-05,0.0755839874958131,-0.0011321022812176,0.281280843062922,0.1129458621144294,0.1376316249370575,,,,,,,,,,,,,,,,,,,87h_denoised_engine_features.csv
,healthy,,,,,,,,,,,,,,,,,,,,,,,,,,,,,,,,,,,,,,,,,,,,,,0.005322826828761448,88h_denoised_bispectrum.csv
,healthy,,,,,,,,,,,,,,,,,,,,,,,,,,,,,15.712390122477556,0.028946369653096556,0.2411900536026208,0.0,3897.5867781926754,8.012162451880984,0.0,74.0,,,,,,,,,,,88h_denoised_bispectrum_features.csv
,healthy,-122.4192172382451,50.796986320571285,-10.303038998781629,46.87582909568744,-27.961505727906257,36.006027528891465,0.492164738232537,4.404480615696853,5.73745600349276,22.84644903963823,-7.479502673480923,19.340245572793407,1.492579418325182,7001.352726154123,4944.369331087494,12324.476945628998,0.1013011810367803,0.0920150429010391,1.214791309859075e-05,0.0082640242727391,-0.000106125418758,0.1231414891452617,-0.000677554527596,0.0756686635011363,-0.0018075854037209,0.1910667224601097,0.0901505798101425,0.1038278490304946,,,,,,,,,,,,,,,,,,,88h_denoised_engine_features.csv
,healthy,,,,,,,,,,,,,,,,,,,,,,,,,,,,,,,,,,,,,,,,,,,,,,0.002051012357960659,89h_denoised_bispectrum.csv
,healthy,,,,,,,,,,,,,,,,,,,,,,,,,,,,,28.08665743743453,0.03090124175725032,0.2400126277128115,0.0,3867.8920679093967,8.119137461001175,1.0,1.0,,,,,,,,,,,89h_denoised_bispectrum_features.csv
,healthy,-113.32045963665354,54.56041301998801,-6.734870228859577,48.93059031777922,-24.272431167410165,37.38887100634761,3.3490133149634325,4.145941853639514,5.672378026385562,21.57312338536956,-7.828943807839121,18.539179229168088,2.435061662592191,6763.868225121559,5019.670614533203,12098.147654584222,0.0905652402052238,0.105544663965702,2.427055605770548e-05,0.0085611978132191,0.0002070818382735,0.1265732403424919,0.0001279341177313,0.0806556165243262,-0.002423260944113,0.2336282925178524,0.1040314435958862,0.1240100711584091,,,,,,,,,,,,,,,,,,,89h_denoised_engine_features.csv
,healthy,,,,,,,,,,,,,,,,,,,,,,,,,,,,,,,,,,,,,,,,,,,,,,0.010544080289648657,90h_denoised_bispectrum.csv
,healthy,,,,,,,,,,,,,,,,,,,,,,,,,,,,,6.087731372584201,0.03653192247882778,0.16511455253290316,0.0,1888.829462441324,8.643171664935839,79.0,79.0,,,,,,,,,,,90h_denoised_bispectrum_features.csv
,healthy,-162.40991736330685,40.06202667329762,-7.034411709350579,31.05259453164927,-12.692441541333189,26.779287027848607,-4.151884164675723,6.302110160529836,-0.8255473240951186,14.76259408373973,-1.1217094297063823,11.684375240341703,1.438814449595082,7892.311583020335,5267.968968579583,13745.169243070362,0.103014850413113,0.0646846964955329,6.486468434903591e-06,0.0425482307010615,0.0001087953005776,0.0878313833061325,7.691100805651976e-05,0.0511318363242077,-0.0006137715894552,0.105033155482374,0.0578537806868553,0.0579098463058471,,,,,,,,,,,,,,,,,,,90h_denoised_engine_features.csv
,healthy,,,,,,,,,,,,,,,,,,,,,,,,,,,,,,,,,,,,,,,,,,,,,,0.003087110101764323,91h_denoised_bispectrum.csv
,healthy,,,,,,,,,,,,,,,,,,,,,,,,,,,,,15.109400465550996,0.04499646865001591,0.20330383913871727,0.0,2863.6952906946544,8.725486453325443,1.0,1.0,,,,,,,,,,,91h_denoised_bispectrum_features.csv
,healthy,-141.35226525364797,52.195609306717614,0.0010259898343568,36.38968915753781,-12.12081791639899,29.49291441184421,-2.849103535313043,6.329678978963861,-1.00370713679139,11.555204887260672,-4.819648640816178,7.197741123351403,-2.291561845274173,7446.771704364764,5275.335430802479,13259.678171641792,0.0930233042377398,0.0750007331371307,-4.875060317900084e-05,0.0424595744717223,-0.000324738558323,0.1001094489082871,-0.0008678948239008,0.0564306635943024,-0.0001214868691765,0.1272044155819601,0.0692468956112861,0.0726835951209068,,,,,,,,,,,,,,,,,,,91h_denoised_engine_features.csv
,healthy,,,,,,,,,,,,,,,,,,,,,,,,,,,,,,,,,,,,,,,,,,,,,,0.000816912738066288,92h_denoised_bispectrum.csv
,healthy,,,,,,,,,,,,,,,,,,,,,,,,,,,,,3.4198159340779304,0.02941526905042065,0.11413002880071645,0.0,917.4814759606664,8.848985383523422,80.0,81.0,,,,,,,,,,,92h_denoised_bispectrum_features.csv
,healthy,-152.88879647413793,43.15242005324867,-8.458746370310935,33.19375843150782,-12.323611582541693,29.921562724192704,-5.228589949250306,5.628588395645991,0.9073150660694964,15.5090515055106,-2.7843477541668924,10.433443779825897,-0.0074747472392983,7688.65506980766,5281.120092047058,13547.424706823029,0.1011731243336887,0.063600517809391,-1.674449356724787e-05,0.0370716150066374,0.0003416838902908,0.0903786203954709,-7.515921102287789e-05,0.0526004261233312,-6.363319057121341e-05,0.0914117830167141,0.0576416216790676,0.0582017935812473,,,,,,,,,,,,,,,,,,,92h_denoised_engine_features.csv
,healthy,,,,,,,,,,,,,,,,,,,,,,,,,,,,,,,,,,,,,,,,,,,,,,0.009467362874501586,93h_denoised_bispectrum.csv
,healthy,,,,,,,,,,,,,,,,,,,,,,,,,,,,,2.4708984610674567,0.021420079483769193,0.08673738474761981,0.0,527.2159128767224,8.792208619411804,2.0,2.0,,,,,,,,,,,93h_denoised_bispectrum_features.csv
,healthy,-159.05903291438207,50.38310575900621,-5.00333381597124,35.67801445048709,-11.160738579338105,31.029283384740435,-2.5665214706967383,5.176550011962074,1.4124090527912458,13.521659499910548,-5.120027273580931,7.967318284932896,-1.6134378742346025,7340.081804875338,5323.099883458982,13333.888592750533,0.0950628414845415,0.0591511353850364,3.1458774419918115e-05,0.028524948884403,-0.0002436951310413,0.0787284775699446,-7.362331213537073e-05,0.0469523016283915,-0.0004340911610222,0.1059449172634691,0.0550045482814312,0.0588210970163345,,,,,,,,,,,,,,,,,,,93h_denoised_engine_features.csv
,healthy,,,,,,,,,,,,,,,,,,,,,,,,,,,,,,,,,,,,,,,,,,,,,,0.0027992263939607114,94h_denoised_bispectrum.csv
,healthy,,,,,,,,,,,,,,,,,,,,,,,,,,,,,1.8485548374359808,0.017468447060376632,0.06579085637024777,0.0,306.04355161350264,8.905091316870454,1.0,75.0,,,,,,,,,,,94h_denoised_bispectrum_features.csv
,healthy,-152.73402363456384,47.045155618985135,-11.996027629797087,33.4151073364667,-12.965315043840455,29.753219514065155,-2.89421744977492,6.854023802074633,2.3972998196365585,13.856323466899903,-4.303175768063421,11.02897071918713,0.0752549159892427,7403.611943698993,5294.601134784684,13287.213486140725,0.1036499283715351,0.0588315650820732,3.566787242280696e-05,0.0263032010094527,-5.103304338956341e-05,0.0788260159464313,-0.0002716159141615,0.0496977472337371,9.214798985483828e-05,0.1054585479712864,0.0553053468465805,0.0600562430918216,,,,,,,,,,,,,,,,,,,94h_denoised_engine_features.csv
,healthy,,,,,,,,,,,,,,,,,,,,,,,,,,,,,,,,,,,,,,,,,,,,,,0.012050069395153552,95h_denoised_bispectrum.csv
,healthy,,,,,,,,,,,,,,,,,,,,,,,,,,,,,17.543281836556417,0.03594124681019697,0.17425303083763677,0.0,2090.840009279617,8.766700996399091,0.0,0.0,,,,,,,,,,,95h_denoised_bispectrum_features.csv
,healthy,-115.1020047795636,52.18272511897356,-17.286438817213476,37.000706373755655,-15.728661292900448,28.142484521776822,-1.0180054758960844,5.935257058294021,2.820443801074823,13.914140851890668,-5.948889579447058,9.815466715128544,-1.6826204933474165,7000.991984360163,5148.568448688935,12710.27118869936,0.1101193946561833,0.0817722976207733,2.536023215459025e-06,0.0227973038479246,0.0001437408964232,0.1073901370576571,0.0005267241231521,0.0734515631678678,-0.0003903582588494,0.1664127805312083,0.0781521201133728,0.0868711769580841,,,,,,,,,,,,,,,,,,,95h_denoised_engine_features.csv
,healthy,,,,,,,,,,,,,,,,,,,,,,,,,,,,,,,,,,,,,,,,,,,,,,0.0015317264891769045,96h_denoised_bispectrum.csv
,healthy,,,,,,,,,,,,,,,,,,,,,,,,,,,,,7.140463294190504,0.04994859442046024,0.2014714550489997,0.0,2845.761407608212,8.770157943223946,1.0,74.0,,,,,,,,,,,96h_denoised_bispectrum_features.csv
,healthy,-117.83110780454236,52.46291415481129,-14.231800213695204,38.470860546356846,-17.188439557950144,28.66573685901358,-1.7189844313703644,4.475373460113579,1.4496663628162036,13.11843121714735,-6.2172845361100855,9.998514345010635,-0.1451388663620064,6995.676024278683,5095.466476463713,12539.512260127933,0.1017311600479744,0.0831850543618202,0.0001263221389149,0.0272713677252711,-2.3135216853246166e-05,0.1149434869273519,8.667377813654157e-06,0.0767037705335461,0.0001724101779248,0.1496747610170208,0.0777128562331199,0.0837180316448211,,,,,,,,,,,,,,,,,,,96h_denoised_engine_features.csv
,healthy,,,,,,,,,,,,,,,,,,,,,,,,,,,,,,,,,,,,,,,,,,,,,,0.004360925277086352,97h_denoised_bispectrum.csv
,healthy,,,,,,,,,,,,,,,,,,,,,,,,,,,,,12.04541010217942,0.04598780669765074,0.19484645527196948,0.0,2647.2452077515472,8.718843517579902,2.0,2.0,,,,,,,,,,,97h_denoised_bispectrum_features.csv
,healthy,-138.788771109444,42.75618944702992,-13.253582305333811,39.60535038360072,-13.80351356209371,29.310564582905645,-0.7034509851925791,4.156723203799876,2.5343199207602085,14.33808191997911,-4.373916377804421,10.218979929024778,0.1720306635823741,7308.912861127767,5101.65532295083,12880.530383795309,0.1031960037979744,0.073896437883377,0.0001106091226566,0.0293910758382082,-0.0001125040509737,0.1072847683837252,8.921281095745188e-05,0.0701107486308692,-6.266161763211332e-05,0.1220244620577087,0.0674382671713829,0.0698056444525718,,,,,,,,,,,,,,,,,,,97h_denoised_engine_features.csv
,healthy,,,,,,,,,,,,,,,,,,,,,,,,,,,,,,,,,,,,,,,,,,,,,,0.01738406770525528,98h_denoised_bispectrum.csv
,healthy,,,,,,,,,,,,,,,,,,,,,,,,,,,,,7.757298249571994,0.07371636163249388,0.30891522159189605,0.0,6661.881535920261,8.69636780853764,1.0,74.0,,,,,,,,,,,98h_denoised_bispectrum_features.csv
,healthy,-128.6925553879287,44.8039850478764,-9.5637021967178,42.50794962438632,-13.192705503172991,27.91422947968238,-2.7262562363850424,1.4574102427525584,-0.315913572588457,13.557111195177834,-3.771734732115842,10.792773004256505,0.757625413090798,7260.139119016784,5110.592995009895,12862.539978678038,0.0954147371401919,0.0851515159010887,0.0001052183687077,0.0362468846974193,-0.0002046727101768,0.123906391948904,-5.9926538546547366e-05,0.0838177217474919,-1.2303798246700474e-05,0.126690484611299,0.0777147859334945,0.0802951827645301,,,,,,,,,,,,,,,,,,,98h_denoised_engine_features.csv
,healthy,,,,,,,,,,,,,,,,,,,,,,,,,,,,,,,,,,,,,,,,,,,,,,0.011073951745970208,99h_denoised_bispectrum.csv
,healthy,,,,,,,,,,,,,,,,,,,,,,,,,,,,,6.7879049998061065,0.045763270246646136,0.19592225101850247,0.0,2673.650663418471,8.705370389358658,1.0,86.0,,,,,,,,,,,99h_denoised_bispectrum_features.csv
,healthy,-135.8068932086313,36.96360525618165,-16.46059186412286,40.208114900653655,-15.38580833481463,28.339357252716265,-0.3967149637626475,5.530278774075871,3.5775999139749985,17.425828753589855,-2.478856180429226,14.047308455459444,2.0333134030961624,7464.493747412714,5085.3329701976845,13080.723614072494,0.114658640391791,0.0754484161734581,5.536710581132079e-05,0.0289960246296657,0.000220228980636,0.1138291273101439,-0.0001449945214056,0.0766837705439123,-0.0001519958658489,0.1069953626771329,0.0693913400173187,0.071380116045475,,,,,,,,,,,,,,,,,,,99h_denoised_engine_features.csv
,misfire,,,,,,,,,,,,,,,,,,,,,,,,,,,,,,,,,,,,,,,,,,,,,,0.004628384300046776,05unh_denoised_bispectrum.csv
,misfire,,,,,,,,,,,,,,,,,,,,,,,,,,,,,1.6754619548693352,0.00594823536368247,0.036211931664809856,0.0,88.94723051279209,8.362647326399445,86.0,86.0,,,,,,,,,,,05unh_denoised_bispectrum_features.csv
,misfire,-194.6593219639651,79.99279048787923,-7.126671392164896,21.87800864068741,-14.21126327889854,24.979984934444904,2.6063189336089403,3.24802169505646,-0.4137738924699355,9.386983525935037,-9.149412657985302,16.825263323479675,1.8493528865434437,6350.596595562246,5568.9258862524175,12651.252665245203,0.0683312649920042,0.0413514077663421,-2.754860953114216e-05,0.0204368917024772,-9.220546063937968e-07,0.0387432739382137,0.0001179496158444,0.0217560664954935,0.0008148933641414,0.0964248189860249,0.0403503216803073,0.047650072723627,,,,,,,,,,,,,,,,,,,05unh_denoised_engine_features.csv
,misfire,,,,,,,,,,,,,,,,,,,,,,,,,,,,,,,,,,,,,,,,,,,,,,0.0018773029575782651,06unh_denoised_bispectrum.csv
,misfire,,,,,,,,,,,,,,,,,,,,,,,,,,,,,94.08008624120335,0.013646016017585876,0.496620913008112,0.0,16302.118078055268,6.856080648039652,2.0,2.0,,,,,,,,,,,06unh_denoised_bispectrum_features.csv
,misfire,-166.97447477107335,89.99719165224131,-5.979608154909787,25.69502888307723,-11.356427562238812,28.329270044737363,3.3124410950239533,2.764953843197548,-2.080704246015856,8.913534880559403,-8.84339227370149,15.484803797861485,-1.4036141810319027,5869.717721805263,5487.628367822134,12039.029184434969,0.0612381729744136,0.0596038550138473,1.723889472011849e-06,0.0219104487669325,3.928288537179551e-05,0.0464792437533134,-0.0001372162671597,0.0303616533718031,0.0003576615697574,0.1565659497610483,0.0587204210460186,0.0720626786351203,,,,,,,,,,,,,,,,,,,06unh_denoised_engine_features.csv
,misfire,,,,,,,,,,,,,,,,,,,,,,,,,,,,,,,,,,,,,,,,,,,,,,0.00680219970041318,07unh_denoised_bispectrum.csv
,misfire,,,,,,,,,,,,,,,,,,,,,,,,,,,,,3.413038871828961,0.007549784472599629,0.04281310746879664,0.0,124.83006161277004,8.540019433518255,1.0,2.0,,,,,,,,,,,07unh_denoised_bispectrum_features.csv
,misfire,-174.07845238112134,82.22321206901648,-5.219592995397361,23.23952972833707,-14.63601516306306,26.314946141036536,4.4432311969623575,2.9710995198790773,-3.2819598652205544,9.826804557878152,-6.8772799671574045,17.71859027928061,0.35425615806523,6358.459852105604,5582.729186572106,12751.74906716418,0.0676128981210021,0.0509680546820163,4.345891498216741e-05,0.0222445772071444,7.583146654996464e-05,0.0445746906567089,0.0002761688848264,0.0290314112916332,0.0003319534111158,0.1263580053442158,0.0496705062687397,0.0588761381804943,,,,,,,,,,,,,,,,,,,07unh_denoised_engine_features.csv
,misfire,,,,,,,,,,,,,,,,,,,,,,,,,,,,,,,,,,,,,,,,,,,,,,0.006443523063405983,08unh_denoised_bispectrum.csv
,misfire,,,,,,,,,,,,,,,,,,,,,,,,,,,,,14.00116338357748,0.010741209646820092,0.10250507119246538,0.0,701.6162820170937,8.235054920545732,1.0,1.0,,,,,,,,,,,08unh_denoised_bispectrum_features.csv
,misfire,-163.8823359898698,76.70314762356425,-2.9087757712574014,25.33568348567744,-15.868736629227923,25.098870998485417,5.018172648156743,0.8433731019287609,-0.2342800963935951,10.94818850059434,-5.070766801913497,17.618764310960056,0.7038938769481594,6415.828948487194,5559.705726438061,12724.763459488271,0.0596577658582089,0.065112866461277,4.2854123013562925e-05,0.0246937429147156,4.079108840924123e-05,0.0538463752677231,6.286818886612335e-05,0.0361935752216092,0.0016127195698077,0.1813288541985263,0.063737653195858,0.0783534720540046,,,,,,,,,,,,,,,,,,,08unh_denoised_engine_features.csv
,misfire,,,,,,,,,,,,,,,,,,,,,,,,,,,,,,,,,,,,,,,,,,,,,,0.01956757931090841,09unh_denoised_bispectrum.csv
,misfire,,,,,,,,,,,,,,,,,,,,,,,,,,,,,55.52748798747769,0.019190589967963575,0.3222245795326524,0.0,6882.10490525018,8.03108321506294,1.0,1.0,,,,,,,,,,,09unh_denoised_bispectrum_features.csv
,misfire,-149.77647843071676,72.6524896386637,0.6404149425344301,22.93170837437827,-13.392997923957733,24.58813741978665,6.454023568630486,0.7358647625820668,1.3294547314549232,11.163273122715172,-4.4551433197014365,18.303712920176167,-0.3788647999232157,6724.198609828525,5658.356026436527,13154.484275053304,0.0668591334621535,0.0742327347397804,1.4384960984279846e-05,0.0306914519332278,-0.0002001993000621,0.0659846263784939,-0.0001518190431163,0.0398375511060425,0.0022802762757451,0.2380050835306778,0.0718751698732376,0.085767351090908,,,,,,,,,,,,,,,,,,,09unh_denoised_engine_features.csv
,misfire,,,,,,,,,,,,,,,,,,,,,,,,,,,,,,,,,,,,,,,,,,,,,,0.00017585163999047404,100unh_denoised_bispectrum.csv
,misfire,,,,,,,,,,,,,,,,,,,,,,,,,,,,,11.085000395447892,0.010954243262166777,0.08210154079454034,0.0,453.1396297186316,8.241113919003961,1.0,1.0,,,,,,,,,,,100unh_denoised_bispectrum_features.csv
,misfire,-133.73214282129786,71.14628413122827,-24.247235693791595,50.569185670693685,-31.35760958089205,49.5053381234528,-8.159176765846727,15.63221716053414,-4.713386029093389,26.717735286088235,-10.407467316730044,20.680376622706508,-13.487417969339065,6480.340605327673,4922.318351816148,11968.067030916844,0.1105420858875266,0.0712486654520034,-7.842292211604801e-06,0.0034811376320351,0.0001685293747929,0.0835775679210453,-0.0003614060378737,0.0381123293229914,-0.0003427107877193,0.1630565092251156,0.0705755203962326,0.086185023188591,,,,,,,,,,,,,,,,,,,100unh_denoised_engine_features.csv
,misfire,,,,,,,,,,,,,,,,,,,,,,,,,,,,,,,,,,,,,,,,,,,,,,0.001435021370374287,101unh_denoised_bispectrum.csv
,misfire,,,,,,,,,,,,,,,,,,,,,,,,,,,,,22.65651340974704,0.009382639347948932,0.1194154082281382,0.0,947.6759160746823,7.807697119916593,1.0,1.0,,,,,,,,,,,101unh_denoised_bispectrum_features.csv
,misfire,-146.59785826936582,63.35251645307262,-15.53027224777933,49.68254422587236,-24.358610342987227,47.029564983542045,-3.947035512309893,10.826558036124249,-0.9585226794282116,22.430522082493876,-6.050144136171436,15.69792259665751,-9.81247331041396,6516.843867302478,4952.02977312232,12094.9993336887,0.1013719766124733,0.0705863684415817,-4.200717231070845e-06,0.0028417149644412,0.0001224107181079,0.0751488307244705,-0.000314950084962,0.0328321059751762,-0.0024136120890847,0.1981039395429683,0.0693935304880142,0.0857239961624145,,,,,,,,,,,,,,,,,,,101unh_denoised_engine_features.csv
,misfire,,,,,,,,,,,,,,,,,,,,,,,,,,,,,,,,,,,,,,,,,,,,,,0.0003537447207168735,102unh_denoised_bispectrum.csv
,misfire,,,,,,,,,,,,,,,,,,,,,,,,,,,,,34.96512797777792,0.013638254003494504,0.22797478720084563,0.0,3445.017134494295,7.53002770897456,0.0,1.0,,,,,,,,,,,102unh_denoised_bispectrum_features.csv
,misfire,-113.603600112321,67.71488618835764,-17.01341576144417,50.09708447950637,-24.95762463686685,50.49526922312196,-3.413581485232251,12.60798234737894,-2.603563001617161,23.053596185156167,-6.922249832133088,16.83918505457715,-10.265161157111878,6216.801300846777,4973.794698279385,11800.806236673774,0.0909348347547974,0.1184112280607223,-3.0610155908811176e-06,0.0018119958350213,-2.7681313608891224e-05,0.0971376282969403,-0.0003084293327456,0.0411948051849944,0.0027264388071529,0.3533061557931002,0.1162682697176933,0.1493972986936569,,,,,,,,,,,,,,,,,,,102unh_denoised_engine_features.csv
,misfire,,,,,,,,,,,,,,,,,,,,,,,,,,,,,,,,,,,,,,,,,,,,,,0.0001213042697123872,103unh_denoised_bispectrum.csv
,misfire,,,,,,,,,,,,,,,,,,,,,,,,,,,,,69.42201745108073,0.028489255717615274,0.3949151467407698,0.0,10354.476024827423,7.737717585467003,1.0,1.0,,,,,,,,,,,103unh_denoised_bispectrum_features.csv
,misfire,-94.16006219012463,62.30525380049275,-23.72094801562152,56.1817837644814,-29.650897496710343,54.16599314146696,-7.541983324407925,17.21891810550782,-5.278320902792395,29.262569389889254,-9.652429757007056,21.04133877565247,-14.53283551377394,6716.481163877863,4888.75819923453,12241.27132196162,0.1109512426705757,0.1193044856190681,5.3654114429064406e-06,0.0018628474960058,6.214324504944901e-06,0.1392115874052642,-0.0003679677063312,0.0563532616719278,-0.0003570333941525,0.2777238978719011,0.1183157041668891,0.1447108834981918,,,,,,,,,,,,,,,,,,,103unh_denoised_engine_features.csv
,misfire,,,,,,,,,,,,,,,,,,,,,,,,,,,,,,,,,,,,,,,,,,,,,,0.00043415587002461673,104unh_denoised_bispectrum.csv
,misfire,,,,,,,,,,,,,,,,,,,,,,,,,,,,,132.3453757801223,0.056859479409850006,1.4321512751516603,0.0,135683.81839443147,6.3779889104762155,5.0,5.0,,,,,,,,,,,104unh_denoised_bispectrum_features.csv
,misfire,-85.81523534869304,77.15345958645473,-15.57077520495938,49.82135763257575,-28.35271357793089,47.374535036999966,-7.206549633078356,9.710568726700744,-7.2077420981475395,19.77367202506592,-10.563528011823893,16.10496532001488,-12.595178135827638,6088.526443359726,4952.166205838537,11617.903784648188,0.0959071828358208,0.138772502541542,-4.998686666728612e-06,0.0020879982994286,-0.0001640057329371,0.1189968503706552,0.0003660112597264,0.0503609547168329,0.0003791925306477,0.3949121037765311,0.1374924927949905,0.1737789809703827,,,,,,,,,,,,,,,,,,,104unh_denoised_engine_features.csv
,misfire,,,,,,,,,,,,,,,,,,,,,,,,,,,,,,,,,,,,,,,,,,,,,,0.0016763761481011987,105unh_denoised_bispectrum.csv
,misfire,,,,,,,,,,,,,,,,,,,,,,,,,,,,,71.75193009471766,0.03952429211665968,0.5880285435376075,0.0,22941.44233417712,7.570575984886084,1.0,1.0,,,,,,,,,,,105unh_denoised_bispectrum_features.csv
,misfire,-83.0704880371711,70.5223794799742,-14.6815475901063,48.971980266840006,-30.12167468287434,45.956835960080376,-5.501539231556911,9.7493738309022,-5.463162404053886,19.916659422761214,-10.22055215578978,17.783988029283265,-10.12731182299543,6384.988119099538,5003.3827243723445,11945.928837953092,0.0971992020922174,0.1402039378881454,7.356628383452343e-06,0.0041020025204623,0.0004064307400814,0.1367349439683347,0.0007921733861938,0.0566448515897901,-0.0022262555687202,0.3633457526219059,0.1384436190128326,0.1738705039024353,,,,,,,,,,,,,,,,,,,105unh_denoised_engine_features.csv
,misfire,,,,,,,,,,,,,,,,,,,,,,,,,,,,,,,,,,,,,,,,,,,,,,0.002841148511458483,106unh_denoised_bispectrum.csv
,misfire,,,,,,,,,,,,,,,,,,,,,,,,,,,,,69.71763284793859,0.04406469119818087,0.536547303682576,0.0,19142.63201316148,7.810927335053683,2.0,3.0,,,,,,,,,,,106unh_denoised_bispectrum_features.csv
,misfire,-85.00618999061334,66.27866457285633,-15.429363993326843,53.05366167836653,-28.37072158848716,48.06612715382277,-7.711538345835105,9.807710502217514,-6.489716210886424,21.462899193201057,-10.419462374318629,18.2790566416332,-13.26111029001546,6717.684004262213,4962.229562704837,12289.245735607676,0.1141026869003198,0.1180390939116478,1.63387432753037e-05,0.0051095053090557,-0.000167544197699,0.1474869507417988,7.317702836881054e-05,0.0574301692926328,-0.0020880329041679,0.2620758590541716,0.1170197203755378,0.1405416280031204,,,,,,,,,,,,,,,,,,,106unh_denoised_engine_features.csv
,misfire,,,,,,,,,,,,,,,,,,,,,,,,,,,,,,,,,,,,,,,,,,,,,,0.0023831771158838782,107unh_denoised_bispectrum.csv
,misfire,,,,,,,,,,,,,,,,,,,,,,,,,,,,,509.2611378918194,0.053953331853499965,2.5622809628296856,0.0,433822.6913768663,5.75373613693541,2.0,3.0,,,,,,,,,,,107unh_denoised_bispectrum_features.csv
,misfire,-109.35912171893084,65.5558159610276,-13.910707193668946,52.31698703501679,-25.87628845602215,47.90166013380088,-5.355418002608812,10.304364234737072,-4.566480905625591,20.12179766577569,-9.803579857367325,15.546042676001251,-13.370829767817764,6588.152510280615,4980.528780595244,12167.360740938166,0.1058643723347547,0.1027286350727081,6.579543309698305e-06,0.0039453654490802,0.00038531416883,0.1114556034091974,-0.0002538298047353,0.0450654028109737,-0.0017989236658859,0.2652236852817221,0.1017809733748436,0.1237763911485672,,,,,,,,,,,,,,,,,,,107unh_denoised_engine_features.csv
,misfire,,,,,,,,,,,,,,,,,,,,,,,,,,,,,,,,,,,,,,,,,,,,,,0.002543122174482453,108unh_denoised_bispectrum.csv
,misfire,,,,,,,,,,,,,,,,,,,,,,,,,,,,,35.201600745426184,0.041826638906327034,0.3871777829657458,0.0,10016.733969798925,7.963668794841558,8.0,9.0,,,,,,,,,,,108unh_denoised_bispectrum_features.csv
,misfire,-89.23611899753702,62.435115863439925,-15.81258898426194,55.69148356121465,-25.237173794884235,49.69265085370077,-7.547793230554673,10.904765590521148,-5.688176444201129,22.86432012886973,-9.642622016407325,15.947053708560146,-13.782291776338903,6753.229923917704,4950.725637864035,12307.68590085288,0.1121099996668443,0.1160564124584198,1.8643738749040476e-06,0.0051731369436758,7.736077151357395e-05,0.1421539132389826,0.0002809503162328,0.0578838578611131,-0.0020654715206641,0.261340032854586,0.114681951701641,0.1369960755109787,,,,,,,,,,,,,,,,,,,108unh_denoised_engine_features.csv
,misfire,,,,,,,,,,,,,,,,,,,,,,,,,,,,,,,,,,,,,,,,,,,,,,0.0006091772217389814,109unh_denoised_bispectrum.csv
,misfire,,,,,,,,,,,,,,,,,,,,,,,,,,,,,25.783480814933647,0.0209247496152654,0.2641685578114175,0.0,4638.15047818535,7.621503141099285,2.0,3.0,,,,,,,,,,,109unh_denoised_bispectrum_features.csv
,misfire,-120.24568032945903,58.262780222746095,-17.306938826153473,58.525388585548136,-27.69572197799587,51.93643950317479,-8.422805895442487,14.712476218395205,-4.960664952578839,26.986493130741227,-8.198397982622987,19.60709461878815,-13.627657503454357,6847.894251064577,4924.661562789685,12424.973347547975,0.1078174973347547,0.0962855517864227,2.35557804122212e-06,0.0035620286672662,6.045804308262149e-05,0.1156875534664152,-0.0002090360320152,0.0415741956555238,-0.0011000833861389,0.2211151697920683,0.095321424305439,0.1154736950993537,,,,,,,,,,,,,,,,,,,109unh_denoised_engine_features.csv
,misfire,,,,,,,,,,,,,,,,,,,,,,,,,,,,,,,,,,,,,,,,,,,,,,0.0038072351609074375,10unh_denoised_bispectrum.csv
,misfire,,,,,,,,,,,,,,,,,,,,,,,,,,,,,9.135808791989987,0.022840945003324353,0.1475656687958214,0.0,1472.7167042364088,8.363616384604361,1.0,80.0,,,,,,,,,,,10unh_denoised_bispectrum_features.csv
,misfire,-135.42402952491202,77.85074055245063,-4.509304668452481,27.83405692780782,-17.57476012784403,26.295775043693634,5.497316712648292,0.2633055713668245,-1.2646290473751556,11.061812526006475,-5.941471575057198,18.58472427692656,-0.7859522111079875,6378.279160711578,5487.784229098812,12650.972682119203,0.0692928221578366,0.074566401541233,5.157720586991331e-05,0.0248124673416715,-8.788373171035844e-05,0.0795787032882639,3.160108765704885e-05,0.049685562422134,0.0016630370156055,0.1686693338133319,0.0724929496645927,0.0850956365466117,,,,,,,,,,,,,,,,,,,10unh_denoised_engine_features.csv
,misfire,,,,,,,,,,,,,,,,,,,,,,,,,,,,,,,,,,,,,,,,,,,,,,0.0006736726104029201,110unh_denoised_bispectrum.csv
,misfire,,,,,,,,,,,,,,,,,,,,,,,,,,,,,57.71663966681104,0.018996994826661808,0.3519416013040856,0.0,8204.856216751763,7.521651852236008,1.0,1.0,,,,,,,,,,,110unh_denoised_bispectrum_features.csv
,misfire,-127.8547445394269,58.020491115494586,-17.696587340410115,56.66241721231781,-26.468541893810382,53.1193678726539,-6.901459876498605,15.661150981902413,-3.028736897252584,27.726257922302988,-6.163645410977835,19.14195493527138,-12.342500310938508,6786.376103000264,4962.753084376885,12408.232276119405,0.0988993370202558,0.0928800329566001,1.790251081533072e-06,0.0027507719826687,-0.0001217557615466,0.1046444818904768,8.489447292807591e-05,0.0381931115862295,-0.0019706038066425,0.2219613551947017,0.0917108356952667,0.1122589483857154,,,,,,,,,,,,,,,,,,,110unh_denoised_engine_features.csv
,misfire,,,,,,,,,,,,,,,,,,,,,,,,,,,,,,,,,,,,,,,,,,,,,,0.013148095268308456,111unh_denoised_bispectrum.csv
,misfire,,,,,,,,,,,,,,,,,,,,,,,,,,,,,20.758102366548783,0.011594002500730696,0.20263733382988663,0.0,2720.9750762621725,7.119833613633544,1.0,82.0,,,,,,,,,,,111unh_denoised_bispectrum_features.csv
,misfire,-151.48149472072188,60.23766637719503,-24.109506326642293,55.54374539848487,-26.14322208636672,56.56304930313257,-0.6970850423757996,20.168750682377517,-1.884997726914048,30.365308548505684,-6.857441529878975,21.54365955962193,-11.068491631376844,6530.723984253724,4907.9402435509965,12068.363539445629,0.0971002965085287,0.0775318294763565,-1.4238945394057316e-05,0.0025632590222478,-4.265763768535639e-05,0.0796776034737948,-0.0002972491005249,0.0359872605110305,-0.0011417035510448,0.1942256313257677,0.077046200633049,0.0965788066387176,,,,,,,,,,,,,,,,,,,111unh_denoised_engine_features.csv
,misfire,,,,,,,,,,,,,,,,,,,,,,,,,,,,,,,,,,,,,,,,,,,,,,9.611358596853032e-05,112unh_denoised_bispectrum.csv
,misfire,,,,,,,,,,,,,,,,,,,,,,,,,,,,,8.948549640768112,0.014074686266018157,0.10348481891283284,0.0,720.4099525903774,8.211064324301459,1.0,132.0,,,,,,,,,,,112unh_denoised_bispectrum_features.csv
,misfire,-205.9583246183804,58.65404188594416,-33.038329258397184,23.07070697340072,9.018761260150873,41.03094754977471,-17.38878058570686,7.686719759325199,6.04889688444651,22.705195694505065,9.753341465269637,20.439384239564905,3.996084503694125,6382.161617638541,4916.460540688989,11378.48147654584,0.1141890991471215,0.0580117627978324,9.843889327515051e-07,0.045050515399427,0.0003078085670613,0.0794519349679047,5.1737454838613024e-05,0.0560647339032059,-0.0011324165052527,0.1012805864619499,0.0533761233091354,0.0595716945827007,,,,,,,,,,,,,,,,,,,112unh_denoised_engine_features.csv
,misfire,,,,,,,,,,,,,,,,,,,,,,,,,,,,,,,,,,,,,,,,,,,,,,0.0012948152487674471,113unh_denoised_bispectrum.csv
,misfire,,,,,,,,,,,,,,,,,,,,,,,,,,,,,140.21731259355948,0.0231871202165352,0.7302811528195566,0.0,35260.14007271883,6.8634678711552155,1.0,2.0,,,,,,,,,,,113unh_denoised_bispectrum_features.csv
,misfire,-194.0375805142529,60.57384444863438,-23.14177981577451,31.277960379852768,11.88788668177418,39.846263824862575,-13.247089053347317,4.680945072709449,2.326070273446845,20.749172498651618,13.43886801070512,19.4921444455809,2.033328422307417,6000.989621865422,4896.656070201001,11078.441497867803,0.0981882579291044,0.0762402191758155,3.146036237030578e-06,0.0325904050831238,-0.0001062093549232,0.0642974393150395,-0.0003726826542295,0.0633129788791065,-0.0001501985005958,0.2643804902585638,0.0730226784944534,0.090061217546463,,,,,,,,,,,,,,,,,,,113unh_denoised_engine_features.csv
,misfire,,,,,,,,,,,,,,,,,,,,,,,,,,,,,,,,,,,,,,,,,,,,,,0.0002511959844208749,114unh_denoised_bispectrum.csv
,misfire,,,,,,,,,,,,,,,,,,,,,,,,,,,,,68.6269141734508,0.0032221492758967925,0.28105254772316096,0.0,5217.93155554852,4.7889295192617976,1.0,1.0,,,,,,,,,,,114unh_denoised_bispectrum_features.csv
,misfire,-276.5243367641657,49.11965264830975,-19.64091638150825,26.078188780953784,18.317519760543476,35.56740212701944,-11.878629832666007,3.89301096570599,7.897356085519429,24.665625311278905,17.21347864602385,20.86670894085535,9.919819196017066,5670.971575099777,4910.285923497288,10785.44776119403,0.0807090385127931,0.0526408217847347,3.9216017856094354e-07,0.0151325597706481,2.245899807664929e-05,0.0276024222942099,6.430474503583284e-06,0.027702295828751,0.0081549470166053,0.2455591078304014,0.0493488796055316,0.0657335743308067,,,,,,,,,,,,,,,,,,,114unh_denoised_engine_features.csv
,misfire,,,,,,,,,,,,,,,,,,,,,,,,,,,,,,,,,,,,,,,,,,,,,,0.00025228870239371755,115unh_denoised_bispectrum.csv
,misfire,,,,,,,,,,,,,,,,,,,,,,,,,,,,,7.7466437381226525,0.0024452398102030376,0.04490393048268972,0.0,133.5736780209153,7.741592840075245,7.0,7.0,,,,,,,,,,,115unh_denoised_bispectrum_features.csv
,misfire,-257.3347840004795,57.317354434916254,-14.341020621266376,18.64991262893152,10.817439187108468,34.689904887400466,-15.068413671678192,0.9203213886585184,5.366954399306176,21.321560944090475,15.867137214593871,24.36103235083717,12.452195313953132,5790.207332052478,4949.810027705683,10865.954824093817,0.0832129114472281,0.0514305308461189,3.7900677082088894e-06,0.018679109585465,6.836036067001225e-05,0.0370546297996816,-7.828262190715778e-05,0.0203201291942866,0.003312053579217,0.2182505173388303,0.0490749031305313,0.063397966325283,,,,,,,,,,,,,,,,,,,115unh_denoised_engine_features.csv
,misfire,,,,,,,,,,,,,,,,,,,,,,,,,,,,,,,,,,,,,,,,,,,,,,2.5967702569076755e-05,116unh_denoised_bispectrum.csv
,misfire,,,,,,,,,,,,,,,,,,,,,,,,,,,,,4.0784192624433375,0.0018491191106841628,0.03259229846527817,0.0,70.38691078940393,7.212844277726054,88.0,88.0,,,,,,,,,,,116unh_denoised_bispectrum_features.csv
,misfire,-331.5426516828024,38.91414478895901,-33.102900460158914,26.396162087420823,7.021190549698007,36.98861777628607,-12.591370312493904,2.4586992369578025,5.946262136383927,21.68234908845104,17.198779307762532,23.83014622271404,1.974438513182437,6758.726094558811,5071.554381306231,12094.549573560767,0.1184305870202558,0.0148220872506499,-3.955905477316376e-06,0.0095455035113528,1.0087072810451324e-05,0.027571561539723,5.961834738430111e-05,0.0163589783297475,9.670932157757343e-05,0.0261202820470568,0.0137372482568025,0.0155024053528904,,,,,,,,,,,,,,,,,,,116unh_denoised_engine_features.csv
,misfire,,,,,,,,,,,,,,,,,,,,,,,,,,,,,,,,,,,,,,,,,,,,,,0.0001612306192904526,117unh_denoised_bispectrum.csv
,misfire,,,,,,,,,,,,,,,,,,,,,,,,,,,,,27.12938663964101,0.00261099858271206,0.16421996475176956,0.0,1781.6727087130073,4.369599976928947,1.0,1.0,,,,,,,,,,,117unh_denoised_bispectrum_features.csv
,misfire,-308.8647760671472,55.08535383732483,-7.96937091409444,23.04334805289296,14.678616652617713,30.14257766621709,-7.760658447095273,-8.672936835624652,3.433136580615669,13.99888944678414,13.191889373821311,17.380964823032837,0.1404259718000649,5524.146825913502,4959.74460771364,10690.24853411514,0.0826069846082089,0.0346488058567047,-3.282996018843565e-06,0.0054974565295366,-4.015561579504274e-06,0.0149537814592908,-7.829450948442883e-05,0.0101355621065439,-0.0010940543126752,0.1970450640765906,0.0329452231526374,0.0429660975933074,,,,,,,,,,,,,,,,,,,117unh_denoised_engine_features.csv
,misfire,,,,,,,,,,,,,,,,,,,,,,,,,,,,,,,,,,,,,,,,,,,,,,1.022876293304006e-05,118unh_denoised_bispectrum.csv
,misfire,,,,,,,,,,,,,,,,,,,,,,,,,,,,,1.2519765174160487,0.0012471975903428666,0.018690285724802008,0.0,23.17542386390317,7.070255657999354,85.0,88.0,,,,,,,,,,,118unh_denoised_bispectrum_features.csv
,misfire,-346.8544767726347,52.09560686859529,-27.40355945104037,28.15713391667149,7.123346424116368,37.93663539388967,-16.082619383623847,-2.077146053222729,4.194460764793825,15.7596760460433,14.683140648661848,20.57493958414425,-0.3334423126191621,6349.648607832542,4975.700235886746,11519.056503198295,0.1120319163113006,0.0146947829052805,1.1437205524586416e-06,0.0080691868141096,6.139786151335363e-05,0.0241197042194993,-2.8201472768960383e-05,0.0125893858162075,8.250779999361325e-05,0.0375472663963291,0.0138191953301429,0.0161959659308195,,,,,,,,,,,,,,,,,,,118unh_denoised_engine_features.csv
,misfire,,,,,,,,,,,,,,,,,,,,,,,,,,,,,,,,,,,,,,,,,,,,,,0.00012035184254996452,119unh_denoised_bispectrum.csv
,misfire,,,,,,,,,,,,,,,,,,,,,,,,,,,,,46.69585770097444,0.007426974706955149,0.30832354238337956,0.0,6282.4862146851165,6.046852193101418,7.0,8.0,,,,,,,,,,,119unh_denoised_bispectrum_features.csv
,misfire,-231.6403979433585,61.64992049142502,-10.706383576038338,27.372744095910274,3.127880165188857,36.770440152053,-13.500632449271505,-3.110986087978304,8.52829056945572,13.214810271655589,14.028932185552543,21.61077856874543,5.041265648358536,6079.77025217165,4922.278490061553,11044.359674840083,0.1007514742137526,0.0556903667747974,-2.74350060294329e-07,0.0180979685571904,-9.171531551945888e-05,0.0625292052097053,-0.0001049741045534,0.0193350578770274,4.814664143649834e-05,0.189762183402688,0.0528623573482036,0.0642108991742134,,,,,,,,,,,,,,,,,,,119unh_denoised_engine_features.csv
,misfire,,,,,,,,,,,,,,,,,,,,,,,,,,,,,,,,,,,,,,,,,,,,,,0.0008385241387005722,11unh_denoised_bispectrum.csv
,misfire,,,,,,,,,,,,,,,,,,,,,,,,,,,,,49.498642059746565,0.053722838931832,0.6702602655820588,0.0,29863.062438092824,7.306383490004267,1.0,5.0,,,,,,,,,,,11unh_denoised_bispectrum_features.csv
,misfire,-74.05006683033429,110.06404431299504,-41.37679723801287,32.22414032465303,-21.19505598398572,30.01835648283747,-32.254499423046106,2.0440703256755235,-3.3798843651779182,20.917458993132467,-8.45259826406736,22.50202598818524,0.3885769611737149,4487.863124703889,4489.162265160401,9378.748001066098,0.0671954124466951,0.146127164363861,-1.500884539066785e-06,0.0010678241361069,-0.0002593793415626,0.0734995479087902,-0.0002642647348692,0.0661447329676983,-0.0029119313082772,0.4052480382285922,0.1457649618387222,0.1832363903522491,,,,,,,,,,,,,,,,,,,11unh_denoised_engine_features.csv
,misfire,,,,,,,,,,,,,,,,,,,,,,,,,,,,,,,,,,,,,,,,,,,,,,0.0013911836207307427,120unh_denoised_bispectrum.csv
,misfire,,,,,,,,,,,,,,,,,,,,,,,,,,,,,8.547050913895514,0.016014314553607467,0.11595427953222416,0.0,904.9937028297088,8.243659735172418,1.0,109.0,,,,,,,,,,,120unh_denoised_bispectrum_features.csv
,misfire,-192.4656940652742,46.471866517840574,-17.742268939254558,24.632794940796977,1.548026929218134,43.21292280505467,-18.05773117264324,0.3562565615449848,7.872996149200658,15.746970075256415,17.2310116571909,24.95531876708577,7.727734957025072,6866.627478576948,5000.503649240058,11964.2690565032,0.1153541028118336,0.0714227706193924,1.9701339977612124e-06,0.0329188109395699,1.4040838515396246e-06,0.1059244891700735,1.9843325198474506e-05,0.0354370526694738,0.0006318535248772,0.1469995012154181,0.0663891956210136,0.0756250470876693,,,,,,,,,,,,,,,,,,,120unh_denoised_engine_features.csv
,misfire,,,,,,,,,,,,,,,,,,,,,,,,,,,,,,,,,,,,,,,,,,,,,,0.0014286231372201716,121unh_denoised_bispectrum.csv
,misfire,,,,,,,,,,,,,,,,,,,,,,,,,,,,,21.195420628594285,0.02187902448606848,0.21989645233206423,0.0,3225.3801603371,8.023115102049156,1.0,103.0,,,,,,,,,,,121unh_denoised_bispectrum_features.csv
,misfire,-180.97565370710635,47.42988586938532,-15.89112048529148,25.54667920265465,6.110761127432674,44.89538436678652,-15.87497590198148,1.367640485364068,6.818087304789507,14.647114695001008,14.04012205563743,19.814075904998173,3.906810215925478,6909.679923804877,5098.527020201384,12146.52185501066,0.1124400319829424,0.0778699442744255,-3.646895187768393e-05,0.0379872111424917,0.0001744225030241,0.1101321676868186,0.0002336908959357,0.0361891175513262,0.000486641610063,0.1625833298537582,0.0720223039388656,0.0819943994283676,,,,,,,,,,,,,,,,,,,121unh_denoised_engine_features.csv
,misfire,,,,,,,,,,,,,,,,,,,,,,,,,,,,,,,,,,,,,,,,,,,,,,0.0011708217129397635,122unh_denoised_bispectrum.csv
,misfire,,,,,,,,,,,,,,,,,,,,,,,,,,,,,88.81304797156454,0.025049003626553237,0.6143545911929349,0.0,24970.419967765218,7.012503030558872,0.0,8.0,,,,,,,,,,,122unh_denoised_bispectrum_features.csv
,misfire,-179.52128570149773,64.02641555457366,-17.83833627828852,20.854206914559715,9.4530567754378,33.259725335995604,-15.784335131346133,-2.611807141931322,12.183914357513553,16.08533349210862,13.27020424858217,25.10201382173084,9.360803047535198,6096.216373109683,5205.512086290863,11553.837953091685,0.1031845515724946,0.0843663141131401,1.8916332772197534e-05,0.0327152706656493,5.200402169922957e-05,0.0706658655056781,-0.0002747396963056,0.0598919297793423,-0.0006438185619068,0.2629009500224938,0.0813090428709983,0.10136728733778,,,,,,,,,,,,,,,,,,,122unh_denoised_engine_features.csv
,misfire,,,,,,,,,,,,,,,,,,,,,,,,,,,,,,,,,,,,,,,,,,,,,,0.001175205451158788,123unh_denoised_bispectrum.csv
,misfire,,,,,,,,,,,,,,,,,,,,,,,,,,,,,58.17290774959333,0.021825672813027486,0.3688104570648888,0.0,9015.524251602606,7.456733087067225,3.0,3.0,,,,,,,,,,,123unh_denoised_bispectrum_features.csv
,misfire,-202.894136634302,46.262200185034686,-21.60737129729288,30.406174914521603,14.45726624386726,43.36010251982383,-16.346742351667267,4.79959560134258,4.361993393632845,16.39577478588712,12.17434216149191,18.942853758271337,2.833613491970413,6539.994602011624,5090.100426875877,11846.631796375266,0.103486473880597,0.0758188888430595,1.850990924294412e-05,0.0302630688921027,-0.0001454987507271,0.0723018374443233,-0.0001061986280462,0.1085821178851951,-0.0007195642113977,0.2012354485201751,0.0723513066768646,0.0878885388374328,,,,,,,,,,,,,,,,,,,123unh_denoised_engine_features.csv
,misfire,,,,,,,,,,,,,,,,,,,,,,,,,,,,,,,,,,,,,,,,,,,,,,0.0013903959237134725,124unh_denoised_bispectrum.csv
,misfire,,,,,,,,,,,,,,,,,,,,,,,,,,,,,10.150850251419548,0.009819474492068077,0.10293208342178854,0.0,706.1586482300926,8.040716422081452,1.0,131.0,,,,,,,,,,,124unh_denoised_bispectrum_features.csv
,misfire,-200.49832336072623,58.42047318195841,-17.010616878291092,26.688439876044168,3.9637930806923953,46.57387265845819,-16.920231960610767,6.736186814243948,11.152800606616232,21.59799386972164,16.740889088896267,25.328694138285,10.07830303076096,6385.555073289953,4969.321863189804,11309.21841684435,0.1029534248400853,0.0702161267399787,-4.8807657624081615e-06,0.0374709366952132,-0.0002731809989029,0.0852720073247199,-0.0001301335925642,0.0282879425636491,-0.0012691766333073,0.1507932513201774,0.066436767578125,0.0785738602280616,,,,,,,,,,,,,,,,,,,124unh_denoised_engine_features.csv
,misfire,,,,,,,,,,,,,,,,,,,,,,,,,,,,,,,,,,,,,,,,,,,,,,0.0009575698662811008,125unh_denoised_bispectrum.csv
,misfire,,,,,,,,,,,,,,,,,,,,,,,,,,,,,30.230963095181977,0.019874071436843097,0.23265597985654665,0.0,3601.24138818036,7.8582515659146255,0.0,7.0,,,,,,,,,,,125unh_denoised_bispectrum_features.csv
,misfire,-186.21192449533527,54.96200496647949,-13.694387475456589,22.455373814403163,4.41370229178458,45.40802679929049,-16.94915060215057,2.9419629532167684,7.63253003936503,18.050414764505465,19.54265953872875,23.34409583138916,7.771972985460165,6477.734774513559,4988.434210569818,11450.692963752665,0.1071314049173774,0.0841833725571632,4.752006765212928e-06,0.0379683084287912,0.0004309587566244,0.102182446680923,9.793705928275886e-07,0.034292396804894,0.000727316731825,0.2106379561736175,0.07916259765625,0.0944561511278152,,,,,,,,,,,,,,,,,,,125unh_denoised_engine_features.csv
,misfire,,,,,,,,,,,,,,,,,,,,,,,,,,,,,,,,,,,,,,,,,,,,,,0.001514561677066693,12unh_denoised_bispectrum.csv
,misfire,,,,,,,,,,,,,,,,,,,,,,,,,,,,,357.8008909595863,0.04853882222961371,2.1267561264811747,0.0,298901.29109435156,5.9316982107881655,0.0,1.0,,,,,,,,,,,12unh_denoised_bispectrum_features.csv
,misfire,-91.8804601326835,100.79078542287796,-28.08115775006604,39.5669398892488,-19.74573031884328,30.28616870951027,-28.164840047515227,3.046835200495197,2.2300501107252577,22.85467977204288,-8.227778913759506,19.35826744019618,3.2691047805124187,4677.264202297912,4774.001912455883,9954.29104477612,0.051645372468017,0.1522516757249832,-5.7203036386831625e-06,0.0025082663003739,-8.837463245864037e-05,0.0680667818051874,6.966387354500041e-05,0.0486172327390441,0.0005229681929568,0.4213120609607487,0.1517742276191711,0.1961660832166671,,,,,,,,,,,,,,,,,,,12unh_denoised_engine_features.csv
,misfire,,,,,,,,,,,,,,,,,,,,,,,,,,,,,,,,,,,,,,,,,,,,,,0.005239422439503262,13unh_denoised_bispectrum.csv
,misfire,,,,,,,,,,,,,,,,,,,,,,,,,,,,,486.8197632304349,0.10979659154998758,3.2068028837700235,0.0,680016.7281348513,6.478047515967232,0.0,1.0,,,,,,,,,,,13unh_denoised_bispectrum_features.csv
,misfire,-57.30311066458594,95.99621407870788,-26.051251412775585,37.45661841868857,-21.111462176063156,33.68905782582191,-22.88271721216431,5.619475759082864,1.785624969132282,18.7963326994596,-11.223586835151822,16.12934939325134,2.739377337387749,4960.841220958309,4906.483332675461,10425.68963219616,0.0519452125533049,0.2056923508644104,1.740146608481059e-05,0.0060877328715886,-0.0002365384654445,0.1035916150551058,-2.7970530030114903e-05,0.0647331462119949,-0.003884561899399,0.5625814291990425,0.2050691097974777,0.2673385143280029,,,,,,,,,,,,,,,,,,,13unh_denoised_engine_features.csv
,misfire,,,,,,,,,,,,,,,,,,,,,,,,,,,,,,,,,,,,,,,,,,,,,,0.0008895436985400162,14unh_denoised_bispectrum.csv
,misfire,,,,,,,,,,,,,,,,,,,,,,,,,,,,,202.5294128218582,0.035634914483660685,1.0524251808328355,0.0,73239.6627149755,6.612725240098208,0.0,1.0,,,,,,,,,,,14unh_denoised_bispectrum_features.csv
,misfire,-91.90762009467704,99.65455002971308,-19.060516940683875,35.08173148416434,-25.22716110839545,26.67810819763281,-22.573583659337423,3.071580049872701,3.272090456270236,18.22532041554523,-7.425284158386543,19.365378553764717,8.098434610751543,4917.060690017229,4927.304574083954,10375.4164445629,0.0533340551705756,0.1367723196744918,1.8689385037733007e-05,0.0041932099799094,-0.0002790978302544,0.0702986179588574,0.0002424622273219,0.0460618295307846,-0.0052845032082232,0.381305678839314,0.1362620592117309,0.1755876690149307,,,,,,,,,,,,,,,,,,,14unh_denoised_engine_features.csv
,misfire,,,,,,,,,,,,,,,,,,,,,,,,,,,,,,,,,,,,,,,,,,,,,,0.0025381358511103783,15unh_denoised_bispectrum.csv
,misfire,,,,,,,,,,,,,,,,,,,,,,,,,,,,,235.7478071544284,0.07118783106405059,1.2147586074550076,0.0,97799.162593626,7.269822295717992,1.0,1.0,,,,,,,,,,,15unh_denoised_bispectrum_features.csv
,misfire,-65.46770914408907,95.96014724011728,-19.98231200547353,36.16494831496898,-30.261974708249586,27.906864190769195,-25.66162176626396,3.092581457926167,3.596233814366127,21.907009412627183,-6.846728534847019,22.99147864435545,4.937928048164454,5268.559571375487,4970.468255691061,10731.37659914712,0.061431819696162,0.1622820496559143,3.424435669175798e-05,0.004812160929038,6.428411209160254e-05,0.1088834211215286,-0.0002642610481378,0.0586257787792827,-0.003620459786649,0.4310541919517196,0.1620003879070282,0.2067972272634506,,,,,,,,,,,,,,,,,,,15unh_denoised_engine_features.csv
,misfire,,,,,,,,,,,,,,,,,,,,,,,,,,,,,,,,,,,,,,,,,,,,,,0.0016600130362520507,16unh_denoised_bispectrum.csv
,misfire,,,,,,,,,,,,,,,,,,,,,,,,,,,,,211.13177938501553,0.049742906947372045,1.014456049137072,0.0,68135.84671606524,7.154331811406026,1.0,1.0,,,,,,,,,,,16unh_denoised_bispectrum_features.csv
,misfire,-79.25807409057909,96.68528105667568,-22.96516736798256,35.90549818376335,-29.75667219928079,29.346096231736805,-23.131012525452427,4.954451975070936,3.177340408878262,21.2534948200366,-8.61740847044726,21.61972518287719,3.281533280574076,5221.515983994854,4920.403099794266,10598.297574626866,0.0623552855143923,0.1405995935201645,-9.486626923408303e-06,0.0035537822746551,-3.954579425260249e-05,0.0948540184534862,0.0002142388483244,0.0577164343418306,-0.0045344958922567,0.3724469294214951,0.1403281092643737,0.1784285753965377,,,,,,,,,,,,,,,,,,,16unh_denoised_engine_features.csv
,misfire,,,,,,,,,,,,,,,,,,,,,,,,,,,,,,,,,,,,,,,,,,,,,,0.00173498569043611,17unh_denoised_bispectrum.csv
,misfire,,,,,,,,,,,,,,,,,,,,,,,,,,,,,202.75152521078192,0.05837633482824716,1.1260633946227447,0.0,83976.45320339409,7.0867092559416855,1.0,1.0,,,,,,,,,,,17unh_denoised_bispectrum_features.csv
,misfire,-74.65619530450986,95.13471078526214,-20.424990193246195,35.59937933211895,-28.76057981912036,30.663576524622805,-22.095014468061507,4.023746099996968,3.2998403262956524,21.30437400657607,-7.944981074791101,19.322164444430125,2.643541047458442,5274.115738763129,4964.9157622400335,10719.83275586354,0.0638971715085287,0.1468099504709243,2.047533317129665e-06,0.0041019086343986,2.177475067199252e-06,0.0993560655501706,7.212207317618039e-05,0.054920294010253,-0.0055630193013109,0.3914658099753911,0.1463566571474075,0.1861607432365417,,,,,,,,,,,,,,,,,,,17unh_denoised_engine_features.csv
,misfire,,,,,,,,,,,,,,,,,,,,,,,,,,,,,,,,,,,,,,,,,,,,,,0.013337858388676231,18unh_denoised_bispectrum.csv
,misfire,,,,,,,,,,,,,,,,,,,,,,,,,,,,,422.90633874482927,0.09789463369985132,2.12646387697164,0.0,299296.5508055733,6.842075073136576,1.0,1.0,,,,,,,,,,,18unh_denoised_bispectrum_features.csv
,misfire,-57.69234506640125,100.62214641804198,-17.998110532776987,32.339160769715924,-27.997994610506044,31.08310625771223,-23.49137551341498,1.8849677166699397,0.9964503642429672,18.171573537141565,-4.08336370869028,19.89400425698752,1.7182289501293706,5083.509677562287,4999.726043321449,10626.432569296376,0.0590018656716417,0.1773394495248794,2.259579720119532e-05,0.006911169707139,-4.236105242678281e-05,0.1059528909912251,-0.0003077127422572,0.0515562710009934,-0.0071933482716403,0.4804882984608812,0.1770281493663787,0.2249311059713363,,,,,,,,,,,,,,,,,,,18unh_denoised_engine_features.csv
,misfire,,,,,,,,,,,,,,,,,,,,,,,,,,,,,,,,,,,,,,,,,,,,,,0.01064830828493288,19unh_denoised_bispectrum.csv
,misfire,,,,,,,,,,,,,,,,,,,,,,,,,,,,,93.7297727650335,0.05852441905558361,0.7724964500231267,0.0,39641.01623076564,7.442243938811133,1.0,7.0,,,,,,,,,,,19unh_denoised_bispectrum_features.csv
,misfire,-66.96696073923609,97.8264346554201,-20.94030980166204,28.596333577631626,-27.842741683612815,30.25440057623316,-22.269083459070718,-1.6145266866707495,-4.5723576734985,14.779839951116896,-1.8162942944963425,20.43164393038932,2.615479012767045,5159.4929208294825,5004.377052607538,10680.653651385928,0.061390175239872,0.1548074036836624,-9.64822599630112e-06,0.0068223416108271,-4.767958377902272e-05,0.0958795763402612,0.0003633584679414,0.0510272837195592,-0.0039730711084798,0.4184778541118529,0.1544554829597473,0.1957476586103439,,,,,,,,,,,,,,,,,,,19unh_denoised_engine_features.csv
,misfire,,,,,,,,,,,,,,,,,,,,,,,,,,,,,,,,,,,,,,,,,,,,,,0.002557289266560204,20unh_denoised_bispectrum.csv
,misfire,,,,,,,,,,,,,,,,,,,,,,,,,,,,,150.0006107940075,0.03515544317946933,0.9218983278307512,0.0,56216.44600396057,6.811965157147811,0.0,1.0,,,,,,,,,,,20unh_denoised_bispectrum_features.csv
,misfire,-86.2392649884533,97.69570024559503,-25.727798509258346,19.495703199153077,-28.68136859025565,29.555674897186982,-13.89962096714978,-2.939257626525761,-7.605292503331482,9.913144032228436,1.4355994318225314,22.43169511281305,4.4618747777538506,5047.405401458499,4972.38168517325,10441.28131663113,0.0688205873534115,0.1225599125027656,2.0667007094757247e-05,0.0115078823176982,-0.0001962007479035,0.0695200308278468,0.0001258099935575,0.0432722188050461,-0.001376946922402,0.3415332739381697,0.1220570132136344,0.154504969716072,,,,,,,,,,,,,,,,,,,20unh_denoised_engine_features.csv
,misfire,,,,,,,,,,,,,,,,,,,,,,,,,,,,,,,,,,,,,,,,,,,,,,0.0072633650291670975,21unh_denoised_bispectrum.csv
,misfire,,,,,,,,,,,,,,,,,,,,,,,,,,,,,77.99882943437315,0.06869400690010438,0.8079168403510829,0.0,43423.815151341194,7.566009645569038,1.0,16.0,,,,,,,,,,,21unh_denoised_bispectrum_features.csv
,misfire,-62.59246582287492,89.1305400376228,-27.96551074310152,16.208542116822414,-28.71122710395958,29.70811218815494,-9.286523630320737,-5.007389358771625,-7.156935086170962,7.5938676878353775,0.9171418006790956,22.51432558594497,4.336220153501097,5407.564417346106,4975.793922400241,10526.285980810237,0.0802238805970149,0.1421770751476287,2.1993893161905347e-05,0.0112000237547962,3.352310627030266e-05,0.1056365035866518,2.8885317042635697e-05,0.0616471537909652,0.0013302274848995,0.3742611476415989,0.1417178213596344,0.1761407554149627,,,,,,,,,,,,,,,,,,,21unh_denoised_engine_features.csv
,misfire,,,,,,,,,,,,,,,,,,,,,,,,,,,,,,,,,,,,,,,,,,,,,,0.012468011858053917,22unh_denoised_bispectrum.csv
,misfire,,,,,,,,,,,,,,,,,,,,,,,,,,,,,79.45621587810462,0.05703449427939076,0.7546848392280173,0.0,37833.008551354185,7.433544763454128,1.0,20.0,,,,,,,,,,,22unh_denoised_bispectrum_features.csv
,misfire,-105.22881683462492,91.41846356714004,-13.829942516936452,25.099376770675985,-25.2381232768032,28.089793605688097,-7.379047558524852,-11.648729288496392,-12.227024644112358,9.12753343196582,8.343803704441896,27.227678457345693,1.9661359514759489,5354.087889699037,4977.364244485971,10503.99786780384,0.08003648054371,0.1141259670257568,-4.373056890462509e-06,0.0248673363472005,-1.1552734163158742e-05,0.0878908959414009,0.0001383063983097,0.0549211669425389,-0.0023140838467582,0.2966747250352039,0.113244742155075,0.1389399915933609,,,,,,,,,,,,,,,,,,,22unh_denoised_engine_features.csv
,misfire,,,,,,,,,,,,,,,,,,,,,,,,,,,,,,,,,,,,,,,,,,,,,,0.005853081528038566,23unh_denoised_bispectrum.csv
,misfire,,,,,,,,,,,,,,,,,,,,,,,,,,,,,157.98026037613408,0.10537742423858087,1.3790164666132425,0.0,126337.92065417532,7.528692844267237,1.0,19.0,,,,,,,,,,,23unh_denoised_bispectrum_features.csv
,misfire,-90.94462941027386,95.32154122399922,-14.66041630167102,20.15140706857686,-23.994561337417107,23.361972102712087,-6.919110412749391,-13.481368572525058,-10.9172045007325,8.73661439170846,10.01325946511645,28.8887941302942,1.6930513807355752,5331.684359498473,5004.938867251497,10472.014925373134,0.0921706339952025,0.1384711563587188,0.0001219692398971,0.0529337877199732,-0.0001416050206832,0.1007115153471988,0.0004325403630477,0.0707601252749291,-0.0027681827247342,0.3484560087235356,0.1373416632413864,0.168223425745964,,,,,,,,,,,,,,,,,,,23unh_denoised_engine_features.csv
,misfire,,,,,,,,,,,,,,,,,,,,,,,,,,,,,,,,,,,,,,,,,,,,,,0.011316764380858012,24unh_denoised_bispectrum.csv
,misfire,,,,,,,,,,,,,,,,,,,,,,,,,,,,,112.15189450190049,0.08923023884004919,1.0297077188373012,0.0,70557.50617699971,7.665235622175806,1.0,19.0,,,,,,,,,,,24unh_denoised_bispectrum_features.csv
,misfire,-94.45731398914867,81.10136220587492,-21.013271176538748,29.474621485627164,-24.22832581293864,25.09748797624585,-9.83038111077074,-18.6846276627234,-15.196070015971909,12.07663301789814,10.876840590006111,28.96846249065492,1.1733809092269611,5546.919393029967,4826.410688339036,10321.39525586354,0.0822155267190831,0.1216129586100578,3.057935881720151e-05,0.0139017168540379,-0.000159446587859,0.1138771267523573,-0.000628770463145,0.0843610296976496,-0.0006996608779687,0.2969079982241487,0.1204120814800262,0.143793523311615,,,,,,,,,,,,,,,,,,,24unh_denoised_engine_features.csv
,misfire,,,,,,,,,,,,,,,,,,,,,,,,,,,,,,,,,,,,,,,,,,,,,,0.0119050734229242,25unh_denoised_bispectrum.csv
,misfire,,,,,,,,,,,,,,,,,,,,,,,,,,,,,97.83399193079283,0.05736265023850656,0.8047472670580288,0.0,42991.864596900086,7.485077587458288,1.0,19.0,,,,,,,,,,,25unh_denoised_bispectrum_features.csv
,misfire,-105.07187666617504,86.07860242052841,-16.934701989667158,32.87109971497425,-23.753223543722665,24.520437068031185,-13.959451723852943,-21.282727371704784,-16.590969694209097,9.815374661587924,7.32943306974073,29.46039395803286,0.6505633564076327,5320.744070183054,4852.173014258394,10152.735207889124,0.0703510211220682,0.1245685592293739,6.840451853969719e-05,0.009907715975983,-7.657737815927154e-05,0.102748631808827,-7.813822909539514e-05,0.0691804955277688,-0.0008177744954747,0.3202112547963158,0.1233696788549423,0.1512248665094375,,,,,,,,,,,,,,,,,,,25unh_denoised_engine_features.csv
,misfire,,,,,,,,,,,,,,,,,,,,,,,,,,,,,,,,,,,,,,,,,,,,,,0.0037076325909654105,26unh_denoised_bispectrum.csv
,misfire,,,,,,,,,,,,,,,,,,,,,,,,,,,,,103.89237902589691,0.078901503641852,1.0951711390994672,0.0,79630.34353705091,7.326537571119584,1.0,20.0,,,,,,,,,,,26unh_denoised_bispectrum_features.csv
,misfire,-97.29205722557526,89.1064307052896,-13.422775368738092,35.473480931546895,-21.12628926616032,24.80125698236912,-14.333851223991196,-19.73123642725888,-15.27338721058073,8.594426209967962,4.504045141836548,26.55675252333876,-0.19511813802032,5300.601106080978,4899.060465348584,10213.502798507465,0.0696357775852878,0.1295701712369918,-8.625833675723785e-05,0.0122165364894365,0.0001133440412946,0.108689336717774,0.0002121263331278,0.0702375841442555,-0.0005480738874315,0.3312410036311422,0.1284606009721756,0.1577220112085342,,,,,,,,,,,,,,,,,,,26unh_denoised_engine_features.csv
,misfire,,,,,,,,,,,,,,,,,,,,,,,,,,,,,,,,,,,,,,,,,,,,,,0.011380183462840667,27unh_denoised_bispectrum.csv
,misfire,,,,,,,,,,,,,,,,,,,,,,,,,,,,,77.67299378672352,0.07096492434779593,0.6696593054867188,0.0,29951.874490924158,7.911157997922508,1.0,19.0,,,,,,,,,,,27unh_denoised_bispectrum_features.csv
,misfire,-100.92068838461115,76.36455906339896,-17.95896453140061,36.55540687681177,-22.292459104133144,25.01882748972669,-15.187492768844676,-18.93728285650301,-17.42807109142791,10.33881392066655,7.343543622596881,27.006430109087923,2.469007666565933,5716.323032318216,4860.1433944393375,10709.888059701492,0.0809609874733475,0.1158911511301994,-3.5402516668254e-05,0.0133827875587221,0.000386598605201,0.1134378811100532,-0.001360178179503,0.0783389800656701,-0.0010095756016807,0.281623225531467,0.1143856719136238,0.1373113244771957,,,,,,,,,,,,,,,,,,,27unh_denoised_engine_features.csv
,misfire,,,,,,,,,,,,,,,,,,,,,,,,,,,,,,,,,,,,,,,,,,,,,,0.003728247270461391,28unh_denoised_bispectrum.csv
,misfire,,,,,,,,,,,,,,,,,,,,,,,,,,,,,92.08802146999585,0.07677581533627155,0.88932782679657,0.0,52627.74474308455,7.76566368238393,1.0,19.0,,,,,,,,,,,28unh_denoised_bispectrum_features.csv
,misfire,-100.43151154207834,79.55267425937963,-15.74715540983742,35.72031063181958,-23.04309020891789,25.670894034095618,-17.253494524623875,-20.46799294954145,-18.63459540127443,11.340005739814549,10.421562324161163,25.560554938925986,0.9610254196924018,5571.480597638607,4834.161844264372,10559.068496801705,0.0782551389259061,0.1231693997979164,-1.2804876349818393e-05,0.0134631727806693,-0.0001545009272693,0.1104687962669987,0.0002177745469003,0.0760699956027938,-0.0001878848918503,0.3132524753172716,0.1216858178377151,0.1477068811655044,,,,,,,,,,,,,,,,,,,28unh_denoised_engine_features.csv
,misfire,,,,,,,,,,,,,,,,,,,,,,,,,,,,,,,,,,,,,,,,,,,,,,0.00840171844521336,29unh_denoised_bispectrum.csv
,misfire,,,,,,,,,,,,,,,,,,,,,,,,,,,,,109.60491398455692,0.09524352110875069,0.9506343964355757,0.0,60288.01362109118,7.814342943920269,1.0,19.0,,,,,,,,,,,29unh_denoised_bispectrum_features.csv
,misfire,-94.5510725227043,78.01610400141554,-13.423844569939025,35.899756597287606,-21.858116651971027,28.36653769239702,-13.048671345635418,-18.694073094094986,-17.310080114888258,10.739165053561807,9.604846091403797,25.993862078159506,1.090964008662357,5698.94750898022,4897.935148709707,10708.738672707888,0.0782603444829424,0.1272709518671035,2.155661798240349e-05,0.0144100570245728,-1.6984674430052494e-05,0.1227802147272713,-0.0006872373825604,0.0839350141873518,-0.0012324768350578,0.3078789963952481,0.1258394718170166,0.1515731811523437,,,,,,,,,,,,,,,,,,,29unh_denoised_engine_features.csv
,misfire,,,,,,,,,,,,,,,,,,,,,,,,,,,,,,,,,,,,,,,,,,,,,,0.0031612731479030943,30unh_denoised_bispectrum.csv
,misfire,,,,,,,,,,,,,,,,,,,,,,,,,,,,,99.80428879425784,0.08092537123463854,0.8843854187836947,0.0,52091.95362574922,7.742523436228892,1.0,19.0,,,,,,,,,,,30unh_denoised_bispectrum_features.csv
,misfire,-103.8290132223424,75.62767106569532,-17.106820621551158,34.03101221490746,-21.720724766214225,29.07132473098846,-11.644349149685947,-18.25633161735969,-16.67827039522023,11.626576384564547,11.506992296814866,27.65726952521394,2.039043346705588,5766.010500116851,4882.4443046089655,10750.616337953092,0.0806621884994669,0.1130438148975372,-1.9163653134975136e-05,0.014069892576068,0.0002596818065228,0.1134203044951417,-0.0001979389238583,0.0785095961518957,-0.0017103253391888,0.2697420381062455,0.1115846931934356,0.1335374563932418,,,,,,,,,,,,,,,,,,,30unh_denoised_engine_features.csv
,misfire,,,,,,,,,,,,,,,,,,,,,,,,,,,,,,,,,,,,,,,,,,,,,,0.01853354438469874,31unh_denoised_bispectrum.csv
,misfire,,,,,,,,,,,,,,,,,,,,,,,,,,,,,88.70420591419449,0.07625002989527972,0.7247407102208806,0.0,35076.190926334246,7.935542704547549,1.0,19.0,,,,,,,,,,,31unh_denoised_bispectrum_features.csv
,misfire,-101.86239254412456,75.95847384659137,-16.953056823776524,33.4098570728138,-23.465660335640976,27.819940740344045,-12.788411786389611,-18.05122576911631,-16.771942101036956,11.898109375233764,11.219583158383523,26.97370985173227,3.016324559582712,5773.539615436648,4889.661670001011,10806.886327292112,0.0811369353011727,0.1135144010186195,-4.336297735873828e-05,0.0161724210898471,0.0001031331057096,0.1139496438606905,-0.0012933681948556,0.081464025143542,-0.0006777066103108,0.268458639688606,0.1120229065418243,0.1335097849369049,,,,,,,,,,,,,,,,,,,31unh_denoised_engine_features.csv
,misfire,,,,,,,,,,,,,,,,,,,,,,,,,,,,,,,,,,,,,,,,,,,,,,0.0028322100876737276,32unh_denoised_bispectrum.csv
,misfire,,,,,,,,,,,,,,,,,,,,,,,,,,,,,75.72209500410166,0.09947114570953379,0.9290232691480784,0.0,57659.37302595403,7.849103560114264,1.0,19.0,,,,,,,,,,,32unh_denoised_bispectrum_features.csv
,misfire,-97.09865607873188,75.63573795468241,-14.027294036331046,35.81214816095183,-25.84750859673028,25.92488832131299,-13.888212546113468,-17.03748117618449,-14.451750745299789,14.104444161580734,9.472094560740183,26.091561996278088,2.0919489849308177,5835.368983263396,4902.730562600994,10931.120069296376,0.080549748467484,0.1203978136181831,-1.5439518927154952e-05,0.0147862541203487,3.67989312472e-05,0.1255520348214322,3.120100465472454e-05,0.0873462188195982,-0.0012315295880332,0.2808229406128639,0.1188661754131317,0.142034649848938,,,,,,,,,,,,,,,,,,,32unh_denoised_engine_features.csv
,misfire,,,,,,,,,,,,,,,,,,,,,,,,,,,,,,,,,,,,,,,,,,,,,,0.0009700327791970948,33unh_denoised_bispectrum.csv
,misfire,,,,,,,,,,,,,,,,,,,,,,,,,,,,,8.057700173160608,0.006202249544110151,0.07494810271166685,0.0,373.55240458004926,7.487889503736135,4.0,62.0,,,,,,,,,,,33unh_denoised_bispectrum_features.csv
,misfire,-219.7186987983661,73.59726517551755,-13.470552020344227,33.89473869176303,-26.08728066485133,30.14885508643931,12.968292500431838,1.2345369199227874,0.6984324726810174,18.95270336680145,-9.034276242088676,16.093170933034646,-1.0855366899498893,5859.223127405228,4963.014094082346,10993.386860341152,0.0662958921908315,0.0449354760348796,4.978858210642834e-06,0.0066157159199041,-6.839751375914267e-05,0.0533994882943284,-0.0001766536359144,0.0567705603816411,-0.0022050888834627,0.0986169511645396,0.0433802008628845,0.0513851828873157,,,,,,,,,,,,,,,,,,,33unh_denoised_engine_features.csv
,misfire,,,,,,,,,,,,,,,,,,,,,,,,,,,,,,,,,,,,,,,,,,,,,,0.01423396278546618,34unh_denoised_bispectrum.csv
,misfire,,,,,,,,,,,,,,,,,,,,,,,,,,,,,52.416495345095115,0.05445229222637898,0.6524175653386448,0.0,28309.50836446624,7.524210267941288,4.0,64.0,,,,,,,,,,,34unh_denoised_bispectrum_features.csv
,misfire,-135.50312629975647,75.5548018728344,-13.302625316393142,34.98150763187741,-29.01236076363197,32.62100858041379,8.046244057383579,2.044258693217217,-0.1440289057689031,20.36293676704475,-9.414387455938565,14.84249976381349,-2.8404418928883297,5933.040912449283,5008.465762773332,11290.578358208955,0.0596275736273987,0.0962157994508743,-1.6152784787497365e-05,0.0142912246491647,0.0001502522040734,0.1004287279586206,-0.0030662402073563,0.1048694605038761,-0.002052001133611,0.2124031360505355,0.0943070650100708,0.1138495579361915,,,,,,,,,,,,,,,,,,,34unh_denoised_engine_features.csv
,misfire,,,,,,,,,,,,,,,,,,,,,,,,,,,,,,,,,,,,,,,,,,,,,,0.005327918769004958,35unh_denoised_bispectrum.csv
,misfire,,,,,,,,,,,,,,,,,,,,,,,,,,,,,41.96077454654672,0.0333535615109382,0.46059852323060096,0.0,14085.838247590227,7.367550720851127,4.0,63.0,,,,,,,,,,,35unh_denoised_bispectrum_features.csv
,misfire,-150.98282883203134,75.76659616528748,-11.300057501225607,34.90182529244976,-28.55294961796709,30.657966306139794,8.879550402827546,0.4493881603753362,-0.3536929452556662,19.30628841473888,-8.016631947860633,15.883519714081046,-1.2155259396195874,5892.629245112394,4995.301743765415,11191.53118336887,0.0615525886194029,0.0834111124277114,5.490188073521402e-05,0.011692822789184,-2.791291396301723e-05,0.0914193478170424,-6.208446394309534e-05,0.089105949030615,-0.0013630717409744,0.1833579420811878,0.0814728513360023,0.097057931125164,,,,,,,,,,,,,,,,,,,35unh_denoised_engine_features.csv
,misfire,,,,,,,,,,,,,,,,,,,,,,,,,,,,,,,,,,,,,,,,,,,,,,0.014564621626343135,36unh_denoised_bispectrum.csv
,misfire,,,,,,,,,,,,,,,,,,,,,,,,,,,,,35.80674130806572,0.04741000726567637,0.4093402147032946,0.0,11215.590479597828,7.901902606588853,4.0,63.0,,,,,,,,,,,36unh_denoised_bispectrum_features.csv
,misfire,-127.12712111713763,75.17241068064766,-11.409887332766642,37.38129389564576,-29.423186524765114,30.82606416928111,6.265179094039645,2.018228342341805,-0.4880650467599908,19.002487047338192,-8.905624811402008,17.69580218913798,-2.0725048208798267,6019.841501229515,5043.526196477004,11431.253331556503,0.0661896988272921,0.0975934714078903,6.214178462878585e-05,0.0153110851206215,-6.847994007279716e-05,0.1049118860395409,-4.950616579345085e-05,0.0878825251129729,-0.0018826285577553,0.2188008800684736,0.0961873680353164,0.1169944331049919,,,,,,,,,,,,,,,,,,,36unh_denoised_engine_features.csv
,misfire,,,,,,,,,,,,,,,,,,,,,,,,,,,,,,,,,,,,,,,,,,,,,,0.007404274808487559,37unh_denoised_bispectrum.csv
,misfire,,,,,,,,,,,,,,,,,,,,,,,,,,,,,55.63596551078775,0.05415769682049228,0.649635374515265,0.0,28068.128612089655,7.388269352865235,4.0,63.0,,,,,,,,,,,37unh_denoised_bispectrum_features.csv
,misfire,-135.26485250568902,71.38524058146551,-12.127243337722872,36.92756703370426,-27.50246802392842,29.4825737684781,10.661130655134237,0.3101122910163593,2.560808267348368,19.507549551837226,-8.708642373629583,18.104419185514956,-1.5670214269325038,6033.792075209066,4980.617764992649,11132.762526652452,0.0659294209754797,0.0980383083224296,-6.4695563667533725e-06,0.0126348571406928,-2.956626279098192e-06,0.1126592590060209,0.0010408872764188,0.1054654809878009,-0.0035011328220858,0.2106533010157078,0.0956735238432884,0.1140614822506904,,,,,,,,,,,,,,,,,,,37unh_denoised_engine_features.csv
,misfire,,,,,,,,,,,,,,,,,,,,,,,,,,,,,,,,,,,,,,,,,,,,,,0.0023611058140917767,38unh_denoised_bispectrum.csv
,misfire,,,,,,,,,,,,,,,,,,,,,,,,,,,,,29.4043565633673,0.03606169320399666,0.445521218276919,0.0,13195.903399492421,7.361533468810909,4.0,61.0,,,,,,,,,,,38unh_denoised_bispectrum_features.csv
,misfire,-149.55492386945753,76.54664384042124,-12.133599018103832,37.900228422200925,-27.90194014773868,31.073930444810934,9.12225056082558,2.7668366768139445,1.5777565315684794,19.800284030229253,-8.715482320138353,17.92529268449088,-1.993940302788775,5913.756451235014,4968.861757022392,11060.25119936034,0.0665769922707889,0.0826159492135047,-1.2211566351676704e-05,0.0124754470831888,0.0002700237538185,0.0968496104311512,0.0014865371459311,0.0939474147468545,-0.0029551810179475,0.1727569406910521,0.080577477812767,0.0945428609848022,,,,,,,,,,,,,,,,,,,38unh_denoised_engine_features.csv
,misfire,,,,,,,,,,,,,,,,,,,,,,,,,,,,,,,,,,,,,,,,,,,,,,0.0018380800911290509,39unh_denoised_bispectrum.csv
,misfire,,,,,,,,,,,,,,,,,,,,,,,,,,,,,29.229789391805593,0.016913518871551996,0.2435914561470461,0.0,3938.030585844933,7.402386777007651,4.0,58.0,,,,,,,,,,,39unh_denoised_bispectrum_features.csv
,misfire,-180.3256942028157,73.07603031346041,-14.298681891363357,36.39591972192316,-30.22688100782529,27.084556599280837,9.055860834855908,2.393011961384937,1.7560049837851337,20.163433886022453,-8.112348374752504,17.285999297006846,-1.199003229781447,5976.646130143701,4921.40065087357,11020.822228144987,0.0656566497867803,0.0630039572715759,-6.4486902950538135e-06,0.0131611903356274,3.328685491815153e-05,0.0728721140299107,0.0002997981832296,0.0848971986877859,-0.0018330040449955,0.1281146405574463,0.0608874596655368,0.0702513605356216,,,,,,,,,,,,,,,,,,,39unh_denoised_engine_features.csv
,misfire,,,,,,,,,,,,,,,,,,,,,,,,,,,,,,,,,,,,,,,,,,,,,,0.009540716527479386,40unh_denoised_bispectrum.csv
,misfire,,,,,,,,,,,,,,,,,,,,,,,,,,,,,32.795941093742805,0.03960253657620238,0.4337216016410009,0.0,12528.358506441127,7.525519624289034,4.0,62.0,,,,,,,,,,,40unh_denoised_bispectrum_features.csv
,misfire,-150.25896048139197,72.42815169389331,-15.221340662928071,38.360085055542896,-30.713198243406943,29.15382415292965,8.678754271020344,0.6803943563284276,-0.3572924199411764,21.711496434179235,-10.152748319164028,17.508929751386734,-2.471376175631498,6071.05541069345,4887.336994324628,11135.81090085288,0.0674130047308102,0.0819593220949173,-6.227235193361452e-05,0.0143964069661145,-9.831098204351008e-06,0.102135153786124,0.0003505007310737,0.0977313158460024,-0.0022161054148298,0.1595165017443514,0.0797103717923164,0.0909127742052078,,,,,,,,,,,,,,,,,,,40unh_denoised_engine_features.csv
,misfire,,,,,,,,,,,,,,,,,,,,,,,,,,,,,,,,,,,,,,,,,,,,,,0.022839054868060583,41unh_denoised_bispectrum.csv
,misfire,,,,,,,,,,,,,,,,,,,,,,,,,,,,,54.562209454685274,0.04353262810457519,0.548331336642383,0.0,19983.940288823327,7.421211859443683,4.0,61.0,,,,,,,,,,,41unh_denoised_bispectrum_features.csv
,misfire,-149.96312542213033,74.22143715095048,-12.186446008269598,39.65008473867809,-29.38891841962589,26.41813338320336,10.40934115555377,0.6431621515916891,-0.8327600725528399,22.36873049717501,-8.949670030775595,14.933993571908552,-0.9900478875711568,5931.104996494453,4893.6766204963415,10983.991871002132,0.064357342750533,0.0873544886708259,-6.043601993749949e-05,0.0149818580455024,5.780514767641029e-05,0.1034544006789493,-0.0008879723134945,0.1029547290196517,-0.0021902889073487,0.1827016398364097,0.0851588249206543,0.0991072803735733,,,,,,,,,,,,,,,,,,,41unh_denoised_engine_features.csv
,misfire,,,,,,,,,,,,,,,,,,,,,,,,,,,,,,,,,,,,,,,,,,,,,,0.0019947324209064676,42unh_denoised_bispectrum.csv
,misfire,,,,,,,,,,,,,,,,,,,,,,,,,,,,,74.00710803417392,0.011124621546650792,0.35237537944524167,0.0,8209.373222183405,6.885348891132436,1.0,1.0,,,,,,,,,,,42unh_denoised_bispectrum_features.csv
,misfire,-203.7149635530268,83.31168070421941,-8.047759376672579,42.53179689332219,-23.66648171991267,29.91801468284639,11.961843076852343,4.31527393358802,2.4831202703761863,22.031522270771,-5.292369370718801,15.89823564025945,-0.4443607006513576,5281.626307665676,4858.206277218254,10225.89618869936,0.0496828774653518,0.066664844751358,1.3822360652850431e-05,0.0095823569066727,-9.225453800427464e-05,0.0545674091494284,0.0003924603551356,0.0517726954084435,-0.0028096738077791,0.1863742338069004,0.0654058828949928,0.0817834809422493,,,,,,,,,,,,,,,,,,,42unh_denoised_engine_features.csv
,misfire,,,,,,,,,,,,,,,,,,,,,,,,,,,,,,,,,,,,,,,,,,,,,,0.0726221306186651,43unh_denoised_bispectrum.csv
,misfire,,,,,,,,,,,,,,,,,,,,,,,,,,,,,56.2152624016032,0.045313637836827646,0.7453801462155416,0.0,36831.887217175594,6.898365697456123,1.0,1.0,,,,,,,,,,,43unh_denoised_bispectrum_features.csv
,misfire,-143.0866371959174,62.59530745387757,-5.395508630237959,41.013914831864994,-16.196592588268498,25.228560091967594,9.272791740759445,3.3187988727049307,12.566444625428646,16.23437908353971,-5.927416762894348,20.91408592117522,-2.389375825781,6404.325120049092,5392.653998281229,12256.413246268658,0.0534142207489339,0.0875647589564323,4.508571186331953e-05,0.0160798966823041,6.415217960867395e-05,0.0803697384708601,0.0005837012537705,0.058499490431825,0.0080524353039191,0.2173100099624849,0.0867242440581321,0.1067378744482994,,,,,,,,,,,,,,,,,,,43unh_denoised_engine_features.csv
,misfire,,,,,,,,,,,,,,,,,,,,,,,,,,,,,,,,,,,,,,,,,,,,,,0.09833916729799881,44unh_denoised_bispectrum.csv
,misfire,,,,,,,,,,,,,,,,,,,,,,,,,,,,,230.6757722943224,0.10303344783147345,1.7716391230501427,0.0,208009.50759640976,6.966090380641279,1.0,1.0,,,,,,,,,,,44unh_denoised_bispectrum_features.csv
,misfire,-110.00855670021804,60.833058785788346,-3.2683672299860764,41.600744755760026,-16.015514943362117,24.52268960624236,9.832251158483452,3.226142792660874,15.316074051473988,17.81673866984886,-3.433876208798548,21.65035484771994,-2.6504723979005367,6486.043950365218,5452.821063120685,12413.47947761194,0.0514121635127931,0.1196873933076858,4.822652893183959e-05,0.0208926258404638,-0.0001074515939946,0.1015770430116259,0.0001766990701776,0.0752971482878884,0.0109467359192026,0.2984737880233384,0.1186664998531341,0.1466161757707595,,,,,,,,,,,,,,,,,,,44unh_denoised_engine_features.csv
,misfire,,,,,,,,,,,,,,,,,,,,,,,,,,,,,,,,,,,,,,,,,,,,,,0.10446496188368667,45unh_denoised_bispectrum.csv
,misfire,,,,,,,,,,,,,,,,,,,,,,,,,,,,,259.2056501448287,0.10567976768555948,2.107295139422175,0.0,294040.9683732848,6.664274000249949,1.0,1.0,,,,,,,,,,,45unh_denoised_bispectrum_features.csv
,misfire,-108.57702332798335,62.52170578107876,-7.622435791100591,43.093893373437616,-16.789608230626985,26.674489815334237,9.618252821839228,4.030111701516518,15.262866289392925,16.709577165463937,-2.8026029402592707,23.83286218691605,-4.835176930448037,6325.977761391604,5321.978239353662,11766.474546908315,0.0523543693363539,0.1270970404148101,6.820010959685922e-05,0.0164787459955223,-0.0001923393467623,0.1057685452503862,0.0002093445954755,0.0730055194268691,0.009694503927543,0.3259469427866981,0.1260002851486206,0.1578768342733383,,,,,,,,,,,,,,,,,,,45unh_denoised_engine_features.csv
,misfire,,,,,,,,,,,,,,,,,,,,,,,,,,,,,,,,,,,,,,,,,,,,,,0.06946032402262886,46unh_denoised_bispectrum.csv
,misfire,,,,,,,,,,,,,,,,,,,,,,,,,,,,,172.68849452899764,0.08491545660652451,1.595362814174278,0.0,168583.01474300807,6.842855605060037,1.0,1.0,,,,,,,,,,,46unh_denoised_bispectrum_features.csv
,misfire,-104.88031326290468,60.88862920063348,-8.690171275460147,40.7547720475567,-17.79103498461027,24.63146252982732,9.39379799623495,1.4267104531672807,11.54512566589374,15.913788478553991,-5.30314710158848,23.61358175563932,-5.279284914851071,6577.160001362408,5330.851724456843,12232.426039445629,0.0623178055037313,0.1152341663837432,9.824661068254808e-05,0.0193071562355442,-9.055681970386536e-05,0.1118798941898697,-0.0007205134119258,0.0776566325432664,0.0086825644467265,0.2785293839593856,0.1142417341470718,0.1390826851129531,,,,,,,,,,,,,,,,,,,46unh_denoised_engine_features.csv
,misfire,,,,,,,,,,,,,,,,,,,,,,,,,,,,,,,,,,,,,,,,,,,,,,0.13951174244880843,47unh_denoised_bispectrum.csv
,misfire,,,,,,,,,,,,,,,,,,,,,,,,,,,,,195.3795193523839,0.10335485353045284,1.821842121565208,0.0,219929.3619055374,6.752646060612585,1.0,1.0,,,,,,,,,,,47unh_denoised_bispectrum_features.csv
,misfire,-107.78446319642504,60.958703801284,-5.693624510955468,44.613002162402566,-15.312740173433088,24.711468052245348,9.488504301106964,2.8209811496595214,14.213462287340803,16.994062727048405,-3.2505575297365867,22.6111763670598,-4.520807807530191,6432.804656168847,5399.074175365205,12093.25026652452,0.05256779717484,0.1294755637645721,3.9844840747176624e-05,0.0185985380813715,-4.466553741086498e-05,0.1067964243228681,-0.0008336438795703,0.0751298701106266,0.0084234090053106,0.3320643388892062,0.1283782422542572,0.1620897650718689,,,,,,,,,,,,,,,,,,,47unh_denoised_engine_features.csv
,misfire,,,,,,,,,,,,,,,,,,,,,,,,,,,,,,,,,,,,,,,,,,,,,,0.1397340357152316,48unh_denoised_bispectrum.csv
,misfire,,,,,,,,,,,,,,,,,,,,,,,,,,,,,172.72882543705802,0.08442503892531437,1.5624413271205997,0.0,161711.1013747735,6.614694043485096,1.0,1.0,,,,,,,,,,,48unh_denoised_bispectrum_features.csv
,misfire,-112.22969474594136,62.43673649307242,-7.070232073048912,45.71164598317552,-15.320150594489348,25.76799978541261,8.99152406579668,3.1370704659926134,13.572717531756116,17.305103296784228,-2.3072924045853345,22.20689693245463,-3.857539793384798,6255.8099098390285,5348.789667227102,11716.00146588486,0.0518702525319829,0.1257039904594421,-5.090430521499214e-05,0.0147195341446656,3.373646411062855e-05,0.0986004481746363,-0.0003220031674277,0.0706924178071045,0.0100035820003839,0.3244628643604927,0.1248956620693206,0.1587522178888321,,,,,,,,,,,,,,,,,,,48unh_denoised_engine_features.csv
,misfire,,,,,,,,,,,,,,,,,,,,,,,,,,,,,,,,,,,,,,,,,,,,,,0.034015772769787844,49unh_denoised_bispectrum.csv
,misfire,,,,,,,,,,,,,,,,,,,,,,,,,,,,,84.28221986721232,0.05461437794958503,0.8403089183888429,0.0,46835.46535639624,7.200122549675004,1.0,1.0,,,,,,,,,,,49unh_denoised_bispectrum_features.csv
,misfire,-105.08072858989964,61.90846084921019,-10.584094460081602,39.811066314408585,-18.92738339956377,22.179926192174424,7.079871531417525,-0.1806796348911693,10.230218105521647,13.354019088102174,-5.958877144179785,19.550395678753095,-6.28285674627849,6650.652474747642,5308.158430681383,12213.38619402985,0.0796314882062899,0.0993297770619392,-3.2827339203488862e-06,0.0157948949351217,0.0001104223256723,0.1052041732715307,-0.0007501967379226,0.0777425250096455,0.0054581997096126,0.2349434909843948,0.0983089506626129,0.1171116083860397,,,,,,,,,,,,,,,,,,,49unh_denoised_engine_features.csv
,misfire,,,,,,,,,,,,,,,,,,,,,,,,,,,,,,,,,,,,,,,,,,,,,,0.010759154576278256,50unh_denoised_bispectrum.csv
,misfire,,,,,,,,,,,,,,,,,,,,,,,,,,,,,75.20092465926797,0.06847602800656888,0.9367449304804809,0.0,58267.108880229294,7.416377192491165,1.0,76.0,,,,,,,,,,,50unh_denoised_bispectrum_features.csv
,misfire,-109.27782123723505,58.03602782120174,-8.85648434519235,40.63170088464031,-19.87893550813712,19.521345798663056,8.217483645136111,0.3501209447785001,9.521083187098812,14.372313328688085,-4.103223128839576,20.20712475196748,-6.187331588065593,6930.743522054973,5315.797326975695,12673.640724946696,0.0839416894323027,0.0883226618170738,-2.4058586973122046e-06,0.0203430183872826,0.0002180012902686,0.1072424582734754,6.962265801798372e-05,0.0808512346786724,0.0061638772568708,0.1846380384543807,0.0868447571992874,0.0975990295410156,,,,,,,,,,,,,,,,,,,50unh_denoised_engine_features.csv
,misfire,,,,,,,,,,,,,,,,,,,,,,,,,,,,,,,,,,,,,,,,,,,,,,0.03275199234371257,51unh_denoised_bispectrum.csv
,misfire,,,,,,,,,,,,,,,,,,,,,,,,,,,,,140.48465627518195,0.062034044946425816,0.9922688687775264,0.0,65285.85206551472,7.239200749970631,1.0,1.0,,,,,,,,,,,51unh_denoised_bispectrum_features.csv
,misfire,-113.8730544465574,61.3639152044658,-4.6991068555288455,43.67890717868229,-16.893532363122127,21.01002013871405,10.711992652737006,2.9209834572909146,10.62927813175664,15.786264813269906,-1.0837994525869972,22.50728740795958,-4.296983553916525,6629.672413599727,5422.105380397851,12484.391657782517,0.0684332939099147,0.1057507470250129,-2.467478113212679e-05,0.020013833030768,5.761092399436664e-05,0.0965070869625932,1.6323951290189802e-05,0.0772370336406135,0.0070494754568256,0.268297084993442,0.1046291813254356,0.1267226487398147,,,,,,,,,,,,,,,,,,,51unh_denoised_engine_features.csv
,misfire,,,,,,,,,,,,,,,,,,,,,,,,,,,,,,,,,,,,,,,,,,,,,,0.10162143592081305,52unh_denoised_bispectrum.csv
,misfire,,,,,,,,,,,,,,,,,,,,,,,,,,,,,91.79356123884729,0.07602759992722435,1.024235076361525,0.0,69670.97442829199,7.271179223799311,1.0,1.0,,,,,,,,,,,52unh_denoised_bispectrum_features.csv
,misfire,-110.9554474849687,61.00215485783133,-3.5893838036370576,44.41386389710559,-17.076327988338836,21.103885079130546,10.206458230026472,3.962133491990361,9.24165973843506,15.70680527287979,1.2026600596016883,21.734784415876877,-3.8124586593979184,6560.280874260235,5458.139454668118,12446.31196695096,0.0587353411513859,0.1185109168291091,2.9476233164848588e-05,0.0211722751999826,-5.068792556672813e-05,0.0961367227892874,0.0006873786053465,0.0789925941545059,0.008446729577447,0.3118516276214505,0.1172260642051696,0.146599605679512,,,,,,,,,,,,,,,,,,,52unh_denoised_engine_features.csv
,misfire,,,,,,,,,,,,,,,,,,,,,,,,,,,,,,,,,,,,,,,,,,,,,,0.032242363050904804,53unh_denoised_bispectrum.csv
,misfire,,,,,,,,,,,,,,,,,,,,,,,,,,,,,79.70854029394502,0.022481153841839564,0.5774038167645449,0.0,22053.798740818143,6.624496185179931,1.0,1.0,,,,,,,,,,,53unh_denoised_bispectrum_features.csv
,misfire,-150.13104836737082,63.45259409786428,-3.9153809154247647,41.21033520817058,-18.17464123282612,21.625535972631653,9.43558297454135,1.6938307387350242,7.00702633309921,13.338322962225556,0.4566422871908484,19.2379988669351,-4.521140242091746,6525.050211610362,5419.45619857101,12335.171242004264,0.0640637493336887,0.0734646245837211,6.803397421831232e-07,0.0114748314896177,4.948282691837823e-05,0.0610566649386366,-0.0004680609941015,0.0492013565600054,0.0041245540929212,0.2333375269927899,0.0726756677031517,0.0892644748091697,,,,,,,,,,,,,,,,,,,53unh_denoised_engine_features.csv
,misfire,,,,,,,,,,,,,,,,,,,,,,,,,,,,,,,,,,,,,,,,,,,,,,0.028482365398079593,54unh_denoised_bispectrum.csv
,misfire,,,,,,,,,,,,,,,,,,,,,,,,,,,,,17.585933831197828,0.02969170908548377,0.23736031623675688,0.0,3779.423996968704,8.079573703968167,1.0,77.0,,,,,,,,,,,54unh_denoised_bispectrum_features.csv
,misfire,-121.05326507826594,60.5507492739891,-7.812953383963126,34.72309098421634,-24.38226606518561,17.297700369007487,5.884279325877324,-0.897699793346904,2.391107456058985,7.258098842077276,-7.042328623990715,13.705772151345668,-8.068721271726915,6932.09241834989,5386.141375166712,12986.12406716418,0.0886037863139658,0.0713735520839691,-8.405313766404541e-06,0.0178864099545678,2.353209235525505e-05,0.0885306035928427,0.0004559495951797,0.0660491949281367,0.0025552170510045,0.1444869437531164,0.0699869245290756,0.0786547362804412,,,,,,,,,,,,,,,,,,,54unh_denoised_engine_features.csv
,misfire,,,,,,,,,,,,,,,,,,,,,,,,,,,,,,,,,,,,,,,,,,,,,,0.0012877358644943465,55unh_denoised_bispectrum.csv
,misfire,,,,,,,,,,,,,,,,,,,,,,,,,,,,,2.938651021208713,0.00585858914662191,0.055632722965792046,0.0,206.68865029455128,7.733488920107808,2.0,72.0,,,,,,,,,,,55unh_denoised_bispectrum_features.csv
,misfire,-222.85553454785017,87.71484404612347,-22.02723200522633,22.832484509739917,4.986748948727125,12.686120635061329,-0.0917576780998262,5.508335369828576,4.3618608160079,14.395231734311553,-8.683901264274674,10.937305466479565,1.7166205715395966,5609.663600154104,5651.930119034913,12148.77065565032,0.0695410364472281,0.0289062354713678,-5.023381251201931e-06,0.0073293502753982,2.2324753237343973e-05,0.0209409245282316,0.0001654327312559,0.0249381617481443,0.000446910331812,0.0792828869319842,0.0286684744060039,0.0355905257165432,,,,,,,,,,,,,,,,,,,55unh_denoised_engine_features.csv
,misfire,,,,,,,,,,,,,,,,,,,,,,,,,,,,,,,,,,,,,,,,,,,,,,0.14236332952705438,56unh_denoised_bispectrum.csv
,misfire,,,,,,,,,,,,,,,,,,,,,,,,,,,,,300.47975456395284,0.049106445872448,1.2688782997897003,0.0,106501.60717397848,7.540304103916815,1.0,1.0,,,,,,,,,,,56unh_denoised_bispectrum_features.csv
,misfire,-70.62080659887104,94.47214553784497,-22.384179044419614,20.98119858545865,6.078889387245929,15.012867587191302,-0.5752764645972349,8.846751478338168,3.629207525144357,13.172864694372503,-6.925969301142151,9.499904821741234,2.036723749504087,5254.348269340396,5554.169009207779,11676.82236140725,0.061018498467484,0.1408920586109161,2.515742831982549e-05,0.0260079477539022,0.0002397756196431,0.0543241252570524,-0.0014896708989588,0.0898193979734675,0.0034556873990041,0.3881251071427104,0.1399982273578643,0.1768477708101272,,,,,,,,,,,,,,,,,,,56unh_denoised_engine_features.csv
,misfire,,,,,,,,,,,,,,,,,,,,,,,,,,,,,,,,,,,,,,,,,,,,,,0.16356495626786455,57unh_denoised_bispectrum.csv
,misfire,,,,,,,,,,,,,,,,,,,,,,,,,,,,,255.65033879114927,0.05043170235652808,1.2078408652136416,0.0,96525.52193335458,7.709902745525494,1.0,1.0,,,,,,,,,,,57unh_denoised_bispectrum_features.csv
,misfire,-75.8867412327863,90.61478357249926,-18.97063908972869,20.06719775771457,5.191517801546896,15.46850435751232,0.37466625418019,8.878532372084214,2.3561124297612337,13.511871284722789,-8.96741907012818,9.47074113680456,2.27095292713817,5578.528607342396,5691.654346810719,12291.344616204691,0.0645135094616204,0.1288837045431137,2.302717644594857e-05,0.0316128647203746,0.000141014931063,0.059946400054966,1.3248000739667606e-06,0.0837785848779384,0.0023567538604848,0.3541039518633094,0.1279245316982269,0.1606683582067489,,,,,,,,,,,,,,,,,,,57unh_denoised_engine_features.csv
,misfire,,,,,,,,,,,,,,,,,,,,,,,,,,,,,,,,,,,,,,,,,,,,,,0.12536310020312538,58unh_denoised_bispectrum.csv
,misfire,,,,,,,,,,,,,,,,,,,,,,,,,,,,,53.96812498543464,0.02118166701133501,0.2852550765268974,0.0,5404.071169278568,8.061443572047326,1.0,1.0,,,,,,,,,,,58unh_denoised_bispectrum_features.csv
,misfire,-104.39893316777854,83.9137455830492,-17.722494929628553,21.64978191262205,6.280028961199774,14.385949491600364,0.3439194674991136,8.848865941863439,0.0863223785020649,12.969539561832264,-9.062472197846311,10.144830511216336,1.4506381173345908,5996.827666599048,5854.168296632329,13024.903384861407,0.0692880463752665,0.0875704512000083,-1.598203332829826e-05,0.0251758433637756,-3.778354345271835e-05,0.043026602037685,-0.0004738609575662,0.0687193086718141,0.0024757478682117,0.2306926217121712,0.0868423655629158,0.1069930121302604,,,,,,,,,,,,,,,,,,,58unh_denoised_engine_features.csv
,misfire,,,,,,,,,,,,,,,,,,,,,,,,,,,,,,,,,,,,,,,,,,,,,,0.1356087654325731,59unh_denoised_bispectrum.csv
,misfire,,,,,,,,,,,,,,,,,,,,,,,,,,,,,45.43665129399428,0.03345987556031447,0.28050371604786206,0.0,5270.835560286779,8.336356194382107,1.0,1.0,,,,,,,,,,,59unh_denoised_bispectrum_features.csv
,misfire,-86.63366132601949,82.77524365090885,-20.71756824590446,22.20615128025844,4.284032338916685,14.20342257264224,-1.1019936364513985,6.973304823479171,1.4344587747625548,12.908830816296955,-10.227093050324978,9.67086540883545,1.254291852184391,6005.725862140271,5786.999163439119,12903.268256929638,0.0733275586353944,0.098462738096714,5.565050697263341e-05,0.027470606206232,-0.0002148440872923,0.0564062300856857,0.0001381365807945,0.0796991700126139,0.0021097853724956,0.2526859916677464,0.0977831482887268,0.119932971894741,,,,,,,,,,,,,,,,,,,59unh_denoised_engine_features.csv
,misfire,,,,,,,,,,,,,,,,,,,,,,,,,,,,,,,,,,,,,,,,,,,,,,0.1522500233024124,60unh_denoised_bispectrum.csv
,misfire,,,,,,,,,,,,,,,,,,,,,,,,,,,,,323.5630325905588,0.06636265224693323,1.4770509228514443,0.0,144388.6244885155,7.587521902625941,1.0,1.0,,,,,,,,,,,60unh_denoised_bispectrum_features.csv
,misfire,-70.31191910832105,84.91027515550704,-23.820935455673872,23.99767010907206,4.741168577403664,14.059763146412877,1.1956652556615568,7.623090731661937,3.780840742171137,13.42737033023772,-9.23519969406696,10.269411164505792,-0.1510892361463393,5687.559764602096,5644.379038360591,12228.2282782516,0.067800298174307,0.1290275603532791,5.942018273262188e-05,0.0266672781046926,-0.0002939212968746,0.0650264506404583,0.0013516679791501,0.1059030856363704,0.003773027404666,0.3466025088889132,0.127921313047409,0.1582212597131729,,,,,,,,,,,,,,,,,,,60unh_denoised_engine_features.csv
,misfire,,,,,,,,,,,,,,,,,,,,,,,,,,,,,,,,,,,,,,,,,,,,,,0.07179002676164929,61unh_denoised_bispectrum.csv
,misfire,,,,,,,,,,,,,,,,,,,,,,,,,,,,,123.72857719003908,0.03148984397068084,0.5630767527862452,0.0,21006.688931855875,7.659888909171338,1.0,1.0,,,,,,,,,,,61unh_denoised_bispectrum_features.csv
,misfire,-92.25331857620196,85.38786239395795,-23.649573859861587,26.901070399896263,3.3296073137180677,16.442105200626603,1.9915051339885956,6.169387181916497,2.440080052764941,14.38901533930663,-11.38766175440264,10.81281791599894,-0.0017984922729995,5706.734000542377,5589.046839197726,11985.307835820897,0.0658523787313432,0.1020130068063736,2.750857292888428e-05,0.0216807218812519,-0.0002015774519719,0.0587774142537434,-0.001018910334937,0.0820762187595869,0.0030152888261233,0.265228756308417,0.1014034450054168,0.1251447051763534,,,,,,,,,,,,,,,,,,,61unh_denoised_engine_features.csv
,misfire,,,,,,,,,,,,,,,,,,,,,,,,,,,,,,,,,,,,,,,,,,,,,,0.08876806329254666,62unh_denoised_bispectrum.csv
,misfire,,,,,,,,,,,,,,,,,,,,,,,,,,,,,325.6670836033207,0.07054519886956999,1.4907397481704323,0.0,147109.7238421513,7.288440128134365,1.0,1.0,,,,,,,,,,,62unh_denoised_bispectrum_features.csv
,misfire,-77.68728974196175,86.45748531667638,-24.83195737939768,29.077796063652407,5.943771788466725,16.837548467851914,-0.3131444737553494,8.573378331557395,4.163822983993318,13.317757719098749,-10.543273864244815,10.347471025267067,-0.7958641303919347,5556.857468891377,5469.31261856346,11596.565165245203,0.0593704191098081,0.1292997598648071,8.336767117084606e-06,0.0237682839894309,-0.0002646623342393,0.0675267450165244,0.0015504770988386,0.1025196232153964,0.0036878492638477,0.3489762790893498,0.1284917593002319,0.1601414084434509,,,,,,,,,,,,,,,,,,,62unh_denoised_engine_features.csv
,misfire,,,,,,,,,,,,,,,,,,,,,,,,,,,,,,,,,,,,,,,,,,,,,,0.1119748499898848,63unh_denoised_bispectrum.csv
,misfire,,,,,,,,,,,,,,,,,,,,,,,,,,,,,116.87880503100308,0.0704532875327607,0.7929237506523437,0.0,41854.70574006534,7.843012875108282,1.0,1.0,,,,,,,,,,,63unh_denoised_bispectrum_features.csv
,misfire,-73.33072734453806,80.04245242410852,-23.726653332589496,26.760339225144165,6.738809478669875,14.610575656182055,1.4976318042561645,7.930662665193322,2.151890537075898,14.204998158430897,-11.791897491284445,9.811441643464512,-0.3914528884833301,5976.939879738544,5708.678237497382,12629.864072494667,0.0670611090751599,0.1170056983828544,-3.739385061514927e-05,0.0261954147285011,-0.0001335426412358,0.0692277228747651,0.0001352405378332,0.1120475237056218,0.0001491877441837,0.2945388991026005,0.1161085367202758,0.1419234871864318,,,,,,,,,,,,,,,,,,,63unh_denoised_engine_features.csv
,misfire,,,,,,,,,,,,,,,,,,,,,,,,,,,,,,,,,,,,,,,,,,,,,,0.045515826057445294,64unh_denoised_bispectrum.csv
,misfire,,,,,,,,,,,,,,,,,,,,,,,,,,,,,53.6113860576456,0.03216762722559655,0.37576895200291627,0.0,9394.615677040867,7.782554202285582,1.0,1.0,,,,,,,,,,,64unh_denoised_bispectrum_features.csv
,misfire,-96.26736325702429,83.82402069008477,-26.81681620621392,31.26398295564527,4.492550676712029,15.02313407298078,1.478551061105874,6.565652350134304,3.768649744192505,13.69135184355236,-11.11953601560145,9.66255800616914,0.1995102816714065,5561.467959937247,5395.809252427601,11370.835554371002,0.0664635111273987,0.0982449352741241,-9.811503693335405e-07,0.0152915356104467,2.2368816479287317e-05,0.0632618752423212,0.0015445809507071,0.0913892837192339,0.0010675818114661,0.250093680336959,0.0975649878382682,0.1187925860285759,,,,,,,,,,,,,,,,,,,64unh_denoised_engine_features.csv
,misfire,,,,,,,,,,,,,,,,,,,,,,,,,,,,,,,,,,,,,,,,,,,,,,0.024871392600521364,65unh_denoised_bispectrum.csv
,misfire,,,,,,,,,,,,,,,,,,,,,,,,,,,,,44.79105519157297,0.02763058299159524,0.3561015304543719,0.0,8425.9864568608,7.738118693064198,0.0,0.0,,,,,,,,,,,65unh_denoised_bispectrum_features.csv
,misfire,-119.955803529677,80.90749658506657,-23.50721132855184,33.40198402707061,4.132177336802489,15.796815600780755,3.2508832800689573,6.5875013525448285,5.947369475202599,14.676153411263453,-8.206722043180608,10.94614986338191,7.026944934119857,5433.133729747384,5342.37341869134,11084.538246268658,0.0557379814099147,0.1013424545526504,3.740480735752168e-05,0.0128578433553858,0.000171907829577,0.0562634518764298,0.0015263139487462,0.0759076880070494,0.0022667877018352,0.2940026509795904,0.1000372618436813,0.1266004741191864,,,,,,,,,,,,,,,,,,,65unh_denoised_engine_features.csv
,misfire,,,,,,,,,,,,,,,,,,,,,,,,,,,,,,,,,,,,,,,,,,,,,,0.01551606801017079,66unh_denoised_bispectrum.csv
,misfire,,,,,,,,,,,,,,,,,,,,,,,,,,,,,173.54954500678545,0.030746027830271153,0.8054583380274627,0.0,42912.593580843655,7.256425319817518,1.0,2.0,,,,,,,,,,,66unh_denoised_bispectrum_features.csv
,misfire,-119.55183054108092,78.92435400848012,-21.32988452854319,26.04716455794507,5.0248463201822,15.657628244982694,1.524474634716285,5.381372039200841,4.437291967054147,14.684258108603483,-10.125651736804976,10.133429822842569,2.5385182069792664,5979.9382139150575,5592.868100451586,12178.504797441365,0.0698429587553304,0.0756538733839988,-1.4787548105969571e-05,0.0182948523872671,9.524124274989358e-05,0.0533945682947397,0.0001249323858183,0.0736719469253087,0.0010643817530797,0.2012939386637315,0.0747986584901809,0.0887243524193763,,,,,,,,,,,,,,,,,,,66unh_denoised_engine_features.csv
,misfire,,,,,,,,,,,,,,,,,,,,,,,,,,,,,,,,,,,,,,,,,,,,,,0.02510232761837449,67unh_denoised_bispectrum.csv
,misfire,,,,,,,,,,,,,,,,,,,,,,,,,,,,,84.54203202915326,0.026423891490891686,0.4686382682863856,0.0,14551.918886281652,7.574550727939859,1.0,1.0,,,,,,,,,,,67unh_denoised_bispectrum_features.csv
,misfire,-114.5455774550082,80.0535061376709,-17.917618335851788,21.598005618426303,8.860967316830818,14.652651877561825,0.6389447559837422,4.125173771776827,5.392910041088675,12.922919233144476,-11.35341933018126,10.310102484570304,1.4705842342868432,6241.814429974766,5902.8869386868855,12987.473347547975,0.0705602845149253,0.0818453282117843,-8.952080199763968e-05,0.0230756206574228,0.0001372593634066,0.0495668980808984,-7.953997755858096e-05,0.0646512373242141,0.0013960473376431,0.2503363683699898,0.081124372780323,0.098161406815052,,,,,,,,,,,,,,,,,,,67unh_denoised_engine_features.csv
,misfire,,,,,,,,,,,,,,,,,,,,,,,,,,,,,,,,,,,,,,,,,,,,,,0.0953827323789496,68unh_denoised_bispectrum.csv
,misfire,,,,,,,,,,,,,,,,,,,,,,,,,,,,,40.93043473056328,0.06143418111514795,0.503109724378019,0.0,16967.562306734268,8.098084955110506,1.0,1.0,,,,,,,,,,,68unh_denoised_bispectrum_features.csv
,misfire,-84.91893367657974,77.00699253106713,-19.08040129972382,21.90585981048492,6.395887881444612,15.163005143441415,-0.759044004875556,2.9198731428843505,6.61360860196493,13.33299949060588,-10.87732276185748,10.674455909179123,2.5288827845797432,6367.42952674333,5892.525011125206,13126.199360341152,0.0733442164179104,0.1001617163419723,-7.542123615785038e-05,0.0324942711448923,0.0001707030569855,0.0737503580274254,-0.0004063032979602,0.0827486061018283,0.0002310881281706,0.244302789428351,0.0993441194295883,0.1190875321626663,,,,,,,,,,,,,,,,,,,68unh_denoised_engine_features.csv
,misfire,,,,,,,,,,,,,,,,,,,,,,,,,,,,,,,,,,,,,,,,,,,,,,0.02446891927012406,69unh_denoised_bispectrum.csv
,misfire,,,,,,,,,,,,,,,,,,,,,,,,,,,,,22.348516399316807,0.03851614288697528,0.33446272925756,0.0,7486.575586385921,8.035735503989585,1.0,81.0,,,,,,,,,,,69unh_denoised_bispectrum_features.csv
,misfire,-100.60239531209204,77.72414369197193,-17.561758140767584,22.530363318374818,6.975439908006488,11.932644719812602,0.1615881219612278,3.220202790726967,6.241848811344365,10.118192399161964,-11.36402972037602,9.405669800017131,2.4188237502325625,6258.4075887381005,5903.802382604799,13036.547174840083,0.0739668010394456,0.0852365940809249,6.645905493757461e-06,0.0225180945100394,2.431586864483237e-05,0.0655862086087478,-0.0008654317573789,0.0752398213312684,-0.0005837482774284,0.2079283823559163,0.0843689069151878,0.1007613390684127,,,,,,,,,,,,,,,,,,,69unh_denoised_engine_features.csv
,misfire,,,,,,,,,,,,,,,,,,,,,,,,,,,,,,,,,,,,,,,,,,,,,,0.06950920124491917,70unh_denoised_bispectrum.csv
,misfire,,,,,,,,,,,,,,,,,,,,,,,,,,,,,26.785729494275095,0.029786210526473445,0.24678096455033524,0.0,4081.039760004094,8.234702878723075,1.0,1.0,,,,,,,,,,,70unh_denoised_bispectrum_features.csv
,misfire,-107.84627258110729,68.62442249025148,-14.894797828250654,23.70657729499203,7.524638160307975,12.01858242917302,2.7070474937767366,4.288026909442,3.855752765890271,12.680232297229452,-10.70688731566274,11.949820407048744,3.2775455875029147,6765.644138543159,6070.397415056071,13912.330090618338,0.0751151469216417,0.0827923938632011,-1.2464207922084287e-05,0.0267237586638459,0.0001654211393252,0.0604165612826285,-0.0002726732359844,0.072520077912558,0.0016397784446873,0.2336963429907377,0.0815532281994819,0.0976118072867393,,,,,,,,,,,,,,,,,,,70unh_denoised_engine_features.csv
,misfire,,,,,,,,,,,,,,,,,,,,,,,,,,,,,,,,,,,,,,,,,,,,,,0.0008458886813627175,71unh_denoised_bispectrum.csv
,misfire,,,,,,,,,,,,,,,,,,,,,,,,,,,,,22.18329849407356,0.02448560667134377,0.301039208588241,0.0,6025.26388609092,7.414623122268072,1.0,1.0,,,,,,,,,,,71unh_denoised_bispectrum_features.csv
,misfire,-196.14910168629643,56.21022321269643,-8.699990631451506,53.17049576424801,-22.711812511676584,41.64045500545812,2.781069553252886,2.409960563045244,1.999005432500196,17.20497546615605,-16.16764511826607,12.286099189128189,-11.308325589520996,6722.152227936428,4872.4529875630415,11960.970815565031,0.1176185201226012,0.0539791546761989,3.506409895955637e-06,0.0072939756251362,5.874321632632735e-05,0.0903788952948309,-0.0002489449041617,0.0545873115083481,0.0009009165503606,0.1271395942187026,0.052653320133686,0.061995506286621,,,,,,,,,,,,,,,,,,,71unh_denoised_engine_features.csv
,misfire,,,,,,,,,,,,,,,,,,,,,,,,,,,,,,,,,,,,,,,,,,,,,,0.008432011483439477,72unh_denoised_bispectrum.csv
,misfire,,,,,,,,,,,,,,,,,,,,,,,,,,,,,17.83892712073071,0.024805118455853915,0.3021266841591651,0.0,6069.627489584921,7.3838437747686365,1.0,74.0,,,,,,,,,,,72unh_denoised_bispectrum_features.csv
,misfire,-138.01288249850757,55.64190019548835,-9.654979985548133,50.71878033438067,-22.36554891541567,39.31456481947478,3.288807375305348,2.2363238014684304,3.883489878800544,17.825481658250162,-13.713380577668216,10.937784088312888,-9.108443550273048,6798.694037155793,4963.907745691101,12035.53105010661,0.1064442713885927,0.0766788199543953,6.682460296375855e-06,0.0071652009461573,-5.488057520960019e-05,0.1016685381743842,-6.957363305283523e-06,0.0626707585978109,0.0024049246858461,0.1534192785407603,0.074501097202301,0.085907757282257,,,,,,,,,,,,,,,,,,,72unh_denoised_engine_features.csv
,misfire,,,,,,,,,,,,,,,,,,,,,,,,,,,,,,,,,,,,,,,,,,,,,,0.010616614070049017,73unh_denoised_bispectrum.csv
,misfire,,,,,,,,,,,,,,,,,,,,,,,,,,,,,46.61908313392168,0.04113421014063363,0.5504788263434635,0.0,20126.38268787378,7.362771306703306,1.0,1.0,,,,,,,,,,,73unh_denoised_bispectrum_features.csv
,misfire,-121.55469916241556,57.12391001388289,-6.037372229698812,52.59286363415817,-18.11675001817901,40.98759558046053,7.065166906326464,3.1158057758853763,6.878295193092854,19.10757271028193,-10.691124485967324,11.488045683543428,-6.479670190268251,6605.716962360963,5031.112963896082,11793.06036780384,0.0915969816098081,0.0991190448403358,-2.403064102173377e-05,0.0082391852474162,0.0001146728240852,0.1179375117560469,-5.753610803149303e-05,0.0710886481741389,0.003743311128603,0.2180018317545174,0.0970341488718986,0.1156704276800155,,,,,,,,,,,,,,,,,,,73unh_denoised_engine_features.csv
,misfire,,,,,,,,,,,,,,,,,,,,,,,,,,,,,,,,,,,,,,,,,,,,,,0.007147951403347421,74unh_denoised_bispectrum.csv
,misfire,,,,,,,,,,,,,,,,,,,,,,,,,,,,,736.5951060125532,0.048955544995355434,4.129001411485591,0.0,1126204.7553105329,4.445201268516083,0.0,0.0,,,,,,,,,,,74unh_denoised_bispectrum_features.csv
,misfire,-137.25051036640926,63.02149250993872,-0.7868554943005593,55.98342736876167,-14.325857284702046,44.66145236270542,9.804765328138446,5.423925675748768,10.300346650390438,20.201101813298237,-8.34769357393933,14.25971565987747,-5.110340090728998,5982.469312732761,5099.745359940398,11143.70668976546,0.0645322494669509,0.1394174098968505,3.3113873391774823e-06,0.0070818338397761,5.616451539052866e-05,0.0972701578303243,0.0001692884000478,0.0539076145653948,0.0018668974265646,0.4287183814157382,0.137211412191391,0.1773790568113327,,,,,,,,,,,,,,,,,,,74unh_denoised_engine_features.csv
,misfire,,,,,,,,,,,,,,,,,,,,,,,,,,,,,,,,,,,,,,,,,,,,,,0.004521097624720566,75unh_denoised_bispectrum.csv
,misfire,,,,,,,,,,,,,,,,,,,,,,,,,,,,,753.4909873449953,0.046285568681819995,4.457084935745828,0.0,1312244.9192445963,3.4805415212734254,0.0,1.0,,,,,,,,,,,75unh_denoised_bispectrum_features.csv
,misfire,-160.98834027488647,72.49176994037795,5.899570282390074,60.61425867846792,-10.46613354653678,47.518150841321365,12.081604096739044,8.19107400137264,11.866351900443275,21.293174017741386,-6.815277199560121,15.956785987083263,-4.919102683211207,5197.353231934068,5095.7312534784005,10313.399520255864,0.0465012410047974,0.1526039391756057,-1.09045143104395e-05,0.0048123603891637,6.649987538657353e-05,0.0713322839458621,-0.0001489064387987,0.0388000230498749,0.0013773319413752,0.4664479522090668,0.1504327952861786,0.1962479650974273,,,,,,,,,,,,,,,,,,,75unh_denoised_engine_features.csv
,misfire,,,,,,,,,,,,,,,,,,,,,,,,,,,,,,,,,,,,,,,,,,,,,,0.007565800649298614,76unh_denoised_bispectrum.csv
,misfire,,,,,,,,,,,,,,,,,,,,,,,,,,,,,29.300574985587808,0.032184142278199886,0.42242856644126264,0.0,11854.587646072272,7.3049838226293105,1.0,1.0,,,,,,,,,,,76unh_denoised_bispectrum_features.csv
,misfire,-127.38615302745656,59.5134387058632,-6.617333526413998,54.019645270344434,-17.50510603946672,41.35310063213655,7.388004753825413,4.281413976833458,8.249954892963318,20.049572992371207,-10.95242947036846,14.028253211789588,-5.51085381918793,6388.968362007054,5048.987409882404,11499.367004264392,0.0817428621401919,0.1063620075583458,1.5860473855028333e-05,0.0085012269493422,2.6188763323820368e-05,0.1120659121007361,-0.0006397380980278,0.0640966907629991,0.0022827238888069,0.2538101835060424,0.1043797358870506,0.1281549036502838,,,,,,,,,,,,,,,,,,,76unh_denoised_engine_features.csv
,misfire,,,,,,,,,,,,,,,,,,,,,,,,,,,,,,,,,,,,,,,,,,,,,,0.0016823215870963599,77unh_denoised_bispectrum.csv
,misfire,,,,,,,,,,,,,,,,,,,,,,,,,,,,,21.35488491363933,0.015962522336901652,0.17676381759720783,0.0,2080.559968056287,7.762311100946178,0.0,0.0,,,,,,,,,,,77unh_denoised_bispectrum_features.csv
,misfire,-140.8592927379325,61.44192342646922,-7.325720195514253,53.0103123091715,-18.57011340876208,42.37841709009928,4.914005410007908,5.334217525818744,6.836920716122032,20.01345384854729,-10.11558073215635,14.165887222589635,-4.867375034457656,6321.098892725871,5049.645961702843,11513.759328358208,0.0813191297974413,0.0941516384482383,-8.465262346909104e-07,0.0074680957483888,1.3743082096704947e-06,0.0933162899490329,-0.0005251273092642,0.0527086816262239,0.0019251460564967,0.2347388071569214,0.0924552455544471,0.1142094433307647,,,,,,,,,,,,,,,,,,,77unh_denoised_engine_features.csv
,misfire,,,,,,,,,,,,,,,,,,,,,,,,,,,,,,,,,,,,,,,,,,,,,,0.005264563522893643,78unh_denoised_bispectrum.csv
,misfire,,,,,,,,,,,,,,,,,,,,,,,,,,,,,1254.4721128602005,0.03795367142196582,5.040013148556072,0.0,1677854.1747182251,3.548802540373852,1.0,1.0,,,,,,,,,,,78unh_denoised_bispectrum_features.csv
,misfire,-159.2703697855152,61.18989589925432,-7.09980608448978,51.41107985013787,-17.774189751912903,41.22481017095672,6.315407489021955,3.148864851506892,6.910250957612774,18.4363037583961,-9.93704403698177,12.961403219859402,-6.084880487980802,6245.565779334782,5021.472405679674,11362.639925373134,0.0799896305303838,0.088160291314125,2.0775509412906277e-05,0.0068292690085722,2.627506375128533e-05,0.080625081967952,2.5997441324175225e-05,0.0429477144991114,-0.0024266779866273,0.275001729266086,0.08610600233078,0.1078926920890808,,,,,,,,,,,,,,,,,,,78unh_denoised_engine_features.csv
,misfire,,,,,,,,,,,,,,,,,,,,,,,,,,,,,,,,,,,,,,,,,,,,,,0.003320592637211133,79unh_denoised_bispectrum.csv
,misfire,,,,,,,,,,,,,,,,,,,,,,,,,,,,,1183.9045502170295,0.04993349057031582,5.160563163393852,0.0,1759142.8254829608,3.891165512580254,1.0,1.0,,,,,,,,,,,79unh_denoised_bispectrum_features.csv
,misfire,-147.85501132009728,58.53945262692408,-7.861607475778187,51.561003720430016,-18.364310092150436,40.70228518083362,7.77374901954506,3.0300228314280395,7.635688519661586,18.449472789763043,-10.30645578091875,14.318266097472208,-5.928962386199917,6385.474501916016,5012.615110791525,11486.723747334754,0.0852014342350746,0.0941453129053115,-8.011750526396148e-06,0.0073035401780567,-1.1663874810656491e-05,0.0964123801004377,-4.1787044414025055e-05,0.0533180107107492,0.0026841264982666,0.2712554609056856,0.0921218320727348,0.1126288175582885,,,,,,,,,,,,,,,,,,,79unh_denoised_engine_features.csv
,misfire,,,,,,,,,,,,,,,,,,,,,,,,,,,,,,,,,,,,,,,,,,,,,,0.004945863364268767,80unh_denoised_bispectrum.csv
,misfire,,,,,,,,,,,,,,,,,,,,,,,,,,,,,93.13649424836464,0.0329530981011373,0.6530831396113465,0.0,28242.783169861064,6.988448091719857,0.0,1.0,,,,,,,,,,,80unh_denoised_bispectrum_features.csv
,misfire,-134.04828403037584,58.50078927788795,-5.904325522996662,53.197152154345815,-17.017358941622355,42.18721759754455,8.454200357591041,4.0572130140135885,8.36671766735299,19.145747103899645,-8.23720228414017,15.414099411904605,-4.467227963944036,6317.947654544518,5083.128273897297,11408.315565031982,0.0759980093949893,0.1095890402793884,1.0377294025014458e-06,0.0086840062849064,0.0001435961932184,0.1072688013325389,-0.0004073355924559,0.0594592540303551,0.0023970482357051,0.2761890980879122,0.1079223230481147,0.1335566937923431,,,,,,,,,,,,,,,,,,,80unh_denoised_engine_features.csv
,misfire,,,,,,,,,,,,,,,,,,,,,,,,,,,,,,,,,,,,,,,,,,,,,,0.010590435916321868,81unh_denoised_bispectrum.csv
,misfire,,,,,,,,,,,,,,,,,,,,,,,,,,,,,28.23569353205023,0.03251466609016926,0.42249027202160233,0.0,11859.443615053344,7.366502504925671,1.0,82.0,,,,,,,,,,,81unh_denoised_bispectrum_features.csv
,misfire,-130.3685814049604,56.59146902971389,-8.7551310455925,51.18843739931026,-19.314529172210168,39.96757103444898,5.85658889189679,2.242168964026143,6.107856660484891,17.921470871520025,-10.668627214775784,13.78421434297698,-5.895383443250044,6589.381479933026,5018.590236570244,11709.005197228144,0.0890171075426439,0.0955084934830665,-8.143690289402375e-06,0.0086205872202127,-0.0003387273306441,0.1119946737577249,-0.0001141539480423,0.0638803222971939,0.0020695149878446,0.2160007310517112,0.0933801680803299,0.1121071279048919,,,,,,,,,,,,,,,,,,,81unh_denoised_engine_features.csv
,misfire,,,,,,,,,,,,,,,,,,,,,,,,,,,,,,,,,,,,,,,,,,,,,,0.012384966923707929,82unh_denoised_bispectrum.csv
,misfire,,,,,,,,,,,,,,,,,,,,,,,,,,,,,170.27871555402808,0.017153928472080658,0.7804102141942076,0.0,40245.92512254888,6.144804098354964,1.0,1.0,,,,,,,,,,,82unh_denoised_bispectrum_features.csv
,misfire,-155.2702224288074,55.88198017406731,-7.853534351067634,51.324142330251696,-18.140835497223577,40.3064463223278,7.400441258144722,3.0855131381808136,6.871767969711284,17.438898019761,-9.898602402909432,12.95468019675039,-5.556444745683843,6475.773768086858,5040.262212578902,11596.914978678038,0.0867526902318763,0.0859179869294166,3.6272363325359447e-06,0.0070289400807868,4.1286223668662975e-05,0.0858741826196114,-0.0001731998055562,0.0465781291081936,0.0013987052171723,0.2377310291204269,0.0839956402778625,0.1029247567057609,,,,,,,,,,,,,,,,,,,82unh_denoised_engine_features.csv
,misfire,,,,,,,,,,,,,,,,,,,,,,,,,,,,,,,,,,,,,,,,,,,,,,0.0012386090063155107,83unh_denoised_bispectrum.csv
,misfire,,,,,,,,,,,,,,,,,,,,,,,,,,,,,371.9191854339261,0.028395646770923856,1.8448739306264457,0.0,224854.97869610076,5.640294723700816,0.0,0.0,,,,,,,,,,,83unh_denoised_bispectrum_features.csv
,misfire,-141.13034928488284,59.113323345948686,-4.309103132233146,52.66962231541816,-16.957889408284533,41.77747822600459,9.617772685413351,4.362416350518042,8.44356635813342,19.1939177277268,-8.14111893137909,13.89088489805638,-4.310508254386972,6257.687184580872,5080.06891425032,11389.975346481877,0.0750276935634328,0.1095260828733444,-2.1168483534446432e-05,0.0078250350183427,-7.139763118249453e-05,0.0968203086402221,0.0001855665432934,0.0562638086357287,0.001663710661308,0.3017832208852937,0.1081609800457954,0.1361281871795654,,,,,,,,,,,,,,,,,,,83unh_denoised_engine_features.csv
,misfire,,,,,,,,,,,,,,,,,,,,,,,,,,,,,,,,,,,,,,,,,,,,,,0.016079633203537128,84unh_denoised_bispectrum.csv
,misfire,,,,,,,,,,,,,,,,,,,,,,,,,,,,,80.03551809651877,0.03675751405806095,0.5387954706887617,0.0,19263.301420943528,7.47442398886853,1.0,1.0,,,,,,,,,,,84unh_denoised_bispectrum_features.csv
,misfire,-119.83191642788408,57.36998381978278,-5.969708193419696,51.59258210211119,-18.51527085232722,40.39832968592565,7.853097587365079,3.35044004829047,7.1575115057165775,17.280862117791635,-8.924112505684104,13.749888748138895,-5.464646543354245,6554.086164475367,5053.677538138336,11685.617670575692,0.0899364089152452,0.1075547859072685,-3.06203654815831e-05,0.0105350342320851,-0.0001526365821446,0.1237141473274989,0.0009901015711319,0.0684173499994299,0.0022534017731519,0.2465243738995113,0.1054442673921585,0.1266375035047531,,,,,,,,,,,,,,,,,,,84unh_denoised_engine_features.csv
,misfire,,,,,,,,,,,,,,,,,,,,,,,,,,,,,,,,,,,,,,,,,,,,,,0.003546061814679648,85unh_denoised_bispectrum.csv
,misfire,,,,,,,,,,,,,,,,,,,,,,,,,,,,,10.035969387538048,0.012949986650201764,0.14920235466148127,0.0,1481.415979385624,7.586718199218563,1.0,84.0,,,,,,,,,,,85unh_denoised_bispectrum_features.csv
,misfire,-156.93747485161808,55.81584657352742,-9.98824323422399,47.51035247987824,-20.89122426953668,37.96166350599833,4.218191174594836,0.7096111772566185,6.096909891229514,14.52405691244772,-11.648176346307688,11.969567019326384,-7.623919219744909,6782.581632465264,4979.503071292431,11866.871002132197,0.1037748617404051,0.0652732923626899,9.100680580036552e-06,0.0085211289794014,-0.0001858803494582,0.0926516485361098,2.2318076697969417e-06,0.0469499536272774,-0.0001144167579711,0.1255826526682122,0.0627977102994918,0.0712229311466217,,,,,,,,,,,,,,,,,,,85unh_denoised_engine_features.csv
,misfire,,,,,,,,,,,,,,,,,,,,,,,,,,,,,,,,,,,,,,,,,,,,,,0.004995002864563537,86unh_denoised_bispectrum.csv
,misfire,,,,,,,,,,,,,,,,,,,,,,,,,,,,,56.0167432491932,0.025669170624427418,0.4665358684109983,0.0,14419.462523599212,7.21311790025505,0.0,0.0,,,,,,,,,,,86unh_denoised_bispectrum_features.csv
,misfire,-133.93342395901607,62.72637507131776,-4.859405791331605,52.70786481030906,-17.129870683120078,40.593194550909466,8.213613677577102,3.627925806011108,8.823195367286944,17.56155348709928,-10.35909188736726,13.486970515886878,-6.2679245410115225,6338.315263286864,5052.843207716594,11417.810501066098,0.083375324826759,0.0998090580105781,3.332674424353013e-05,0.0087587557548352,9.241468146661812e-05,0.1078839259956782,-0.0005281419524668,0.0598643631953864,0.0021827212951468,0.2442228128299415,0.0978605076670646,0.1195659413933754,,,,,,,,,,,,,,,,,,,86unh_denoised_engine_features.csv
,misfire,,,,,,,,,,,,,,,,,,,,,,,,,,,,,,,,,,,,,,,,,,,,,,0.0026013079709482287,87unh_denoised_bispectrum.csv
,misfire,,,,,,,,,,,,,,,,,,,,,,,,,,,,,21.403603173448808,0.02719810116609541,0.2848822142269409,0.0,5409.255420554268,7.739356317983507,1.0,82.0,,,,,,,,,,,87unh_denoised_bispectrum_features.csv
,misfire,-129.74280760259722,57.97772489403696,-6.535319205532625,49.27795857227112,-19.61583396369699,39.25211424927032,6.974849667951257,1.983555074303663,7.675420048507474,15.892093623003325,-10.59525710436142,13.725118124652818,-7.129728653073415,6664.970693061256,5031.635046091171,11829.191098081024,0.0934407899120469,0.0928185358643531,-2.0185540303077063e-05,0.0101674431160282,-7.233531905331487e-05,0.1201085937892657,0.0001884674820909,0.0642237995804187,0.0001773692729016,0.1939754915575444,0.0900545641779899,0.1055994033813476,,,,,,,,,,,,,,,,,,,87unh_denoised_engine_features.csv
,misfire,,,,,,,,,,,,,,,,,,,,,,,,,,,,,,,,,,,,,,,,,,,,,,0.011773129569415104,88unh_denoised_bispectrum.csv
,misfire,,,,,,,,,,,,,,,,,,,,,,,,,,,,,90.34096662384744,0.023107622220576197,0.4596375143371664,0.0,13989.218277921444,7.300229480507109,1.0,1.0,,,,,,,,,,,88unh_denoised_bispectrum_features.csv
,misfire,-131.43260101113478,66.32192571303838,-4.612829439650393,53.89924012285102,-16.121785861834358,43.35106183463223,9.19627685333156,6.093679419452234,8.291983183588854,19.900237278310875,-8.94741011041474,16.6380507641452,-5.815510684119883,6021.631171242336,5082.931661211813,11156.899653518123,0.0718970715618336,0.1180789545178413,-1.054042242874186e-05,0.0071717672144212,-0.0001156953032797,0.1041166584594972,0.0008146936434472,0.0569597031517173,0.0013511346310513,0.3068144515537216,0.1161186322569847,0.145588144659996,,,,,,,,,,,,,,,,,,,88unh_denoised_engine_features.csv
,misfire,,,,,,,,,,,,,,,,,,,,,,,,,,,,,,,,,,,,,,,,,,,,,,0.014922673161800702,89unh_denoised_bispectrum.csv
,misfire,,,,,,,,,,,,,,,,,,,,,,,,,,,,,35.54918137459064,0.02871919950413765,0.3988676009670291,0.0,10562.566352029751,7.425293026694249,1.0,84.0,,,,,,,,,,,89unh_denoised_bispectrum_features.csv
,misfire,-127.6779474893998,61.13228914906065,-6.910953785909227,48.63579158130581,-19.07837283307696,39.44908835435141,6.900675555960706,2.604248271407874,7.162194217580724,16.872456837459772,-9.20716014953634,14.22807902270842,-6.901153742135375,6405.911283545663,5071.313711883143,11569.4796108742,0.086851595815565,0.1023370251059532,-1.2298121616374298e-05,0.008881082290672,0.0001179500555743,0.1141467520495591,-0.0007322245920036,0.0614205541234907,0.0019616827112948,0.2436443741867436,0.0998552441596984,0.1217844560742378,,,,,,,,,,,,,,,,,,,89unh_denoised_engine_features.csv
,misfire,,,,,,,,,,,,,,,,,,,,,,,,,,,,,,,,,,,,,,,,,,,,,,0.0140679358261696,90unh_denoised_bispectrum.csv
,misfire,,,,,,,,,,,,,,,,,,,,,,,,,,,,,581.4089144164915,0.05114076900880502,2.5434490648356136,0.0,427452.51823974575,6.054517398247594,1.0,1.0,,,,,,,,,,,90unh_denoised_bispectrum_features.csv
,misfire,-129.2825730197642,60.62209053135973,-9.056212035614076,50.60620103222629,-20.2280016072383,38.62559300917816,6.644324935213963,2.0796088808711857,5.470931034379307,18.35981339998451,-9.96766611337258,15.15294388281012,-7.3678095298997555,6493.375131029166,4996.300459044925,11584.321695095949,0.0934688999200426,0.096734344959259,-1.6194873598286163e-05,0.0089840190076542,9.370358364082676e-05,0.117680790978358,-0.0002660808343511,0.065144997162793,-0.0005567763049724,0.229511275185177,0.094221219420433,0.1119548976421356,,,,,,,,,,,,,,,,,,,90unh_denoised_engine_features.csv
,misfire,,,,,,,,,,,,,,,,,,,,,,,,,,,,,,,,,,,,,,,,,,,,,,0.008771875546451596,91unh_denoised_bispectrum.csv
,misfire,,,,,,,,,,,,,,,,,,,,,,,,,,,,,32.06016473167578,0.02379789215212521,0.3109146694613323,0.0,6422.226388867323,7.516805184041744,1.0,85.0,,,,,,,,,,,91unh_denoised_bispectrum_features.csv
,misfire,-143.11114885617658,53.94857775369102,-10.004844459852366,49.72253837806227,-22.09857439588452,37.27697576835206,6.904656453749455,-0.0465633295770399,4.893404739053414,16.53733738003849,-11.526198778207736,13.367490605436462,-8.994147988977263,6764.015673107181,4958.210085580144,11757.02958422175,0.1035416527851812,0.0836955532431602,-6.743347844064538e-06,0.0104959558022607,-9.095202628369212e-05,0.1156402514738928,-0.0005368656346815,0.0623023613151876,0.0006841354469848,0.1701786678247987,0.0803142860531807,0.0924157053232193,,,,,,,,,,,,,,,,,,,91unh_denoised_engine_features.csv
,misfire,,,,,,,,,,,,,,,,,,,,,,,,,,,,,,,,,,,,,,,,,,,,,,0.003013833677964525,92unh_denoised_bispectrum.csv
,misfire,,,,,,,,,,,,,,,,,,,,,,,,,,,,,34.371967390938636,0.024103244853645883,0.3116781138355647,0.0,6454.586548173396,7.507174712830951,1.0,85.0,,,,,,,,,,,92unh_denoised_bispectrum_features.csv
,misfire,-139.77546980270873,55.70254444664717,-10.183869527117674,49.457146535976776,-21.79092765857725,37.43124169476679,7.645377214855821,1.065537045006692,6.612360372491822,18.128477130326093,-10.267614456280445,14.663926045626788,-7.730950389160074,6697.657444667479,4951.780180732272,11650.586353944564,0.103874808435501,0.0840897634625434,-2.3726765214578872e-05,0.0103735096694891,1.0999014107356331e-05,0.1148548948900914,0.000351243100949,0.0618348472237646,0.0010563641878677,0.1696192245173034,0.0810748413205146,0.0933652520179748,,,,,,,,,,,,,,,,,,,92unh_denoised_engine_features.csv
,misfire,,,,,,,,,,,,,,,,,,,,,,,,,,,,,,,,,,,,,,,,,,,,,,0.00018436725757118503,93unh_denoised_bispectrum.csv
,misfire,,,,,,,,,,,,,,,,,,,,,,,,,,,,,59.41738644192488,0.014732148146362763,0.34429636992150714,0.0,7843.782845288799,7.2604535649392705,1.0,1.0,,,,,,,,,,,93unh_denoised_bispectrum_features.csv
,misfire,-171.1005098452057,69.71865507927544,-14.500511440113016,52.246346853893456,-25.57032295579496,51.86487381314474,-0.7199594181612013,16.691116545336975,0.8340888239085981,26.05707999325858,-6.267965365348332,20.274553300902355,-8.356268202579468,5985.219625012906,5000.506731309625,11544.992670575692,0.0633734924706823,0.0833332315087318,-4.550197167417134e-06,0.0029830204701483,5.219315204239106e-05,0.0637408379613049,6.83375652068637e-05,0.0296959749400389,-0.0021281426333462,0.2242123555267858,0.0823618024587631,0.107370376586914,,,,,,,,,,,,,,,,,,,93unh_denoised_engine_features.csv
,misfire,,,,,,,,,,,,,,,,,,,,,,,,,,,,,,,,,,,,,,,,,,,,,,0.0007898463704182585,94unh_denoised_bispectrum.csv
,misfire,,,,,,,,,,,,,,,,,,,,,,,,,,,,,89.55028036419718,0.022111299554582048,0.4136888637368548,0.0,11335.817188052084,7.561119778022624,1.0,1.0,,,,,,,,,,,94unh_denoised_bispectrum_features.csv
,misfire,-112.21452959771774,72.6469016626309,-14.425957098119484,51.29241676175696,-26.5461458739281,49.7729740390193,-1.5907345046025847,15.11321302302171,1.138115013367219,26.594558609716117,-6.199410075514558,20.71897715347561,-9.450282498225237,5989.2081185229,5043.042953600968,11528.351545842215,0.0640595848880597,0.1402636021375656,6.091708928960378e-06,0.0041497115787333,-0.0003296689758267,0.1057125109024841,-3.6899790127307325e-05,0.0476592732726786,-0.0008895118996522,0.3715241055468518,0.1391134560108184,0.1807676404714584,,,,,,,,,,,,,,,,,,,94unh_denoised_engine_features.csv
,misfire,,,,,,,,,,,,,,,,,,,,,,,,,,,,,,,,,,,,,,,,,,,,,,0.004188985397027902,95unh_denoised_bispectrum.csv
,misfire,,,,,,,,,,,,,,,,,,,,,,,,,,,,,46.46298133466046,0.03498013407419792,0.4170801427698681,0.0,11570.427841312,7.598349867591185,1.0,1.0,,,,,,,,,,,95unh_denoised_bispectrum_features.csv
,misfire,-98.43181742617878,74.58339475540397,-16.567023917380148,44.134965099660384,-30.355244236530865,46.11710729141375,-0.7714296285824652,15.661154748421822,3.9364393300644,26.758594276724736,-3.8723832567587286,21.086438054820626,-8.46811184247099,5956.102754342976,5039.514819151865,11458.738672707888,0.065826350946162,0.1541616022586822,4.076530917882484e-06,0.0048333530305977,-4.7859058305573935e-05,0.1162142472165222,0.0005203399839406,0.0524184795563125,-0.0022156867860466,0.4085179266341694,0.153080403804779,0.1998213231563568,,,,,,,,,,,,,,,,,,,95unh_denoised_engine_features.csv
,misfire,,,,,,,,,,,,,,,,,,,,,,,,,,,,,,,,,,,,,,,,,,,,,,0.0027483526545990624,96unh_denoised_bispectrum.csv
,misfire,,,,,,,,,,,,,,,,,,,,,,,,,,,,,7.670229310664656,0.010815343531786712,0.101554884896803,0.0,688.9152638882924,7.90227407058327,1.0,78.0,,,,,,,,,,,96unh_denoised_bispectrum_features.csv
,misfire,-158.34715270253258,68.01926596143969,-11.375550704190742,52.97670889985352,-24.087284399801145,48.17116817107903,-1.65762000460876,13.110873361119625,1.640334987339236,24.31722013907373,-6.649408692282717,18.870700209329577,-8.887268094031816,6201.863113564209,5076.092564238825,11765.275186567163,0.0705592434035181,0.0851256996393203,-8.44333138547059e-06,0.0051669048512737,-0.0001626129086302,0.0701219066171836,-0.0003143602568679,0.0318609805842369,-0.0021698756869927,0.2232167458429982,0.0844397842884063,0.1093569993972778,,,,,,,,,,,,,,,,,,,96unh_denoised_engine_features.csv
,misfire,,,,,,,,,,,,,,,,,,,,,,,,,,,,,,,,,,,,,,,,,,,,,,6.634795829680964e-05,97unh_denoised_bispectrum.csv
,misfire,,,,,,,,,,,,,,,,,,,,,,,,,,,,,93.88651338776803,0.0348517831834367,0.6871360035494531,0.0,31265.650411062703,7.1543261185397995,1.0,1.0,,,,,,,,,,,97unh_denoised_bispectrum_features.csv
,misfire,-101.73166075190684,73.15424692030852,-13.935299531883151,52.216805834715245,-25.460523935588142,48.24946900269664,-2.628324841600534,14.704981388749262,1.5331721864028836,26.8110331082386,-6.488380852105632,19.95459053541865,-9.711082744961796,5944.431892312568,5042.739169700362,11475.97947761194,0.0637149770122601,0.1612020134925842,-7.671428397548978e-06,0.0041828595309328,-0.0001727001102232,0.1200758282278176,-0.0003649612563881,0.0580160861641334,-0.0025836609652987,0.4284077339843477,0.1599362939596176,0.2081320285797119,,,,,,,,,,,,,,,,,,,97unh_denoised_engine_features.csv
,misfire,,,,,,,,,,,,,,,,,,,,,,,,,,,,,,,,,,,,,,,,,,,,,,0.00030238182553624424,98unh_denoised_bispectrum.csv
,misfire,,,,,,,,,,,,,,,,,,,,,,,,,,,,,26.220550203102505,0.0241360595282968,0.28480979535129,0.0,5396.148406517395,7.725280495511407,1.0,1.0,,,,,,,,,,,98unh_denoised_bispectrum_features.csv
,misfire,-109.62566317519406,65.44706581723057,-18.41500833146437,48.46612158146946,-24.91336437983398,47.52011925076417,-3.599984194957817,9.849749380267472,-1.4802579826489977,23.46078604092128,-6.017121561215415,17.941467014369294,-11.193011695806035,6399.179252924785,4904.089094370159,11876.715751599148,0.1057831656449893,0.1091866716742515,7.1424698656922056e-06,0.0040383468405751,7.058395026696235e-05,0.1097572255736794,-0.000621830255431,0.0530810453644558,-0.0014175159861338,0.3104724092462757,0.1078483611345291,0.1337462216615677,,,,,,,,,,,,,,,,,,,98unh_denoised_engine_features.csv
,misfire,,,,,,,,,,,,,,,,,,,,,,,,,,,,,,,,,,,,,,,,,,,,,,1.1765152994791335e-06,99unh_denoised_bispectrum.csv
,misfire,,,,,,,,,,,,,,,,,,,,,,,,,,,,,28.34062362192824,0.0028488705243342734,0.12580465720746495,0.0,1045.881148795323,6.877611960923417,1.0,1.0,,,,,,,,,,,99unh_denoised_bispectrum_features.csv
,misfire,-164.09302370863833,66.27070772602127,-17.055248743603446,44.604517047500536,-21.959891002155143,46.78662584034653,-0.1957948363496142,10.941971526617207,1.9578117964889672,21.385233640120937,-4.327770000814556,16.694566374260106,-7.364732579214817,6021.247766364276,4962.985732257007,11554.6875,0.087373192630597,0.0790212973952293,-4.589099940106358e-07,0.0014274869195242,-0.0002387076354504,0.0563612478959378,-0.0001164676107204,0.024869546988889,-0.0004549177930914,0.2635179122156481,0.077031522989273,0.1004441380500793,,,,,,,,,,,,,,,,,,,99unh_denoised_engine_features.csv
,map_fault,,,,,,,,,,,,,,,,,,,,,,,,,,,,,,,,,,,,,,,,,,,,,,0.0004362680691952668,09map_denoised_bispectrum.csv
,map_fault,,,,,,,,,,,,,,,,,,,,,,,,,,,,,33.087638002888816,0.030421287520775882,0.2677257688469455,0.0,4795.325299141162,8.131910468952313,0.0,1.0,,,,,,,,,,,09map_denoised_bispectrum_features.csv
,map_fault,-92.74127892134364,59.9533251034364,-26.366966522295225,63.23226591034146,-27.04802241109822,33.469193549266755,5.655558193836795,8.289406470739507,-9.090347930716362,26.887170540020623,-17.664678091488593,22.17541286629187,-10.898195427885977,6590.858480582987,4679.995834412434,11256.496535181235,0.1437368819962686,0.1177908256649971,8.018334209834675e-07,0.0024542269529981,-0.0002433521003775,0.1548916696371356,-0.0012342749806147,0.1383245277560695,0.0003965496749833,0.2241096973410463,0.1163693517446518,0.1381031274795532,,,,,,,,,,,,,,,,,,,09map_denoised_engine_features.csv
,map_fault,,,,,,,,,,,,,,,,,,,,,,,,,,,,,,,,,,,,,,,,,,,,,,0.002799112960297246,100map_denoised_bispectrum.csv
,map_fault,,,,,,,,,,,,,,,,,,,,,,,,,,,,,143.229974994006,0.05600558239173564,1.0441862650793643,0.0,72222.04399249292,6.746658048144109,11.0,16.0,,,,,,,,,,,100map_denoised_bispectrum_features.csv
,map_fault,-141.9635394125033,80.0659432824157,-38.37591603741493,43.13854460567876,11.561351197194409,36.162231339161245,-4.122704111169449,-7.960503427162935,3.3713855378478126,18.46537877249321,2.9220771244036428,22.293938359264573,3.1610239880591027,4828.598139275574,4552.729831043935,9070.212553304904,0.0776773220948827,0.0949975848197937,-1.963786354334275e-05,0.0111612240465854,-6.953380877663146e-05,0.0651443652535583,0.0005743685600068,0.0773272656465607,-0.0007538450750672,0.2582044554232771,0.0934155136346817,0.1154311224818229,,,,,,,,,,,,,,,,,,,100map_denoised_engine_features.csv
,map_fault,,,,,,,,,,,,,,,,,,,,,,,,,,,,,,,,,,,,,,,,,,,,,,0.0008641209321706274,101map_denoised_bispectrum.csv
,map_fault,,,,,,,,,,,,,,,,,,,,,,,,,,,,,69.95026882836495,0.034097298559332766,0.3537209776930963,0.0,8340.744061363108,8.09444222650589,1.0,1.0,,,,,,,,,,,101map_denoised_bispectrum_features.csv
,map_fault,-133.92633513186567,55.46861771334918,-43.16408516834588,37.446614873707695,10.397550511535112,38.320319600044286,-0.17960007943354,-5.457454541469343,7.740004590253024,23.404935873069224,8.594415155202016,25.186311269126563,6.557586657829643,5559.178658795124,4798.883730035938,10363.272921108744,0.0856376599147121,0.1053135246038436,-1.7727601270030587e-06,0.0166957301872767,6.660730057520476e-05,0.0893499322203905,-0.0003302351899167,0.0824573818966066,0.0019697898593392,0.296542497189816,0.1025716811418533,0.1275410056114196,,,,,,,,,,,,,,,,,,,101map_denoised_engine_features.csv
,map_fault,,,,,,,,,,,,,,,,,,,,,,,,,,,,,,,,,,,,,,,,,,,,,,0.0007449310532678936,102map_denoised_bispectrum.csv
,map_fault,,,,,,,,,,,,,,,,,,,,,,,,,,,,,787.2141433962166,0.04038882077506883,3.623359685997956,0.0,867247.5882501581,3.5633325570895575,1.0,1.0,,,,,,,,,,,102map_denoised_bispectrum_features.csv
,map_fault,-188.34341096581645,69.10755049326585,-35.49543918353592,40.0661604255131,15.350724371573744,39.706725264863344,-0.109421392281642,-1.9411381625028343,9.212588868457283,22.55236492323989,7.986753845694153,23.06874838980095,7.134780210823786,4757.968704062163,4624.241581861118,9303.138326226011,0.0676337203491471,0.1089743971824646,1.2764504482698048e-07,0.0092345877400848,0.0001370835840804,0.041910894939743,3.652527402486621e-05,0.0424800233058329,-0.0032251575985098,0.3984075912882714,0.1055601015686988,0.1391003578901291,,,,,,,,,,,,,,,,,,,102map_denoised_engine_features.csv
,map_fault,,,,,,,,,,,,,,,,,,,,,,,,,,,,,,,,,,,,,,,,,,,,,,0.00023240947306663677,103map_denoised_bispectrum.csv
,map_fault,,,,,,,,,,,,,,,,,,,,,,,,,,,,,434.0351063084971,0.02894694890477916,2.290252613271363,0.0,346499.32591047947,4.219702771351567,1.0,1.0,,,,,,,,,,,103map_denoised_bispectrum_features.csv
,map_fault,-190.5141153368824,74.32811247769652,-26.397950959502975,43.1219265123551,21.66869464941133,45.81229095980974,1.6782062995762583,-2.323046977368907,8.240963831421427,21.72672599521623,10.034348755060906,23.058316735445896,7.413935702135905,4182.852987303684,4529.008335634808,8609.608208955224,0.0441753981210021,0.1567333489656448,-1.3773692834030673e-05,0.0110832292872513,-2.7563377474591075e-06,0.0406881914066419,-0.0001470624726375,0.0387268541649723,0.0031351017146567,0.5306818680017639,0.1511335670948028,0.2022062540054321,,,,,,,,,,,,,,,,,,,103map_denoised_engine_features.csv
,map_fault,,,,,,,,,,,,,,,,,,,,,,,,,,,,,,,,,,,,,,,,,,,,,,0.0010015650403549746,104map_denoised_bispectrum.csv
,map_fault,,,,,,,,,,,,,,,,,,,,,,,,,,,,,491.79346648816136,0.03699059965686022,2.1508620631579904,0.0,305646.76188692526,5.926676284596156,1.0,1.0,,,,,,,,,,,104map_denoised_bispectrum_features.csv
,map_fault,-153.7162874921985,68.00667358471974,-36.88033425825466,37.3671226024556,16.5747436717662,41.43030020629709,-0.8869603585181997,-2.8530406869249894,7.388725194481123,22.685577253982107,9.853768836171344,22.937424034573077,6.449069741489518,4811.756496474866,4703.784777159806,9567.747201492535,0.0603948727345415,0.1372141987085342,1.7737632473882847e-05,0.0144250570137119,-4.648060159965571e-05,0.0585283434835486,0.0001968480762125,0.0610590626842471,-0.0065310050584757,0.4572127764769163,0.1336212456226349,0.1754359006881714,,,,,,,,,,,,,,,,,,,104map_denoised_engine_features.csv
,map_fault,,,,,,,,,,,,,,,,,,,,,,,,,,,,,,,,,,,,,,,,,,,,,,0.008571734637769777,105map_denoised_bispectrum.csv
,map_fault,,,,,,,,,,,,,,,,,,,,,,,,,,,,,29.564995906217092,0.0694136204947073,0.4464135869653956,0.0,13480.821592000135,8.303057903524731,1.0,23.0,,,,,,,,,,,105map_denoised_bispectrum_features.csv
,map_fault,-115.4088437982072,56.8349289677459,-42.22978576261281,33.08709972683099,11.429289835495895,41.1513547917593,-2.6920107941463622,-1.101500277237466,4.443710461504789,23.232886058506235,9.195836420578956,22.550713323325148,7.457289120751885,5619.626937254487,4854.388605682783,10724.930037313432,0.0838240438432835,0.1263126283884048,1.3499110834736622e-06,0.0268838557886872,-6.623578898543282e-05,0.0965415610127006,0.0003109947548174,0.0903722066356507,-0.0040709384158143,0.3534693288905177,0.1230658739805221,0.1535725891590118,,,,,,,,,,,,,,,,,,,105map_denoised_engine_features.csv
,map_fault,,,,,,,,,,,,,,,,,,,,,,,,,,,,,,,,,,,,,,,,,,,,,,0.003928972872156614,106map_denoised_bispectrum.csv
,map_fault,,,,,,,,,,,,,,,,,,,,,,,,,,,,,19.278838066968454,0.035213349356132725,0.19770943003863303,0.0,2663.690035075415,8.707649247759084,2.0,2.0,,,,,,,,,,,106map_denoised_bispectrum_features.csv
,map_fault,-110.70107231813638,78.38655849490124,0.7184675507856826,25.826526978540453,-1.378525791672785,18.5643907302763,-6.237772081672275,1.4993483838102255,0.1804568079078814,9.845523850627686,-9.884607225557737,9.022094886475587,-5.651988835840578,6792.663178069012,5641.901900018253,12857.992404051172,0.0933720765591684,0.0910252556204795,3.3954235194464755e-05,0.0514988038327873,0.0002179544844417,0.0839767374355935,0.0001128448175591,0.0568936019060801,-0.0014653252314336,0.2013990906762009,0.0883263796567916,0.1040197983384132,,,,,,,,,,,,,,,,,,,106map_denoised_engine_features.csv
,map_fault,,,,,,,,,,,,,,,,,,,,,,,,,,,,,,,,,,,,,,,,,,,,,,0.03506959248411837,107map_denoised_bispectrum.csv
,map_fault,,,,,,,,,,,,,,,,,,,,,,,,,,,,,11.402767430720928,0.05997671347290003,0.25107208363368205,0.0,4401.135309854774,8.837244869918685,1.0,1.0,,,,,,,,,,,107map_denoised_bispectrum_features.csv
,map_fault,-90.11006835113218,73.58234870299981,-3.628487925983425,25.116414156287508,-7.369845710278344,15.966630626503706,-6.646476887258947,2.5298470628589107,2.152915820016501,11.902623433712211,-7.610136451227123,10.349731819512094,-4.591952390371618,6878.332915265533,5602.433170336592,13038.945895522387,0.1003725096615138,0.0998541936278343,1.558254505885011e-05,0.053683267273176,0.0003390446051177,0.105803173013945,-0.0002427865440909,0.0744026830135151,-0.0024761858194473,0.2050822627922937,0.0964003354310989,0.1114366203546524,,,,,,,,,,,,,,,,,,,107map_denoised_engine_features.csv
,map_fault,,,,,,,,,,,,,,,,,,,,,,,,,,,,,,,,,,,,,,,,,,,,,,0.01728762842915429,108map_denoised_bispectrum.csv
,map_fault,,,,,,,,,,,,,,,,,,,,,,,,,,,,,6.7773777617532405,0.04904948034379812,0.20969899958572807,0.0,3063.321045226133,8.798181532833649,1.0,4.0,,,,,,,,,,,108map_denoised_bispectrum_features.csv
,map_fault,-110.03896737592731,73.4546212321765,-6.015650524023203,23.88468155787056,-8.307900172036717,16.294769056251198,-7.615773068172818,0.400600131456552,1.803288237435709,10.971893699961605,-4.729751801565681,11.798952122502527,-4.612200120174699,6727.604276514513,5413.712335379719,12583.23893923241,0.095703125,0.0954263135790824,9.032282876978546e-06,0.0473415778132465,0.000237277498162,0.1027801651770809,-0.0002838670843378,0.0692396599433003,-0.0032072998216368,0.2031989996890209,0.0917858332395553,0.1069298833608627,,,,,,,,,,,,,,,,,,,108map_denoised_engine_features.csv
,map_fault,,,,,,,,,,,,,,,,,,,,,,,,,,,,,,,,,,,,,,,,,,,,,,0.008338333610939903,109map_denoised_bispectrum.csv
,map_fault,,,,,,,,,,,,,,,,,,,,,,,,,,,,,97.7721503821548,0.05670129632355336,0.5298458664611616,0.0,18754.724460190857,8.52155786572392,1.0,1.0,,,,,,,,,,,109map_denoised_bispectrum_features.csv
,map_fault,-103.95861279543534,71.88651381125088,0.1795755852341464,22.661190687582785,-7.377964543518161,20.08914363414261,-5.372654610565412,4.192440925789906,4.298632383552807,12.880311071695075,-5.100735725045618,12.284038166883224,-3.0254641437525294,6920.1834341383765,5603.278983318557,13017.95708955224,0.0943007479344349,0.1025758907198906,9.807705988891684e-05,0.0522316595070216,0.0001683200925351,0.1021840464295003,-0.0003141509340062,0.0633382080627915,-0.0027320129509979,0.2348520755333987,0.0989946946501731,0.1158190816640853,,,,,,,,,,,,,,,,,,,109map_denoised_engine_features.csv
,map_fault,,,,,,,,,,,,,,,,,,,,,,,,,,,,,,,,,,,,,,,,,,,,,,4.626742664149212e-05,10map_denoised_bispectrum.csv
,map_fault,,,,,,,,,,,,,,,,,,,,,,,,,,,,,22.65065594873053,0.00974669265466534,0.1348223742103138,0.0,1206.8519914167507,7.724356744458975,1.0,1.0,,,,,,,,,,,10map_denoised_bispectrum_features.csv
,map_fault,-133.3590837982763,58.73701477060632,-22.9548884084428,60.38591378848072,-21.382983615056933,28.8101337498708,7.525526300143298,2.8843967533697006,-7.399341740400048,22.782227973774354,-13.765454315847506,20.399085096252257,-6.067992883986462,6373.156349693367,4674.784555411478,10985.740938166313,0.1370643989872068,0.084469273686409,-1.8563228459294644e-06,0.0010377267235352,-2.8357757167044852e-05,0.1016298135234499,0.0003676453252561,0.0966559637809984,-0.0013598261518233,0.2146534196177741,0.0834122896194458,0.1013446450233459,,,,,,,,,,,,,,,,,,,10map_denoised_engine_features.csv
,map_fault,,,,,,,,,,,,,,,,,,,,,,,,,,,,,,,,,,,,,,,,,,,,,,0.05303643416743412,110map_denoised_bispectrum.csv
,map_fault,,,,,,,,,,,,,,,,,,,,,,,,,,,,,284.3954129334901,0.05580835724121355,1.3664390845988947,0.0,123529.48599427845,7.9564726205350205,1.0,1.0,,,,,,,,,,,110map_denoised_bispectrum_features.csv
,map_fault,-114.08040388677684,63.62530010758126,-0.817758290952057,22.88224385553652,-9.163906012016955,21.354875191578824,-3.760569943642507,4.644109605031632,4.984429925830014,15.381705559039505,-6.071466744406522,13.51944078753825,-0.2666611100049358,7248.526786304816,5612.716245746988,13358.87526652452,0.0982507246135394,0.0987970530986785,4.421082660504106e-05,0.0532418344384355,0.0002148493826269,0.0996486011087084,-0.00064508412829,0.0601978559842909,-0.0027410886504526,0.2532818029456654,0.0943372622132301,0.1094449087977409,,,,,,,,,,,,,,,,,,,110map_denoised_engine_features.csv
,map_fault,,,,,,,,,,,,,,,,,,,,,,,,,,,,,,,,,,,,,,,,,,,,,,0.01515015938298138,111map_denoised_bispectrum.csv
,map_fault,,,,,,,,,,,,,,,,,,,,,,,,,,,,,6.79513393812053,0.031141641500979447,0.1402338928783368,0.0,1362.9440040952447,8.792123871206037,1.0,1.0,,,,,,,,,,,111map_denoised_bispectrum_features.csv
,map_fault,-124.24421632467124,69.19398470766376,2.0622049513339307,28.063907015396023,-9.179026635884322,22.39641213536995,-6.633875355103214,2.5572053679421405,2.8455916046013456,11.237703946080108,-9.035677439187134,10.471312735943677,-3.08401702597531,7091.200653395412,5518.407928108722,13080.073960554371,0.0950711703757995,0.0788155123591423,-6.097421840324276e-08,0.048589565854209,-0.0006110076916302,0.0937584270275608,5.836026780145512e-05,0.055118641166253,-0.0017841406502044,0.1453110176599737,0.0744365379214286,0.0825252085924148,,,,,,,,,,,,,,,,,,,111map_denoised_engine_features.csv
,map_fault,,,,,,,,,,,,,,,,,,,,,,,,,,,,,,,,,,,,,,,,,,,,,,0.014101766711271104,112map_denoised_bispectrum.csv
,map_fault,,,,,,,,,,,,,,,,,,,,,,,,,,,,,18.063789665857247,0.05749811144387791,0.28373141314894196,0.0,5535.53681122287,8.683103055186313,1.0,2.0,,,,,,,,,,,112map_denoised_bispectrum_features.csv
,map_fault,-112.71816563870011,68.4885773518095,-1.7003976993635987,27.067606160067477,-11.822341421482175,20.26639754545532,-4.931828186211036,1.6242419598408449,4.38006905060343,13.143569638343534,-8.435823861212414,12.467980011078716,-4.07233629825676,6970.513962143427,5438.519933246865,12964.785447761196,0.0929754131130064,0.0900815203785896,0.0001071146336105,0.0480681006839079,0.0002834379007381,0.107056588787765,0.0003990485909651,0.0673118590194588,-0.0022751143295261,0.1744981494581325,0.0852366834878921,0.0954392254352569,,,,,,,,,,,,,,,,,,,112map_denoised_engine_features.csv
,map_fault,,,,,,,,,,,,,,,,,,,,,,,,,,,,,,,,,,,,,,,,,,,,,,0.007323788213126651,113map_denoised_bispectrum.csv
,map_fault,,,,,,,,,,,,,,,,,,,,,,,,,,,,,16.969190298297498,0.03992620033338794,0.23597602570443985,0.0,3783.2065484242385,8.530948415446534,1.0,75.0,,,,,,,,,,,113map_denoised_bispectrum_features.csv
,map_fault,-126.14587019724796,64.0693636019046,-2.493366003834656,28.66561763782283,-7.475895520540167,23.9888147013217,-1.9374387763112024,4.004198532893853,5.018981440767508,14.446028567753151,-8.69136442691938,12.49926383344721,-1.7139958786515317,7075.865351028686,5516.409471987794,13072.028251599148,0.0906797624600213,0.0882552191615104,-8.47389814498459e-05,0.049650702820888,0.0003984811311914,0.0944714416474061,-1.1235878291488291e-05,0.0609400497129524,-0.0026403959104682,0.1886167391164321,0.0839195474982261,0.0972024425864219,,,,,,,,,,,,,,,,,,,113map_denoised_engine_features.csv
,map_fault,,,,,,,,,,,,,,,,,,,,,,,,,,,,,,,,,,,,,,,,,,,,,,0.018009191764667767,114map_denoised_bispectrum.csv
,map_fault,,,,,,,,,,,,,,,,,,,,,,,,,,,,,34.47409463713161,0.04936647225881276,0.33528545463087056,0.0,7585.951204089286,8.441568206230157,1.0,1.0,,,,,,,,,,,114map_denoised_bispectrum_features.csv
,map_fault,-126.52988537284992,66.76934461596616,0.2822616927236869,27.08571739362941,-6.61188767251797,25.000825808030864,-2.182294560341439,3.385659929874571,5.093739144796307,15.12079334737945,-8.307225611426148,13.305081630405894,-0.3873429006009991,6980.62849973103,5555.799151005925,13037.496668443497,0.0792754281050106,0.097829595208168,-2.8634438099599103e-05,0.0539886754328296,0.00031773384198,0.0970596099309984,2.1219591284008166e-05,0.0583623390662752,-0.0024946460799699,0.2193680760965381,0.0934506356716156,0.1108535677194595,,,,,,,,,,,,,,,,,,,114map_denoised_engine_features.csv
,map_fault,,,,,,,,,,,,,,,,,,,,,,,,,,,,,,,,,,,,,,,,,,,,,,0.010197318212347997,115map_denoised_bispectrum.csv
,map_fault,,,,,,,,,,,,,,,,,,,,,,,,,,,,,34.23298858112034,0.05138437157545373,0.37539995741267024,0.0,9482.356498665886,8.34699613793702,76.0,76.0,,,,,,,,,,,115map_denoised_bispectrum_features.csv
,map_fault,-121.73097754038038,68.2775301208406,-2.75551589668852,28.87163575702973,-11.238167963689456,22.964438705412377,-3.631609472516081,2.270957742630644,2.9702843507022534,15.685519211390323,-7.819444871599144,13.506239273495996,-1.3729933019405312,6837.036982557564,5419.844877666487,12873.734008528783,0.085891691098081,0.088097758591175,-2.6603918362168564e-05,0.0417366407233252,-0.000191148500149,0.1022045900581659,-0.0001656273995804,0.0631164913409099,-0.0022954691122762,0.1817538751836265,0.083730511367321,0.0959833338856697,,,,,,,,,,,,,,,,,,,115map_denoised_engine_features.csv
,map_fault,,,,,,,,,,,,,,,,,,,,,,,,,,,,,,,,,,,,,,,,,,,,,,0.010177229394389649,116map_denoised_bispectrum.csv
,map_fault,,,,,,,,,,,,,,,,,,,,,,,,,,,,,28.688436178453408,0.0660987834528984,0.3882071116535271,0.0,10242.470123738494,8.526553895379466,75.0,76.0,,,,,,,,,,,116map_denoised_bispectrum_features.csv
,map_fault,-111.63808808825247,68.381298776566,-3.4078158410951085,26.838096165035733,-12.913729424861131,21.46342814153895,-3.998787766781384,2.255376431910177,2.2962251572557437,15.212079884231148,-9.914137268736232,11.925882553515905,-2.6954665787132863,6918.320670528965,5403.344252746391,12898.720682302772,0.0904288546108742,0.0928278714418411,-5.306434296160349e-05,0.046915622280957,-0.0001127861328756,0.1127405179149442,-0.0005008991252545,0.0722525402357403,-0.0034555718269231,0.177892549789948,0.0878496021032333,0.0983808487653732,,,,,,,,,,,,,,,,,,,116map_denoised_engine_features.csv
,map_fault,,,,,,,,,,,,,,,,,,,,,,,,,,,,,,,,,,,,,,,,,,,,,,0.006902935640516775,117map_denoised_bispectrum.csv
,map_fault,,,,,,,,,,,,,,,,,,,,,,,,,,,,,18.45848464729199,0.043903297888238185,0.2418304536579625,0.0,3989.984944130247,8.600971108209794,3.0,3.0,,,,,,,,,,,117map_denoised_bispectrum_features.csv
,map_fault,-124.30125943728596,72.46866197997076,-2.466675421540421,28.162029048060106,-9.713986710371604,22.062775805957266,-5.400973524652462,1.7924024038687434,2.099457118266904,12.664788815387968,-7.429689123030408,10.566489009190716,-3.494078371595401,6697.521129013599,5391.154247936435,12562.150186567163,0.0837886460554371,0.087385319173336,1.378373781017932e-05,0.0444759907295429,-0.000262612975494,0.0912927004921139,-0.0002582739172475,0.0584448482924198,-0.0023790996966421,0.1948763984843488,0.0836053490638732,0.0973730981349945,,,,,,,,,,,,,,,,,,,117map_denoised_engine_features.csv
,map_fault,,,,,,,,,,,,,,,,,,,,,,,,,,,,,,,,,,,,,,,,,,,,,,0.020268685021918705,118map_denoised_bispectrum.csv
,map_fault,,,,,,,,,,,,,,,,,,,,,,,,,,,,,9.328114890787763,0.05862613633600995,0.2724668165330624,0.0,5130.368622549789,8.713869961830094,1.0,75.0,,,,,,,,,,,118map_denoised_bispectrum_features.csv
,map_fault,-117.7910641918172,64.40761357772891,-7.031864883250522,26.85271380667815,-10.624488818231056,21.02244383226509,-5.389971651040848,2.051704319382931,2.546341201381622,13.00341911539493,-6.603004555681465,11.00032997325378,-3.2835842102545945,6986.708263435844,5419.392466144665,12936.50053304904,0.0904351012793177,0.0866025611758232,3.139017879176094e-05,0.0463954951065785,0.0003943163639899,0.1022251714228012,0.0005867256899887,0.0648596309985414,-0.0031272061022205,0.1679771700191514,0.0819568186998367,0.0927036926150322,,,,,,,,,,,,,,,,,,,118map_denoised_engine_features.csv
,map_fault,,,,,,,,,,,,,,,,,,,,,,,,,,,,,,,,,,,,,,,,,,,,,,0.0485865038130053,119map_denoised_bispectrum.csv
,map_fault,,,,,,,,,,,,,,,,,,,,,,,,,,,,,11.129843594118448,0.05838650972515783,0.24987088024990411,0.0,4348.959504397782,8.775383001146686,1.0,82.0,,,,,,,,,,,119map_denoised_bispectrum_features.csv
,map_fault,-119.02252071840508,60.60699176432722,-9.47695680865272,23.38107030380762,-11.956226791506618,18.937108936788608,-6.09507402738965,1.8570009353997787,1.514241192566654,14.386359069071592,-5.114464220626657,13.233615723661616,-0.8318523307330988,7187.299423325161,5468.937669499094,13214.60221215352,0.0963954640858208,0.0826985388994216,3.0348335292275896e-05,0.0489123198578887,-0.0005741819353487,0.097166376212687,-0.0002563586603915,0.0618129464860433,-0.0029305058765074,0.1575546923241182,0.0780273452401161,0.0873283296823501,,,,,,,,,,,,,,,,,,,119map_denoised_engine_features.csv
,map_fault,,,,,,,,,,,,,,,,,,,,,,,,,,,,,,,,,,,,,,,,,,,,,,0.0009636722024992483,11map_denoised_bispectrum.csv
,map_fault,,,,,,,,,,,,,,,,,,,,,,,,,,,,,30.790479849290488,0.028112448170274543,0.2532905103184712,0.0,4289.6442689538,7.9795314388709295,0.0,1.0,,,,,,,,,,,11map_denoised_bispectrum_features.csv
,map_fault,-100.90094928015826,61.990010949316414,-20.440627966112974,61.97877759053672,-21.730700174523378,28.651714044168376,7.341911368729763,1.5550382814076993,-10.075882503943792,21.376201580435303,-15.413236257000412,19.0488438051478,-5.983489960106064,6311.474323791615,4701.5801969479935,10914.878731343284,0.1349467783848614,0.1158937066793441,7.889596488504118e-06,0.0025242352861405,0.0003184029178301,0.1427291737597952,0.0003467698370777,0.140816376913219,-0.0008774160165817,0.2587697493263847,0.1145341768860817,0.138413518667221,,,,,,,,,,,,,,,,,,,11map_denoised_engine_features.csv
,map_fault,,,,,,,,,,,,,,,,,,,,,,,,,,,,,,,,,,,,,,,,,,,,,,0.0372557706215191,120map_denoised_bispectrum.csv
,map_fault,,,,,,,,,,,,,,,,,,,,,,,,,,,,,12.474769362622151,0.06337982986256177,0.2769457282130065,0.0,5331.207068804655,8.780593383906675,8.0,8.0,,,,,,,,,,,120map_denoised_bispectrum_features.csv
,map_fault,-114.40133918397076,62.14867707235266,-8.931636646755626,21.203135845398684,-14.131420376832828,18.44785373118464,-6.223575035558268,3.6064104034235616,2.6920245444076687,14.940310787413257,-6.269060602653215,12.8739931553336,-0.7417808724483531,7233.64385890292,5460.602184429356,13204.557569296376,0.0997613772654584,0.0850992575287818,-3.476078380595158e-05,0.0538794172942316,0.0002046841102108,0.0986144820802586,-7.294092347898625e-05,0.0639608650931644,-0.0031359684576531,0.1603405172676983,0.0797286033630371,0.087621584534645,,,,,,,,,,,,,,,,,,,120map_denoised_engine_features.csv
,map_fault,,,,,,,,,,,,,,,,,,,,,,,,,,,,,,,,,,,,,,,,,,,,,,0.00624012604135132,121map_denoised_bispectrum.csv
,map_fault,,,,,,,,,,,,,,,,,,,,,,,,,,,,,95.02092558131659,0.03591129183895111,0.42474897696490693,0.0,12001.190109143707,8.42435992118506,1.0,1.0,,,,,,,,,,,121map_denoised_bispectrum_features.csv
,map_fault,-129.5023002702592,69.30989037989794,-2.664402079607664,28.07585895151707,-9.492872287895803,23.365369887067484,-2.2135046488637524,5.146066286662334,3.6770172241537256,15.72452712461378,-4.443111311692711,13.031558684944162,-0.2854027619860325,6677.625888319263,5426.910773653132,12651.202691897655,0.0779323943896588,0.090997040271759,-5.201511017062931e-05,0.0407424162100411,-0.0002282919275618,0.0815848202355259,-3.4819589798690654e-05,0.0522190464960869,-0.0027481188810684,0.2366108455217576,0.0880664959549903,0.1065617725253105,,,,,,,,,,,,,,,,,,,121map_denoised_engine_features.csv
,map_fault,,,,,,,,,,,,,,,,,,,,,,,,,,,,,,,,,,,,,,,,,,,,,,0.004379509316377918,122map_denoised_bispectrum.csv
,map_fault,,,,,,,,,,,,,,,,,,,,,,,,,,,,,6.25121498001494,0.033662023673026766,0.14637679536553083,0.0,1490.0190775151327,8.775347163028025,2.0,2.0,,,,,,,,,,,122map_denoised_bispectrum_features.csv
,map_fault,-129.2952902195485,66.10428058443763,-8.291858465435656,21.985544233105923,-14.021594714757766,20.703695227010314,-3.807573148023189,4.04102091305114,2.799347477245507,15.550905774035522,-4.387522618003493,14.524928081395,1.0807656142383606,6831.849202050119,5447.797543029825,12877.581956289978,0.0855772754530916,0.081727460026741,1.957517525754433e-05,0.0393402134111454,-1.9329310912008573e-06,0.0827317815212892,0.0002184108835085,0.0554781651952234,-0.0020368163444362,0.1902500990642616,0.0784397646784782,0.0923721045255661,,,,,,,,,,,,,,,,,,,122map_denoised_engine_features.csv
,map_fault,,,,,,,,,,,,,,,,,,,,,,,,,,,,,,,,,,,,,,,,,,,,,,0.00978259168269504,123map_denoised_bispectrum.csv
,map_fault,,,,,,,,,,,,,,,,,,,,,,,,,,,,,5.363513370556771,0.03172430136568984,0.13869230478567163,0.0,1336.9629798060723,8.74667836053227,1.0,76.0,,,,,,,,,,,123map_denoised_bispectrum_features.csv
,map_fault,-132.58493482307645,67.68778735527911,-3.867324198974285,25.28298887359801,-14.755130764949724,21.047708091951197,-5.853892420539987,2.6097110521459808,0.390867884566446,13.98395520586914,-8.56573437899242,11.97579989408425,0.0990381939300445,6929.382511862946,5421.35386288369,12869.086487206823,0.0898468733342217,0.0748223513364791,-1.6280963973792794e-06,0.0400643855440001,-2.5663262823947445e-05,0.0842664401857505,0.0004007264501679,0.0528001501440703,-0.0025960140383753,0.1510025226373138,0.0714380145072937,0.0815001800656318,,,,,,,,,,,,,,,,,,,123map_denoised_engine_features.csv
,map_fault,,,,,,,,,,,,,,,,,,,,,,,,,,,,,,,,,,,,,,,,,,,,,,0.016806088874469213,124map_denoised_bispectrum.csv
,map_fault,,,,,,,,,,,,,,,,,,,,,,,,,,,,,14.878010309268518,0.03268200738765894,0.17069893730827349,0.0,1995.0919989334657,8.611639953709505,6.0,6.0,,,,,,,,,,,124map_denoised_bispectrum_features.csv
,map_fault,-130.4598552659289,75.92374424662977,-2.1367335497229667,24.89692673941529,-12.465988797358486,18.106512409885745,-6.071834072907267,0.8870506545285057,1.8719709135917284,13.0187277876042,-7.027214277625141,11.442527751532715,-1.5991342559946342,6462.096034088355,5466.927818405847,12488.389525586354,0.0783561267324093,0.0890382900834083,8.09569165537873e-05,0.0359695704428759,-4.295590567685164e-05,0.0800636048759862,0.0001601335446179,0.0492900189741164,-0.0040347662445643,0.2284461660724116,0.086224116384983,0.1045339405536651,,,,,,,,,,,,,,,,,,,124map_denoised_engine_features.csv
,map_fault,,,,,,,,,,,,,,,,,,,,,,,,,,,,,,,,,,,,,,,,,,,,,,0.0006237378515586651,125map_denoised_bispectrum.csv
,map_fault,,,,,,,,,,,,,,,,,,,,,,,,,,,,,22.06122302080776,0.0486633913901312,0.23216555396259328,0.0,3716.5092066862057,8.727814675687002,2.0,2.0,,,,,,,,,,,125map_denoised_bispectrum_features.csv
,map_fault,-121.83531461851042,68.93148751388131,-1.3523688255984874,25.924003739276326,-8.68741260007027,22.238803217372727,-5.585839520194294,3.236792835221627,1.86562038092296,12.451933453767,-8.12540720784583,9.731391698531946,-2.780704423515292,6912.428069228289,5525.784321165831,13016.807702558635,0.0874429470948827,0.0832373425364494,3.774369455528549e-05,0.0434527530095299,-0.0003215287619996,0.0916608887684331,-2.516748597279953e-05,0.0540677707603665,-0.0027810091778295,0.1749684930607295,0.0795874968171119,0.0919845849275589,,,,,,,,,,,,,,,,,,,125map_denoised_engine_features.csv
,map_fault,,,,,,,,,,,,,,,,,,,,,,,,,,,,,,,,,,,,,,,,,,,,,,0.016990621002655835,126map_denoised_bispectrum.csv
,map_fault,,,,,,,,,,,,,,,,,,,,,,,,,,,,,11.245275092316707,0.06679464437394168,0.2843937333832864,0.0,5636.708851596991,8.76562406729423,3.0,3.0,,,,,,,,,,,126map_denoised_bispectrum_features.csv
,map_fault,-111.31095183716629,69.6944550086569,-0.0628218272300621,28.13113535940577,-9.258814272634943,22.519873410187127,-4.593593584697004,3.929123972562737,2.1222508907705,13.38208787677098,-8.191303958241,10.756563007549545,-2.140135372930677,6847.526310081247,5510.843042609989,12919.659514925374,0.0812618686700426,0.0955448001623153,9.214294075975848e-05,0.0497226247280342,0.0004901088749442,0.1014610770325603,0.000141647302882,0.0608209272126483,-0.0025283452276817,0.2026737398569435,0.0917739644646644,0.1070206388831138,,,,,,,,,,,,,,,,,,,126map_denoised_engine_features.csv
,map_fault,,,,,,,,,,,,,,,,,,,,,,,,,,,,,,,,,,,,,,,,,,,,,,0.0002760588607188815,127map_denoised_bispectrum.csv
,map_fault,,,,,,,,,,,,,,,,,,,,,,,,,,,,,686.2259585331226,0.07016224337232736,3.8585257765448415,0.0,983677.262022821,4.62045320085906,1.0,1.0,,,,,,,,,,,127map_denoised_bispectrum_features.csv
,map_fault,-122.37846882951078,140.64031288677015,-60.90802575719488,15.453471881726246,2.164091175954567,28.18900546885141,4.727386306155501,13.747508092716773,1.1451426934788749,7.3221563258114974,-9.915502771512486,6.989252716600565,-13.590251099245192,2935.8334499970774,3420.658651365201,5321.261993603412,0.0547020755597014,0.1411109417676925,-3.650541952753456e-07,0.00070019988647,9.359614163589808e-05,0.019467928323345,0.0001291999597854,0.0602224022518348,0.0002995350443363,0.4367068365108381,0.1408866941928863,0.1803913712501526,,,,,,,,,,,,,,,,,,,127map_denoised_engine_features.csv
,map_fault,,,,,,,,,,,,,,,,,,,,,,,,,,,,,,,,,,,,,,,,,,,,,,0.003906483533362436,128map_denoised_bispectrum.csv
,map_fault,,,,,,,,,,,,,,,,,,,,,,,,,,,,,140.32445780101278,0.07255249228937054,1.0908972147073193,0.0,78949.73012403918,7.435183170181194,1.0,4.0,,,,,,,,,,,128map_denoised_bispectrum_features.csv
,map_fault,-188.58187753892017,109.04802045928264,-12.486595007177208,28.305582294169195,9.609265075835314,20.843125723395147,2.987917198188629,11.523644803439122,7.050547100688871,7.69966858938992,-3.562006859801284,5.195990092226345,-3.664993822338924,4002.100899231561,3666.8939063403154,7372.21815031983,0.09651310967484,0.0921432524919509,1.3653121132750143e-05,0.0201721214569983,0.0001191064422258,0.0776999538415652,-6.126020529907878e-05,0.1245086962113566,-2.8120740412710853e-05,0.2792841608805088,0.0912769436836242,0.1136383935809135,,,,,,,,,,,,,,,,,,,128map_denoised_engine_features.csv
,map_fault,,,,,,,,,,,,,,,,,,,,,,,,,,,,,,,,,,,,,,,,,,,,,,0.0016330303950359351,129map_denoised_bispectrum.csv
,map_fault,,,,,,,,,,,,,,,,,,,,,,,,,,,,,479.6980898831847,0.06538626996089367,3.5497789543851965,0.0,832561.2503869757,4.657182064232846,1.0,2.0,,,,,,,,,,,129map_denoised_bispectrum_features.csv
,map_fault,-172.3654917215445,138.13774850061168,-1.9062209882436103,31.6320321794622,9.907420516841126,27.046292991804453,4.0271794117209065,9.917427681659069,1.5765465250488278,6.612480880305301,-3.105847542386612,3.946583000864921,-5.160021304336853,2745.9813717834163,3446.3924236755483,5772.171508528784,0.0444398404184434,0.1584575176239013,1.0301093073417764e-05,0.0059183483606961,2.0032926135844847e-05,0.0339200655905846,-0.0003149752435369,0.0710477708234096,-7.154297370770836e-05,0.4854348021207464,0.1577657610177993,0.2026822566986084,,,,,,,,,,,,,,,,,,,129map_denoised_engine_features.csv
,map_fault,,,,,,,,,,,,,,,,,,,,,,,,,,,,,,,,,,,,,,,,,,,,,,0.011750154372302693,12map_denoised_bispectrum.csv
,map_fault,,,,,,,,,,,,,,,,,,,,,,,,,,,,,161.47134526209214,0.012788007309358517,0.8756939840012135,0.0,50659.81329614345,5.8618988288229374,0.0,0.0,,,,,,,,,,,12map_denoised_bispectrum_features.csv
,map_fault,-155.6126211883353,65.26840534905415,-11.10101275594332,50.15319519984619,-13.628748681212318,23.94313967275397,5.3035973320810585,-4.180992742390432,-5.151545473984333,12.955822230163848,-10.89217183832109,17.974838908330177,-3.388569175122349,6348.992512933393,5003.2186179678265,11757.879131130065,0.1146263659381663,0.0643388628959655,-1.3639462735244998e-05,0.0138201400394774,6.139891326431374e-05,0.0747874658347688,0.0004162857604628,0.0637344712525308,-0.0005038986304694,0.1884217678813137,0.0633704140782356,0.075629636645317,,,,,,,,,,,,,,,,,,,12map_denoised_engine_features.csv
,map_fault,,,,,,,,,,,,,,,,,,,,,,,,,,,,,,,,,,,,,,,,,,,,,,0.00041194205988191577,130map_denoised_bispectrum.csv
,map_fault,,,,,,,,,,,,,,,,,,,,,,,,,,,,,674.5766953553251,0.07812118295576478,4.0351515439692385,0.0,1075842.4985277655,5.690968271618791,1.0,2.0,,,,,,,,,,,130map_denoised_bispectrum_features.csv
,map_fault,-212.00757684534412,127.97366705272906,9.512634072454382,26.98238214414976,6.072835100952648,21.736594700642524,6.004300567091259,10.499129788557804,2.273122980976748,4.800346232603499,-3.3456256545328893,0.3516205139224308,-6.951812883075529,3237.1190112120253,3410.0315664240966,6506.929637526652,0.065392207489339,0.1161513403058052,-5.805188724678153e-06,0.0133484667247283,4.503693656618874e-05,0.053858497078514,-0.0001957744686772,0.0810777993157645,0.0003496737948962,0.3404846143804413,0.1145493239164352,0.1423320025205612,,,,,,,,,,,,,,,,,,,130map_denoised_engine_features.csv
,map_fault,,,,,,,,,,,,,,,,,,,,,,,,,,,,,,,,,,,,,,,,,,,,,,0.0016448039249706279,131map_denoised_bispectrum.csv
,map_fault,,,,,,,,,,,,,,,,,,,,,,,,,,,,,11.26323558366403,0.0116395458595536,0.12272740469528857,0.0,1003.7793400594765,7.734831737880707,1.0,113.0,,,,,,,,,,,131map_denoised_bispectrum_features.csv
,map_fault,-259.4236957805579,34.78131678447422,1.0390754292949131,35.8471024433634,17.702563043566517,47.21633572402169,-12.70510817306936,12.223799433896533,20.518402858572674,12.790335358508152,-0.7416084494412832,7.722895651286494,6.564145763073491,6961.083678836248,5254.56086515786,12386.943630063966,0.0803561017457356,0.0631987601518631,-3.3638871571405846e-05,0.0262793121501193,-2.357961451036366e-05,0.0808751559944803,-0.000314971663083,0.0277163527214622,-0.0012032327522227,0.1698156234977824,0.0584413893520832,0.0683816373348236,,,,,,,,,,,,,,,,,,,131map_denoised_engine_features.csv
,map_fault,,,,,,,,,,,,,,,,,,,,,,,,,,,,,,,,,,,,,,,,,,,,,,0.001507771706517082,132map_denoised_bispectrum.csv
,map_fault,,,,,,,,,,,,,,,,,,,,,,,,,,,,,20.478885030028206,0.014559602346941099,0.2565145436218787,0.0,4360.006318225148,6.965072583494907,29.0,85.0,,,,,,,,,,,132map_denoised_bispectrum_features.csv
,map_fault,-265.6621756673797,24.366707773922037,-8.980355713315497,34.731157856966966,15.299070753512856,47.96426707945748,-14.103539461015805,12.968658526813154,25.55327612065328,18.002551437870153,4.157916006927466,13.630811331193351,9.119359441897029,6994.898452737025,5040.709802391525,12109.591551172707,0.087853144989339,0.0696173459291458,6.6993548147059685e-06,0.0292193507229623,-5.189946904883797e-06,0.0976418708265186,2.922093992462857e-05,0.0341371533047532,-0.0004855785457885,0.1809189844144167,0.0633041188120842,0.0730450302362442,,,,,,,,,,,,,,,,,,,132map_denoised_engine_features.csv
,map_fault,,,,,,,,,,,,,,,,,,,,,,,,,,,,,,,,,,,,,,,,,,,,,,0.01040520663872096,133map_denoised_bispectrum.csv
,map_fault,,,,,,,,,,,,,,,,,,,,,,,,,,,,,263.55834259036806,0.02066893024896227,1.4386393896213612,0.0,136728.7282855565,4.81367383058852,0.0,1.0,,,,,,,,,,,133map_denoised_bispectrum_features.csv
,map_fault,-276.0818394485844,26.04730978539361,-6.499135440829971,33.55831285575083,19.247226919545252,45.943787024969154,-11.45012886282336,12.511112008849166,26.20198522948696,18.98766466068417,5.233831554770119,13.218686160261353,11.70199105686214,6631.680709877679,5059.511509532988,11783.515458422176,0.0832274870069296,0.0773950368165969,-1.3300862466076463e-05,0.0235824177127132,-0.0001600430641022,0.0792775729217201,1.1563740377027824e-05,0.0290082551863926,0.0003196902048393,0.2925807375091435,0.0722092613577842,0.0880825370550155,,,,,,,,,,,,,,,,,,,133map_denoised_engine_features.csv
,map_fault,,,,,,,,,,,,,,,,,,,,,,,,,,,,,,,,,,,,,,,,,,,,,,0.0002700580113679664,134map_denoised_bispectrum.csv
,map_fault,,,,,,,,,,,,,,,,,,,,,,,,,,,,,114.40181366493049,0.008257044535759948,0.6283955121563873,0.0,26085.99300568741,4.041768129503938,0.0,1.0,,,,,,,,,,,134map_denoised_bispectrum_features.csv
,map_fault,-335.0274725038161,31.0223668735261,0.9698708999087836,44.2678323603908,23.50105908184683,53.46457593648298,-5.781959158096494,17.649929130464805,30.088107126542905,23.04675163678089,9.640746603875176,15.560859132451483,13.760771061044176,5609.871125749064,4862.815167417448,10331.090085287846,0.0629695412446695,0.0725384578108787,9.104590932594906e-07,0.0139435084502276,3.813134821163236e-05,0.0446228228115183,3.932948778598569e-05,0.0153903489997237,-0.0019245168517857,0.2582096298968124,0.0691975504159927,0.0883867517113685,,,,,,,,,,,,,,,,,,,134map_denoised_engine_features.csv
,map_fault,,,,,,,,,,,,,,,,,,,,,,,,,,,,,,,,,,,,,,,,,,,,,,0.00016708666129445723,135map_denoised_bispectrum.csv
,map_fault,,,,,,,,,,,,,,,,,,,,,,,,,,,,,120.84086093127544,0.005089299953062136,0.6238960322236311,0.0,25711.036895734484,2.328165108390281,0.0,1.0,,,,,,,,,,,135map_denoised_bispectrum_features.csv
,map_fault,-376.3512372303949,12.593929908134466,2.321100948517424,36.20686398123346,21.349820519699914,40.8190784497218,-5.191644947411699,11.586681564256912,28.9642283931082,22.677271459761474,9.154571373721897,11.9898560333487,13.877332980170769,6242.215939025158,4943.564858093437,11254.347681236672,0.0760875449760127,0.0363448373973369,-5.468639672737688e-06,0.0086508139551998,1.5942079136386267e-05,0.0290366327328792,5.124270789579557e-06,0.0106433778932742,-0.0019408742571608,0.177296121830297,0.0341321751475334,0.0429097488522529,,,,,,,,,,,,,,,,,,,135map_denoised_engine_features.csv
,map_fault,,,,,,,,,,,,,,,,,,,,,,,,,,,,,,,,,,,,,,,,,,,,,,3.0347166162487564e-05,136map_denoised_bispectrum.csv
,map_fault,,,,,,,,,,,,,,,,,,,,,,,,,,,,,192.3888937811232,0.013893010359631416,0.950306504089641,0.0,59660.441349732384,4.836656095474726,0.0,1.0,,,,,,,,,,,136map_denoised_bispectrum_features.csv
,map_fault,-283.08149529307445,33.09611179158269,-0.2142551944758224,35.003663543198776,22.647771040817336,46.48969901919789,-10.115823615397789,13.776421168712725,30.79310296711065,22.685435469628032,9.131787441965647,16.061721829425316,9.9606570916517,5993.631180338665,5129.363970356179,11233.308901918976,0.0645343316897654,0.0885333493351936,-5.435449366401035e-06,0.0182761601066538,-1.5166019495924708e-05,0.0699445123096378,-4.5930766233260505e-05,0.0246858269777632,-0.003591611417861,0.3134083685821081,0.0848850533366203,0.109546422958374,,,,,,,,,,,,,,,,,,,136map_denoised_engine_features.csv
,map_fault,,,,,,,,,,,,,,,,,,,,,,,,,,,,,,,,,,,,,,,,,,,,,,0.006843790394283822,137map_denoised_bispectrum.csv
,map_fault,,,,,,,,,,,,,,,,,,,,,,,,,,,,,43.22845598792482,0.012092877877409616,0.37433750861148896,0.0,9265.010796816152,5.834542918399082,1.0,83.0,,,,,,,,,,,137map_denoised_bispectrum_features.csv
,map_fault,-305.38598515691325,31.75938378744628,-1.3359447312343486,35.03751499616626,16.94102143269717,47.77971628609145,-10.473476595001683,13.068033685482783,28.653679470175305,23.049908083634737,8.978716652993498,15.392054744940763,6.61357477588224,6130.324929328582,5012.873876053779,11208.222281449893,0.0651527518656716,0.0691111013293266,5.76188292167797e-06,0.0176770686061299,-6.964754968760489e-06,0.0721095670728862,-1.087420407893006e-05,0.028702802256933,-0.0027366011634811,0.2188751051003084,0.0653720498085022,0.0818755403161048,,,,,,,,,,,,,,,,,,,137map_denoised_engine_features.csv
,map_fault,,,,,,,,,,,,,,,,,,,,,,,,,,,,,,,,,,,,,,,,,,,,,,1.951226872285424e-05,138map_denoised_bispectrum.csv
,map_fault,,,,,,,,,,,,,,,,,,,,,,,,,,,,,756.0884707793015,0.03600226207733595,4.297721065509934,0.0,1220037.4797304375,1.7659361749668732,1.0,1.0,,,,,,,,,,,138map_denoised_bispectrum_features.csv
,map_fault,-402.3301899121836,24.365161787619936,6.015695135435367,31.05829641378097,19.508419774235914,41.35445789105582,-2.665059089032785,11.1366467570277,27.458916797552188,23.258271831101577,11.759129382389274,12.70666651308569,6.655913949846288,6463.126232975279,5044.790682904607,11561.38392857143,0.0714223247601279,0.026247164234519,-4.594399280181077e-06,0.0047100783388527,5.404610860816798e-06,0.0197933162894677,-3.223806054501205e-06,0.0076463799365597,0.0004213570930972,0.1601861629568726,0.024734916165471,0.0311772655695676,,,,,,,,,,,,,,,,,,,138map_denoised_engine_features.csv
,map_fault,,,,,,,,,,,,,,,,,,,,,,,,,,,,,,,,,,,,,,,,,,,,,,5.324113183455971e-06,139map_denoised_bispectrum.csv
,map_fault,,,,,,,,,,,,,,,,,,,,,,,,,,,,,570.6920819849138,0.020953528580854707,2.3231894800279025,0.0,356509.27986328525,3.8220897644511087,1.0,1.0,,,,,,,,,,,139map_denoised_bispectrum_features.csv
,map_fault,-287.80346556383546,32.773882574209935,0.4238258410478612,33.51696536782248,13.822081241253835,44.83590919824936,-8.966239778820015,12.943438651182104,27.9244448908443,22.372707534551147,11.149593632108605,13.980145901266926,5.876109657284437,6712.979112085194,5167.410796018314,12023.237606609808,0.0748767324093816,0.0581838488578796,9.499685740044557e-06,0.0186868683339533,3.77468389658312e-05,0.067734406978785,-3.3190387343903546e-05,0.0256530877511655,-0.0004396056302231,0.1890092894008066,0.0539851412177085,0.0647550597786903,,,,,,,,,,,,,,,,,,,139map_denoised_engine_features.csv
,map_fault,,,,,,,,,,,,,,,,,,,,,,,,,,,,,,,,,,,,,,,,,,,,,,0.020372257680688708,13map_denoised_bispectrum.csv
,map_fault,,,,,,,,,,,,,,,,,,,,,,,,,,,,,71.84778863661029,0.02148343564719736,0.3990805173761688,0.0,10549.795238595363,8.031566125048942,1.0,1.0,,,,,,,,,,,13map_denoised_bispectrum_features.csv
,map_fault,-128.28618100277686,69.90117292756433,-10.037997108568536,39.39369860933248,-4.79535172409172,23.64397668810891,5.537971470414253,-3.6413301992563234,1.4491284534939135,9.818491060752116,-8.715860217947206,17.10641115407872,-0.9554480094923732,6266.88449585328,5276.19836426667,12099.347014925374,0.0844549573560767,0.090743139386177,5.321457088713357e-05,0.0239358964530725,-0.0002793666274289,0.0964526796839509,-3.3753050380028024e-05,0.0788143713863458,-5.50913304659436e-05,0.2526626117392262,0.0890226811170578,0.1061398237943649,,,,,,,,,,,,,,,,,,,13map_denoised_engine_features.csv
,map_fault,,,,,,,,,,,,,,,,,,,,,,,,,,,,,,,,,,,,,,,,,,,,,,0.000692530453896789,140map_denoised_bispectrum.csv
,map_fault,,,,,,,,,,,,,,,,,,,,,,,,,,,,,431.7585464338521,0.023706164285223215,2.0335173713353933,0.0,273162.47418456885,4.564587591178113,0.0,1.0,,,,,,,,,,,140map_denoised_bispectrum_features.csv
,map_fault,-277.3712555391024,30.813671252488508,-1.9312219799590569,33.535984501124545,15.91375919222524,45.30016386384475,-4.85857084423009,14.76401976556284,31.04510552764605,26.1578249637447,12.684996262631204,17.361310747064056,7.987712814620579,6187.814642829827,5086.563445558017,11390.575026652452,0.0654400986140724,0.0941335782408714,-1.595435012902103e-05,0.0187158546149873,-9.039584667921712e-05,0.0787070563127765,-0.0001398149164748,0.0341089227251341,-0.0024251633788612,0.339831838226967,0.0885764509439468,0.112118199467659,,,,,,,,,,,,,,,,,,,140map_denoised_engine_features.csv
,map_fault,,,,,,,,,,,,,,,,,,,,,,,,,,,,,,,,,,,,,,,,,,,,,,0.0030468565629963493,141map_denoised_bispectrum.csv
,map_fault,,,,,,,,,,,,,,,,,,,,,,,,,,,,,176.67023902849152,0.017245056977438254,1.0237162098569457,0.0,69238.65616197104,4.906336509866763,0.0,1.0,,,,,,,,,,,141map_denoised_bispectrum_features.csv
,map_fault,-276.2039987496718,48.49660313190184,4.769570476730117,38.69761446494268,18.01531063368735,51.80760913334727,-3.7405688089905498,17.71393041420435,29.2806893028154,24.481966792614017,14.117289220367756,17.61816510053161,6.057749361105735,5295.069845311256,4927.157066857156,10323.244269722814,0.0465689132462686,0.1031086817383766,-6.737508135224537e-06,0.0146976002938981,-1.0182995290006333e-05,0.0671476406858628,-2.798493578451746e-06,0.0260282856207226,-0.0009508019944513,0.3477511020770155,0.0990179255604744,0.1283473670482635,,,,,,,,,,,,,,,,,,,141map_denoised_engine_features.csv
,map_fault,,,,,,,,,,,,,,,,,,,,,,,,,,,,,,,,,,,,,,,,,,,,,,0.003803920636363748,142map_denoised_bispectrum.csv
,map_fault,,,,,,,,,,,,,,,,,,,,,,,,,,,,,256.06260694144873,0.029296099960276364,1.5261440180438643,0.0,153892.4411861798,5.12479218277784,1.0,1.0,,,,,,,,,,,142map_denoised_bispectrum_features.csv
,map_fault,-265.77318802293814,47.14182569535455,8.656583440980244,39.76123628242624,17.762429598900535,47.12771989050932,-5.595686268337291,14.072904263558872,27.67514503636682,22.745005401890047,9.317515348937516,13.051048390683992,2.470570904270539,5563.153542180997,5010.941481537164,10649.670175906183,0.0528665961487206,0.1069695577025413,4.787342668834323e-06,0.0169831225092545,3.117386907198328e-05,0.0752495103985836,-5.6114104347209406e-05,0.0313860287423377,-0.002627297312235,0.3653689783874228,0.1021828949451446,0.1315060555934906,,,,,,,,,,,,,,,,,,,142map_denoised_engine_features.csv
,map_fault,,,,,,,,,,,,,,,,,,,,,,,,,,,,,,,,,,,,,,,,,,,,,,0.0010835598883556215,143map_denoised_bispectrum.csv
,map_fault,,,,,,,,,,,,,,,,,,,,,,,,,,,,,583.2462375298622,0.040909391066904784,3.1828540307198567,0.0,669223.8811383072,3.868695609131712,1.0,1.0,,,,,,,,,,,143map_denoised_bispectrum_features.csv
,map_fault,-257.7488469706083,60.53022354583541,11.459156688188676,38.61934860386303,17.43832942268296,42.4896651092947,-10.816116892076032,8.944355377225847,21.19511253822896,17.843641373699054,5.471825594252034,11.643969532464936,5.551209734719067,5277.778101716999,4890.529301338531,10206.65644989339,0.0512591201359275,0.1128937602043151,1.900027852169792e-05,0.015941725550931,4.292237900241964e-05,0.0634123658921844,-1.2584155189131336e-05,0.0214534834792072,-0.0030439838552906,0.4258979836699131,0.108971394598484,0.1419993937015533,,,,,,,,,,,,,,,,,,,143map_denoised_engine_features.csv
,map_fault,,,,,,,,,,,,,,,,,,,,,,,,,,,,,,,,,,,,,,,,,,,,,,0.0005229269812546799,144map_denoised_bispectrum.csv
,map_fault,,,,,,,,,,,,,,,,,,,,,,,,,,,,,514.8019969814789,0.023133419697471392,2.482651265273861,0.0,407132.14289534866,2.950236586670091,1.0,1.0,,,,,,,,,,,144map_denoised_bispectrum_features.csv
,map_fault,-302.38296405526233,57.55821669152305,9.559435294650958,38.17980120716511,11.536075900474518,40.00846360643944,-9.921809170363764,10.35426568651716,26.3876063358007,22.879450237265647,9.448115314367609,15.37311800554543,4.476308617714927,5121.570199452526,4817.456022733487,9912.31343283582,0.0503273254264392,0.0772979855537414,7.876451722347904e-06,0.0086501055907287,-5.002031792676244e-05,0.0470369671676832,-1.4135456153333834e-05,0.01939097898341,-0.0005533823720155,0.2811176923521892,0.0747347474098205,0.0975660160183906,,,,,,,,,,,,,,,,,,,144map_denoised_engine_features.csv
,map_fault,,,,,,,,,,,,,,,,,,,,,,,,,,,,,,,,,,,,,,,,,,,,,,0.004964705193259551,145map_denoised_bispectrum.csv
,map_fault,,,,,,,,,,,,,,,,,,,,,,,,,,,,,334.2125443850698,0.02218495568009244,1.6322623831450531,0.0,176005.5693997918,4.165768602241271,1.0,1.0,,,,,,,,,,,145map_denoised_bispectrum_features.csv
,map_fault,-283.20485659175614,52.70218709631316,10.685939302976925,39.28442093086237,13.04134687719078,44.146116317551645,-6.59895883360558,12.421143291920368,27.624526516188283,23.191341649492717,10.33352850175035,14.9601004121266,2.5737228730435278,5467.29947110635,4984.586480774701,10491.454557569296,0.0541357109541577,0.0847640857100486,9.584030245687196e-06,0.0105089612791498,-4.99816950081524e-05,0.0664506673806553,3.60670560674115e-06,0.0307363937713751,-0.0021881195462696,0.299288072215427,0.0811101794242858,0.1043583154678344,,,,,,,,,,,,,,,,,,,145map_denoised_engine_features.csv
,map_fault,,,,,,,,,,,,,,,,,,,,,,,,,,,,,,,,,,,,,,,,,,,,,,0.0008162807080383994,146map_denoised_bispectrum.csv
,map_fault,,,,,,,,,,,,,,,,,,,,,,,,,,,,,118.31925302229912,0.014992984529933409,0.6688091742175065,0.0,29558.9420673268,5.900412238173409,1.0,1.0,,,,,,,,,,,146map_denoised_bispectrum_features.csv
,map_fault,-277.40517552179483,62.02211262063542,-3.3817096806585423,31.04632208499461,6.631492510116973,34.89495581270887,-15.062617747820063,5.109185847303981,25.312233142180077,21.803974214767827,9.010402189272533,18.71709078460688,3.243110688345536,5472.682090438545,4858.418622396253,10509.64485607676,0.0626186867004264,0.0660115927457809,1.821688460325444e-05,0.0123034422164483,-0.000101717102537,0.0782117674448033,-1.3590093862347125e-05,0.0384184016002698,-0.0014418384767543,0.1940096209170623,0.0618144758045673,0.0762230604887008,,,,,,,,,,,,,,,,,,,146map_denoised_engine_features.csv
,map_fault,,,,,,,,,,,,,,,,,,,,,,,,,,,,,,,,,,,,,,,,,,,,,,0.0008470284725972295,147map_denoised_bispectrum.csv
,map_fault,,,,,,,,,,,,,,,,,,,,,,,,,,,,,228.13604116582133,0.012485851124252916,1.0779989570248962,0.0,76764.63440119744,4.325551528997612,1.0,1.0,,,,,,,,,,,147map_denoised_bispectrum_features.csv
,map_fault,-304.89050353928656,48.15198728240669,-7.776364483127975,25.8106497422962,11.634432434168469,37.98219932033739,-10.509718496978936,8.121619452061234,27.003249992675265,22.20987482393016,10.203913338357944,17.687625613247747,4.572332151910719,5901.443512889644,4927.940507114196,11009.72814498934,0.0651277651918976,0.0479499548673629,-3.50690592786831e-06,0.0095482094542522,-6.865318052499192e-05,0.0601460592760061,4.830546647470321e-05,0.0263798878915186,-0.0019667500694515,0.1734400963283557,0.0444061048328876,0.0540805533528327,,,,,,,,,,,,,,,,,,,147map_denoised_engine_features.csv
,map_fault,,,,,,,,,,,,,,,,,,,,,,,,,,,,,,,,,,,,,,,,,,,,,,0.0025106731114412834,148map_denoised_bispectrum.csv
,map_fault,,,,,,,,,,,,,,,,,,,,,,,,,,,,,1455.8649528916344,0.05914647720924748,7.169932818684508,0.0,3395673.8657058,2.365342441911208,1.0,1.0,,,,,,,,,,,148map_denoised_bispectrum_features.csv
,map_fault,-306.0666349544228,39.033138176638055,3.161542550850968,29.152596827558423,14.213480788622686,41.07395636866608,-6.336438856756119,11.069021083203998,26.71968661381627,23.873196103513465,12.032998630367668,14.825052911284963,2.785159431529066,6221.741166675735,4977.615757592478,11299.673507462689,0.0670840135261194,0.0553670600056648,-1.5293779753485444e-05,0.0119657816813048,-1.9178518642584783e-05,0.0627180399865438,9.863448767108717e-06,0.0279029192640023,-0.0004865019310328,0.2168958597760734,0.050541803240776,0.0604132749140262,,,,,,,,,,,,,,,,,,,148map_denoised_engine_features.csv
,map_fault,,,,,,,,,,,,,,,,,,,,,,,,,,,,,,,,,,,,,,,,,,,,,,9.467329176939866e-05,149map_denoised_bispectrum.csv
,map_fault,,,,,,,,,,,,,,,,,,,,,,,,,,,,,5.480251150550812,0.003018252581370992,0.05689009039107687,0.0,214.36812142052415,6.871290594184393,1.0,75.0,,,,,,,,,,,149map_denoised_bispectrum_features.csv
,map_fault,-327.7164618758,46.78058559395345,-10.979236750556494,24.737353786412925,7.829426322080584,36.5407209812497,-11.797344646946245,10.099663113007772,26.734364020667996,22.84008477598391,9.341284449330702,15.075543851008865,1.44579690098737,6310.459093152072,4980.53064674141,11492.77052238806,0.0745997967750533,0.0314004905521869,3.939002021972022e-06,0.007561938208979,-2.5948002450843435e-05,0.0408580354608813,9.079745168342649e-06,0.0184569172170525,-0.0009042357679506,0.1147166079184258,0.0295497234910726,0.0357182770967483,,,,,,,,,,,,,,,,,,,149map_denoised_engine_features.csv
,map_fault,,,,,,,,,,,,,,,,,,,,,,,,,,,,,,,,,,,,,,,,,,,,,,0.029124418702052863,14map_denoised_bispectrum.csv
,map_fault,,,,,,,,,,,,,,,,,,,,,,,,,,,,,11.858491072876085,0.024474462763746,0.1631537753184179,0.0,1797.7318355956506,8.350624315592771,1.0,69.0,,,,,,,,,,,14map_denoised_bispectrum_features.csv
,map_fault,-117.75225448813936,68.43020498515526,-19.014048584766403,48.38551241953828,-11.020925653078942,24.308376456854138,5.514031973260136,-2.0056942596048937,-3.439279363977372,11.80211047152542,-13.81251506481322,17.611136389001572,-4.983842288725321,6275.256275685468,4942.246096840533,11545.642324093817,0.1054822844482942,0.0898192450404167,-3.669246753579288e-05,0.0171255129488543,-0.0001417330843225,0.1204826243802687,-0.0017622798300146,0.1085729297631662,-0.0007074967871387,0.173615855977638,0.0882074236869812,0.1012714207172393,,,,,,,,,,,,,,,,,,,14map_denoised_engine_features.csv
,map_fault,,,,,,,,,,,,,,,,,,,,,,,,,,,,,,,,,,,,,,,,,,,,,,0.001169433016019395,150map_denoised_bispectrum.csv
,map_fault,,,,,,,,,,,,,,,,,,,,,,,,,,,,,6.9073303339059136,0.004976869309615539,0.06166819128039151,0.0,252.81807191586864,7.692517110131054,1.0,92.0,,,,,,,,,,,150map_denoised_bispectrum_features.csv
,map_fault,-293.6535828813537,44.018304854475,-9.433317495754125,23.71877521310971,9.771027558127424,39.80815088088301,-15.398875708156677,10.699842499384676,25.904708072933712,21.26537315126391,9.593055905569532,15.695876322427369,3.506759675972269,6404.077699307572,5028.964488294127,11625.899520255864,0.0726966451226012,0.0480411760509014,-6.25521511158031e-06,0.0123709983779275,-2.2366594997776555e-05,0.0618654714881394,-3.980372837877466e-05,0.0233352428080607,-0.0023673386059913,0.1631727493235609,0.044615164399147,0.0536782890558242,,,,,,,,,,,,,,,,,,,150map_denoised_engine_features.csv
,map_fault,,,,,,,,,,,,,,,,,,,,,,,,,,,,,,,,,,,,,,,,,,,,,,3.086647480015174e-05,151map_denoised_bispectrum.csv
,map_fault,,,,,,,,,,,,,,,,,,,,,,,,,,,,,50.56535044616085,0.0016621441614745299,0.2276577684068856,0.0,3423.3739780780215,2.4039117096837312,1.0,1.0,,,,,,,,,,,151map_denoised_bispectrum_features.csv
,map_fault,-374.3733481914192,32.33358259337369,7.722234001907904,23.39365908752269,16.874233981064204,29.81681580049416,-8.12827144568917,2.9715274477734583,18.798297189036557,18.50209480786251,9.71106831775266,9.688540932237531,7.656501705662663,5666.552576077513,4820.180654896903,10575.75959488273,0.0617660164578891,0.0283212848007679,2.7110441899559598e-06,0.0045893451355527,-2.9459775868969403e-05,0.019286627209803,2.087694445196851e-05,0.0072011775734609,-0.0011860704634389,0.1828468426581789,0.0264578275382518,0.0337347611784935,,,,,,,,,,,,,,,,,,,151map_denoised_engine_features.csv
,map_fault,,,,,,,,,,,,,,,,,,,,,,,,,,,,,,,,,,,,,,,,,,,,,,0.0516278309806545,15map_denoised_bispectrum.csv
,map_fault,,,,,,,,,,,,,,,,,,,,,,,,,,,,,8.491824292526346,0.018629486650274567,0.12029382693838492,0.0,978.6917952401456,8.460244637766257,1.0,75.0,,,,,,,,,,,15map_denoised_bispectrum_features.csv
,map_fault,-124.93250820382497,70.63172017422028,-17.02547995000135,44.03320343039959,-8.838364502139518,23.936237193138584,4.551587027172109,-1.7555575334686313,-0.0180337484245452,11.300353426640267,-11.830260083083392,16.66177632576677,-3.2860601278015182,6187.686501803492,4965.273974241018,11541.39458955224,0.1017530233875266,0.0833691284060478,1.0820171622218874e-05,0.0176027788962109,0.0001165772994691,0.1055408321627464,-0.0005045149022767,0.0909564720419505,-0.0008612298599837,0.1797869194511363,0.0818224772810936,0.094785988330841,,,,,,,,,,,,,,,,,,,15map_denoised_engine_features.csv
,map_fault,,,,,,,,,,,,,,,,,,,,,,,,,,,,,,,,,,,,,,,,,,,,,,0.0006846613442500676,16map_denoised_bispectrum.csv
,map_fault,,,,,,,,,,,,,,,,,,,,,,,,,,,,,10.679287192749566,0.026120617661994822,0.15931234084930362,0.0,1721.4158412413844,8.474719590611004,1.0,1.0,,,,,,,,,,,16map_denoised_bispectrum_features.csv
,map_fault,-119.11305730649232,70.36037888146333,-14.838020313066938,45.212772875816114,-8.343159106436438,25.566999862316784,4.506572483494053,-0.9394177718310232,0.7547590196610944,12.229075532608103,-11.459661006288195,17.81158030085541,-2.649351974582321,6235.1691694370365,5029.0521827789935,11693.613406183367,0.1005161830357142,0.0912511199712753,2.685381887723365e-05,0.0216403517048891,-9.32641807869503e-05,0.1172543935236586,0.0001748373986367,0.0948717581461208,-0.0012740553540689,0.1845062568620908,0.0896670073270797,0.1036928221583366,,,,,,,,,,,,,,,,,,,16map_denoised_engine_features.csv
,map_fault,,,,,,,,,,,,,,,,,,,,,,,,,,,,,,,,,,,,,,,,,,,,,,0.002158417500276058,17map_denoised_bispectrum.csv
,map_fault,,,,,,,,,,,,,,,,,,,,,,,,,,,,,10.51975375276194,0.025376728254688175,0.1619283893175334,0.0,1774.3919601548655,8.388063955523382,1.0,75.0,,,,,,,,,,,17map_denoised_bispectrum_features.csv
,map_fault,-125.5607030925244,65.86951915394717,-16.81787219781551,50.214772353654354,-12.727319811289934,25.03690115790705,5.400851278747756,-0.5844124660574387,-1.9520490998592532,13.70776200084205,-13.045934673441216,18.811041456777364,-3.972376797597818,6325.459507367909,4947.030135648746,11646.18869936034,0.1048950976146055,0.0875080674886703,4.429562197401368e-05,0.0173646862210168,-8.702776014966238e-05,0.1210448371805858,4.1064805671355326e-05,0.1030982173169963,-0.0009795901242056,0.1638804232487297,0.0855195969343185,0.0980101227760315,,,,,,,,,,,,,,,,,,,17map_denoised_engine_features.csv
,map_fault,,,,,,,,,,,,,,,,,,,,,,,,,,,,,,,,,,,,,,,,,,,,,,0.007783608217303304,18map_denoised_bispectrum.csv
,map_fault,,,,,,,,,,,,,,,,,,,,,,,,,,,,,23.35716269099112,0.024680970021437217,0.2149241247271902,0.0,3091.1942332364374,8.112953000871402,1.0,1.0,,,,,,,,,,,18map_denoised_bispectrum_features.csv
,map_fault,-121.82410734065164,67.08300595613082,-13.884824850789444,54.61229957055039,-12.9699679493346,23.448427878977657,7.153916280453568,-0.3712085670180463,-1.4262244656993823,14.822307921969411,-13.63569836109277,18.88263892147857,-4.731426702968246,6155.847704249317,4864.665388319068,11235.757595948828,0.106353694696162,0.1007890999317169,4.730129050601483e-05,0.012520954064594,5.986760992049698e-05,0.1258548643974668,-0.0002755545913836,0.1124586220582539,-0.0013444887295656,0.2129331954680536,0.0988549068570137,0.1169391795992851,,,,,,,,,,,,,,,,,,,18map_denoised_engine_features.csv
,map_fault,,,,,,,,,,,,,,,,,,,,,,,,,,,,,,,,,,,,,,,,,,,,,,0.012500782960965472,19map_denoised_bispectrum.csv
,map_fault,,,,,,,,,,,,,,,,,,,,,,,,,,,,,10.861784190694008,0.01688197866655381,0.13822937992427997,0.0,1280.846162515847,8.11670027110094,1.0,1.0,,,,,,,,,,,19map_denoised_bispectrum_features.csv
,map_fault,-127.87224693199995,67.50230465019543,-20.37878052582924,57.01467267997842,-17.28199749735557,26.68318253846849,4.600164077717117,1.9302731829269448,-5.817836857953861,17.122968092988813,-16.150082195985682,20.986267923864,-6.579366346711451,6297.844416946298,4848.836290215188,11319.81276652452,0.1191250083288912,0.0807088613510131,1.236599384808076e-05,0.0106153022703244,0.0002342317495973,0.1120433195432694,-0.0002952847603587,0.1039543695287711,-0.000575249279881,0.1451482268677675,0.0793759301304817,0.0911292135715484,,,,,,,,,,,,,,,,,,,19map_denoised_engine_features.csv
,map_fault,,,,,,,,,,,,,,,,,,,,,,,,,,,,,,,,,,,,,,,,,,,,,,0.0002729508973582915,20map_denoised_bispectrum.csv
,map_fault,,,,,,,,,,,,,,,,,,,,,,,,,,,,,551.2603593478923,0.021595100894475194,2.5146125423109464,0.0,417676.87408452085,2.252510236579611,1.0,1.0,,,,,,,,,,,20map_denoised_bispectrum_features.csv
,map_fault,-214.45634723439915,97.48879577568006,-6.02600228178448,45.47280436482014,-7.975478943167586,44.41868520502786,9.270631908148752,13.56969579029824,10.165129760011952,21.15415910415937,0.5724861247644285,18.533718275809854,-2.227235672292573,3708.489296642773,4497.129001687879,8259.295042643924,0.0304139875399786,0.1296491771936416,-1.4905983664485446e-06,0.0005975261027372,5.627577857003916e-05,0.023512222638875,-5.498749640727575e-05,0.0158146740203596,-0.0010997442131806,0.4439195827870398,0.1260145455598831,0.1665575206279754,,,,,,,,,,,,,,,,,,,20map_denoised_engine_features.csv
,map_fault,,,,,,,,,,,,,,,,,,,,,,,,,,,,,,,,,,,,,,,,,,,,,,0.00011213063405149764,21map_denoised_bispectrum.csv
,map_fault,,,,,,,,,,,,,,,,,,,,,,,,,,,,,296.83333827859246,0.01049367806394261,1.349786464575054,0.0,120343.49838438016,2.4397811264043274,1.0,1.0,,,,,,,,,,,21map_denoised_bispectrum_features.csv
,map_fault,-181.6464112948428,92.2709676220539,-7.688602966579838,46.16192150969983,-6.837245801322986,44.391721891051056,6.504527925555145,10.34702258658917,9.316355248978375,22.254924339287893,2.637923940453268,19.51466683995756,-1.7485843558887733,4035.116867268647,4684.841205933368,8992.953757995736,0.0355175156583155,0.1359016299247741,-2.0606518303099188e-06,0.0005920998613019,5.429875024244765e-05,0.0314823108727737,4.563532297787109e-05,0.0199088960232926,0.0013180834874416,0.4646972334743417,0.1327948570251464,0.1759970635175705,,,,,,,,,,,,,,,,,,,21map_denoised_engine_features.csv
,map_fault,,,,,,,,,,,,,,,,,,,,,,,,,,,,,,,,,,,,,,,,,,,,,,0.00026704260889215506,22map_denoised_bispectrum.csv
,map_fault,,,,,,,,,,,,,,,,,,,,,,,,,,,,,1256.7633468079655,0.049614554829304144,5.334879675543492,0.0,1879979.288669217,3.672523351081813,1.0,1.0,,,,,,,,,,,22map_denoised_bispectrum_features.csv
,map_fault,-106.83969632158164,99.68550368916692,-11.636993435824849,51.96658083548592,-14.017092608679924,46.98972506873439,-0.236580689333087,10.945009370857546,0.3110686996453132,23.22428166567966,-2.7780931757980136,21.176211217213883,-6.949214837646369,4413.312990627884,4832.216805922357,9627.36540511727,0.0393602578624733,0.1989365816116333,2.494594703691553e-06,0.0016598403839488,-0.0003188240276167,0.0689472446955533,0.0003079717664409,0.0454019354284071,2.92209342458153e-05,0.5786567576206334,0.1965687721967697,0.256980687379837,,,,,,,,,,,,,,,,,,,22map_denoised_engine_features.csv
,map_fault,,,,,,,,,,,,,,,,,,,,,,,,,,,,,,,,,,,,,,,,,,,,,,4.772645692675455e-05,23map_denoised_bispectrum.csv
,map_fault,,,,,,,,,,,,,,,,,,,,,,,,,,,,,883.8597187380134,0.026753074697658797,3.7045988865178328,0.0,906507.2437048791,2.531589913676984,1.0,1.0,,,,,,,,,,,23map_denoised_bispectrum_features.csv
,map_fault,-153.66155601758453,85.90955154887256,-14.87816490850471,49.28911003271769,-15.373824424705925,39.95809536341988,6.30679011635088,12.332115027901278,6.051270625101791,24.49428011688589,-2.1842464151439502,21.27438890840945,-6.25148353455778,4801.921531021515,4717.910708684206,9713.419509594883,0.0665894856076759,0.128918707370758,7.048985638227517e-07,0.0010198218946984,2.38669414949191e-06,0.0579732616130595,-0.0002509650378207,0.0440613574959693,0.0009855428182038,0.4289603358284941,0.1270057708024978,0.1637032926082611,,,,,,,,,,,,,,,,,,,23map_denoised_engine_features.csv
,map_fault,,,,,,,,,,,,,,,,,,,,,,,,,,,,,,,,,,,,,,,,,,,,,,0.0015569748339550732,24map_denoised_bispectrum.csv
,map_fault,,,,,,,,,,,,,,,,,,,,,,,,,,,,,203.5784317673221,0.032186719008923184,1.0812863589328072,0.0,77291.60813562179,6.638556010783248,6.0,7.0,,,,,,,,,,,24map_denoised_bispectrum_features.csv
,map_fault,-96.9211302751041,77.29948306914612,-26.81956554630771,47.88652383272076,-25.704531252767925,39.91754859910492,0.849666533157227,14.444954095104226,0.977946503932804,26.816676491530902,-7.736499948432418,23.313866316259254,-8.485575548271637,5732.442406555618,4820.231015760936,10779.50093283582,0.0905818979877398,0.1322477161884308,7.750260464558181e-06,0.0014227081644337,0.0001567702682476,0.1108223399692998,0.0007626241393008,0.0838694845020613,-0.0003509134159974,0.3531594659851673,0.1308495551347732,0.1660192012786865,,,,,,,,,,,,,,,,,,,24map_denoised_engine_features.csv
,map_fault,,,,,,,,,,,,,,,,,,,,,,,,,,,,,,,,,,,,,,,,,,,,,,0.0004892916899116311,25map_denoised_bispectrum.csv
,map_fault,,,,,,,,,,,,,,,,,,,,,,,,,,,,,74.47786016029809,0.02684403810045548,0.428920992076781,0.0,12198.842105665595,7.912861508809882,0.0,1.0,,,,,,,,,,,25map_denoised_bispectrum_features.csv
,map_fault,-85.97123221496867,80.23411393116534,-28.22777312039289,44.97942020357453,-27.22794434290179,40.23394651653667,-3.220027147038496,15.019630547759029,0.0864145374236224,25.375172794014816,-7.6598710350403,21.763958978733253,-11.243391716917952,5873.953137401174,4863.5298954245445,11067.297441364606,0.0959540328491471,0.1156552284955978,-1.7464060499643778e-05,0.00263349625788,-2.6087026762065928e-05,0.1102927462618792,0.0003571884171533,0.0756740635122346,0.0001162740424715,0.2869203105583171,0.1146784871816635,0.1418634504079818,,,,,,,,,,,,,,,,,,,25map_denoised_engine_features.csv
,map_fault,,,,,,,,,,,,,,,,,,,,,,,,,,,,,,,,,,,,,,,,,,,,,,0.0005148545298533884,26map_denoised_bispectrum.csv
,map_fault,,,,,,,,,,,,,,,,,,,,,,,,,,,,,230.75806644922113,0.010339915922396716,1.1520082423210751,0.0,87662.20794494796,2.945174079617572,1.0,1.0,,,,,,,,,,,26map_denoised_bispectrum_features.csv
,map_fault,-191.55027664297916,81.8632172427854,-15.011035483972051,39.34717162540555,-19.504136164979545,36.040517165962406,5.266634359988009,9.920678090907863,7.8483361612518525,21.13298695952405,1.4816942413635918,19.163181927219394,-5.037579347994626,5094.889895667884,4814.811931489381,10059.734808102345,0.06868107842484,0.0900416672229766,-4.623969551946192e-07,0.0018652071752608,0.0001247694649595,0.0363254172477946,8.308187091145253e-05,0.0236427516803097,-0.0014138629747289,0.366356008926086,0.0882510766386985,0.113852210342884,,,,,,,,,,,,,,,,,,,26map_denoised_engine_features.csv
,map_fault,,,,,,,,,,,,,,,,,,,,,,,,,,,,,,,,,,,,,,,,,,,,,,4.6359277162872034e-05,27map_denoised_bispectrum.csv
,map_fault,,,,,,,,,,,,,,,,,,,,,,,,,,,,,974.9246074419707,0.027828853128065944,4.0842468127044285,0.0,1101819.277639214,1.7688681828511907,1.0,1.0,,,,,,,,,,,27map_denoised_bispectrum_features.csv
,map_fault,-207.61580893681452,80.94234246701046,-13.420884518966355,39.33207198981695,-18.681031797791864,37.71819060078069,5.997466077466734,11.103768300001764,10.569518244124987,22.145657503597377,1.7720025206504906,18.396542332255414,-5.812883883527292,5064.950718177241,4856.594168424344,10133.745335820897,0.0620304587553304,0.0791614428162574,1.650980251217335e-05,0.0019535459482068,-8.932741369064297e-05,0.0322599183332458,0.0001656314253778,0.0198634217559201,-0.0009992708568713,0.2979981159257653,0.0773148015141487,0.0998951494693756,,,,,,,,,,,,,,,,,,,27map_denoised_engine_features.csv
,map_fault,,,,,,,,,,,,,,,,,,,,,,,,,,,,,,,,,,,,,,,,,,,,,,1.2642886315593575e-05,28map_denoised_bispectrum.csv
,map_fault,,,,,,,,,,,,,,,,,,,,,,,,,,,,,210.58268578535805,0.009657896241774992,1.026240590826614,0.0,69566.96955275409,4.284599901881696,0.0,1.0,,,,,,,,,,,28map_denoised_bispectrum_features.csv
,map_fault,-163.33276625590864,78.24844190755647,-13.942041234114829,40.02423349619146,-21.690051304301186,35.76564076596955,4.358671944293493,8.571136513291112,6.908920978848042,21.514803137613285,-0.6159266807599414,17.82536293861572,-6.146126338526668,5510.073354667963,4974.204377935463,10714.785447761196,0.0740021988272921,0.0856785476207733,-5.879429013233517e-06,0.0035801703695293,-9.116321143549434e-05,0.0535016957582109,-0.0001387217901267,0.0344435599966778,-0.0013676017078103,0.3062573435323562,0.0839094668626785,0.1075893193483352,,,,,,,,,,,,,,,,,,,28map_denoised_engine_features.csv
,map_fault,,,,,,,,,,,,,,,,,,,,,,,,,,,,,,,,,,,,,,,,,,,,,,0.0005372819496324564,29map_denoised_bispectrum.csv
,map_fault,,,,,,,,,,,,,,,,,,,,,,,,,,,,,1291.9946911391407,0.068265230880217,6.0734164899856475,0.0,2436616.829522188,3.5362592480849497,2.0,2.0,,,,,,,,,,,29map_denoised_bispectrum_features.csv
,map_fault,-133.21043667810494,80.12345031873681,-14.593684469917044,40.40911657935649,-22.94564605637439,34.29456044599878,0.7883736503505073,6.887915753653437,3.48083440738334,18.988019983539424,-3.429385187725658,15.10284288615832,-9.120808524194716,5590.472021956004,4986.976315743504,10833.422174840083,0.0760375716284648,0.1014594808220863,1.4966722013229778e-07,0.0056809110000657,-4.3392815494339314e-05,0.0687182927406568,0.0001002382440474,0.044597526268406,0.0054526464744623,0.3253474075985026,0.0999689027667045,0.1265443116426468,,,,,,,,,,,,,,,,,,,29map_denoised_engine_features.csv
,map_fault,,,,,,,,,,,,,,,,,,,,,,,,,,,,,,,,,,,,,,,,,,,,,,5.017810682957316e-05,30map_denoised_bispectrum.csv
,map_fault,,,,,,,,,,,,,,,,,,,,,,,,,,,,,38.662953316289055,0.0029913061129029413,0.23666901329621265,0.0,3700.142241931599,4.522450889261264,0.0,2.0,,,,,,,,,,,30map_denoised_bispectrum_features.csv
,map_fault,-208.51838159455008,79.34007400802246,-11.596851399882963,37.24505288630413,-21.16144748191804,31.542554814410572,1.9113073654632111,3.694145191505559,4.972550505005732,16.78220833278143,-1.8167951106484752,13.81502927818456,-6.634954509490708,5465.896516723259,4940.974425754711,10642.37406716418,0.0766497451359275,0.0581961758434772,-1.6468798480737251e-06,0.0025160022098,-8.852181435224086e-05,0.0313341789552471,0.0001927368991288,0.0198267220780446,-0.0019651899598925,0.2381705805111205,0.0565180778503418,0.0726267248392105,,,,,,,,,,,,,,,,,,,30map_denoised_engine_features.csv
,map_fault,,,,,,,,,,,,,,,,,,,,,,,,,,,,,,,,,,,,,,,,,,,,,,0.0002049533015356024,31map_denoised_bispectrum.csv
,map_fault,,,,,,,,,,,,,,,,,,,,,,,,,,,,,259.01605097503574,0.029178818406004472,1.6356637165908228,0.0,176763.4511288716,4.342291585146153,1.0,1.0,,,,,,,,,,,31map_denoised_bispectrum_features.csv
,map_fault,-165.1683744390087,82.2361315623796,-9.28494434594116,38.12746590539967,-22.358370068485048,32.31339685692119,2.299670816372114,4.549629504221883,4.150826751579163,16.233102995990844,-2.1602080118096585,12.094456089411096,-8.686738897685968,5434.848785401448,4952.64167073676,10621.835021321962,0.0732099130463752,0.0845778584480285,-6.346279474077062e-06,0.0046282257701035,-7.028757635211119e-05,0.0479552479122692,-0.0004699996833674,0.0307596938325872,-0.0007395139345721,0.3100264736694273,0.08253014087677,0.104838527739048,,,,,,,,,,,,,,,,,,,31map_denoised_engine_features.csv
,map_fault,,,,,,,,,,,,,,,,,,,,,,,,,,,,,,,,,,,,,,,,,,,,,,3.5604524662556164e-05,32map_denoised_bispectrum.csv
,map_fault,,,,,,,,,,,,,,,,,,,,,,,,,,,,,375.9829808318482,0.012040995298527642,1.6838940454800972,0.0,187291.45993304963,2.080775773355267,1.0,1.0,,,,,,,,,,,32map_denoised_bispectrum_features.csv
,map_fault,-200.4551532318449,84.29367511554895,-15.933562303066758,36.10785131150525,-20.65479590548908,34.751762273340304,1.865666344211216,6.818136073362848,6.027074052751784,19.760607026197597,-1.4813553261879004,16.3988218179693,-5.6265672633873445,5337.3786082207735,4924.18142988651,10485.307835820897,0.075170325826226,0.052120991051197,-6.688213855200912e-06,0.0020576385613433,-4.122445207006272e-05,0.0316159119716304,7.006158487678065e-05,0.0202623293470781,-0.0001695210343395,0.191012262824157,0.0512287244200706,0.064957745373249,,,,,,,,,,,,,,,,,,,32map_denoised_engine_features.csv
,map_fault,,,,,,,,,,,,,,,,,,,,,,,,,,,,,,,,,,,,,,,,,,,,,,0.0009276642502642608,33map_denoised_bispectrum.csv
,map_fault,,,,,,,,,,,,,,,,,,,,,,,,,,,,,262.9944096351544,0.03942482456741876,1.2378296712915327,0.0,101304.41144082796,7.504874977606055,1.0,1.0,,,,,,,,,,,33map_denoised_bispectrum_features.csv
,map_fault,-81.74363216627738,81.80256355786138,-18.66597931745568,39.00768708347617,-24.789897527874107,34.19535738900148,-3.618601880768015,5.484525275394034,1.4007980287124544,19.28457859358475,-4.464779554499517,17.492269375704527,-7.8424376380961105,5817.383826667831,4981.218505835976,11084.338352878463,0.0895636910314499,0.1201576292514801,-3.154784187895265e-05,0.0073983503287967,7.539886525964827e-05,0.1140836555925036,0.0001789959236341,0.0722339369642967,0.0021177183896263,0.3068065480098719,0.1185646429657936,0.1461012959480285,,,,,,,,,,,,,,,,,,,33map_denoised_engine_features.csv
,map_fault,,,,,,,,,,,,,,,,,,,,,,,,,,,,,,,,,,,,,,,,,,,,,,0.00019338659600704684,34map_denoised_bispectrum.csv
,map_fault,,,,,,,,,,,,,,,,,,,,,,,,,,,,,115.55813326954414,0.014054108431572275,0.7536205522102718,0.0,37525.17493999562,4.924898597174192,1.0,1.0,,,,,,,,,,,34map_denoised_bispectrum_features.csv
,map_fault,-187.31804264744423,84.09005113368245,-14.417702591472954,37.344290257682864,-21.974231381462317,31.897240595941003,-1.0484312711341048,5.0964163184805455,4.551865340638856,18.00804995352562,-2.5737960287038035,14.932431258207028,-6.082426344147396,5403.65394004905,4939.437388722597,10584.10514392324,0.073659673174307,0.062422227114439,-9.879664421387934e-06,0.0029515406218281,-2.0403536490922767e-05,0.0360993353043619,1.121738967273801e-05,0.0287470788513958,-0.0007806703981343,0.2317959568843021,0.0611297115683555,0.0779200941324234,,,,,,,,,,,,,,,,,,,34map_denoised_engine_features.csv
,map_fault,,,,,,,,,,,,,,,,,,,,,,,,,,,,,,,,,,,,,,,,,,,,,,0.0026347153860673145,35map_denoised_bispectrum.csv
,map_fault,,,,,,,,,,,,,,,,,,,,,,,,,,,,,798.7814289342906,0.027443275671785283,3.6386037514488128,0.0,874501.3352961192,2.387647958864499,1.0,1.0,,,,,,,,,,,35map_denoised_bispectrum_features.csv
,map_fault,-191.99341498254583,80.49035548561567,-6.850592380114685,39.78279337944223,-16.339820828855355,34.211473205701225,6.676529472970776,7.6328247769359425,11.885943675262393,21.027416300926557,4.914373473221971,19.432945064782317,-1.90041221575437,4755.980284161236,4956.346796211852,9786.130730277186,0.0438901335954157,0.1201376691460609,-2.903104210705933e-05,0.0038242608539116,-4.144267788021408e-06,0.0371221118772075,1.029965989637349e-05,0.0230349910816215,0.0019151457054633,0.431572856950845,0.1170137450098991,0.1550213247537613,,,,,,,,,,,,,,,,,,,35map_denoised_engine_features.csv
,map_fault,,,,,,,,,,,,,,,,,,,,,,,,,,,,,,,,,,,,,,,,,,,,,,0.00030700262787973633,36map_denoised_bispectrum.csv
,map_fault,,,,,,,,,,,,,,,,,,,,,,,,,,,,,513.4191148806335,0.023545875471283537,2.9242202529966788,0.0,564825.8500613045,2.2186700102485295,1.0,1.0,,,,,,,,,,,36map_denoised_bispectrum_features.csv
,map_fault,-189.97539687066907,81.75313740726463,-9.825593076983289,40.70382110132908,-19.281625055198063,34.36203384671754,1.4917648599867412,7.0094017301671965,8.037079099130041,20.68297867893455,1.546241215437748,18.597279533419695,-3.333546893905741,4991.109969320935,4928.20709085337,10204.307702558635,0.0569467117537313,0.0946479067206382,-1.5232701426442192e-05,0.0025658426782795,3.983112803311904e-05,0.0368353910354791,-0.000220114814168,0.022354383015359,0.0008184371171554,0.3403929410805661,0.0923903435468673,0.1210577487945556,,,,,,,,,,,,,,,,,,,36map_denoised_engine_features.csv
,map_fault,,,,,,,,,,,,,,,,,,,,,,,,,,,,,,,,,,,,,,,,,,,,,,0.0004482143654848952,37map_denoised_bispectrum.csv
,map_fault,,,,,,,,,,,,,,,,,,,,,,,,,,,,,26.25696307128729,0.02814953391535519,0.23447167859896811,0.0,3683.510744280099,8.190527564522716,3.0,3.0,,,,,,,,,,,37map_denoised_bispectrum_features.csv
,map_fault,-86.67601431082895,80.31349436434593,-24.93326385627176,43.30989620597601,-30.33993501805341,37.09159717709741,-8.63873052074802,9.72538571078988,-2.3959430808918807,22.305466289740703,-9.51184476853027,20.192998878365568,-9.5047794196459,6020.529339946214,4894.610777130267,11288.079690831555,0.1017957089552238,0.1068056523799896,-2.0871663110302495e-05,0.0046347457492893,0.000201756871955,0.1124459738404202,0.0002250496539815,0.0672734445384313,-0.0011524086810034,0.2543605601865926,0.1060066446661949,0.1292120963335037,,,,,,,,,,,,,,,,,,,37map_denoised_engine_features.csv
,map_fault,,,,,,,,,,,,,,,,,,,,,,,,,,,,,,,,,,,,,,,,,,,,,,0.0002489819109438588,38map_denoised_bispectrum.csv
,map_fault,,,,,,,,,,,,,,,,,,,,,,,,,,,,,138.61043235859432,0.013351939964647716,0.6375885735783625,0.0,26861.96076397117,6.415034377257567,0.0,1.0,,,,,,,,,,,38map_denoised_bispectrum_features.csv
,map_fault,-130.9553665646499,85.50583956523914,-15.196712128322362,42.819811495332935,-24.355904891948796,35.31595923669771,-4.030334393845301,7.032052969912308,1.4484034029905517,18.54430131581343,-7.145110358805636,16.473075283077016,-8.022847264870855,5455.203214221932,4914.574389112347,10701.392590618338,0.0775596765058635,0.1015331670641899,4.4788695750986025e-07,0.0045032331639429,4.713964501890924e-05,0.0697913928613559,-0.000155962172977,0.0419868770910646,0.0017270488231541,0.3092502699703093,0.099694050848484,0.1268098503351211,,,,,,,,,,,,,,,,,,,38map_denoised_engine_features.csv
,map_fault,,,,,,,,,,,,,,,,,,,,,,,,,,,,,,,,,,,,,,,,,,,,,,0.0004041811113557134,39map_denoised_bispectrum.csv
,map_fault,,,,,,,,,,,,,,,,,,,,,,,,,,,,,61.031440263528886,0.07147199126166495,0.6768818978817897,0.0,30599.005638298964,7.923068174402765,1.0,28.0,,,,,,,,,,,39map_denoised_bispectrum_features.csv
,map_fault,-137.974034710474,62.91934952811636,-24.92239087211937,41.69835591136229,10.573346395010066,38.89823514557093,-4.024661647519256,6.7922167151307,21.22233776969607,20.270455167820987,0.754204724061219,15.743218299323614,5.776190134348244,5580.086358722628,4837.795580833757,10447.278118336886,0.0592704724147121,0.1218505129218101,1.038062250863159e-05,0.0218646583097994,-0.0001586439439412,0.1141431797276208,-4.576446366001466e-05,0.0796988127370481,-0.0006390869127336,0.3048597458402097,0.1180610358715057,0.1453256160020828,,,,,,,,,,,,,,,,,,,39map_denoised_engine_features.csv
,map_fault,,,,,,,,,,,,,,,,,,,,,,,,,,,,,,,,,,,,,,,,,,,,,,0.00488313800221425,40map_denoised_bispectrum.csv
,map_fault,,,,,,,,,,,,,,,,,,,,,,,,,,,,,59.5209308912268,0.06456644524970398,0.6411109461487763,0.0,27423.021105666572,7.82043842868288,1.0,28.0,,,,,,,,,,,40map_denoised_bispectrum_features.csv
,map_fault,-142.08786305751497,61.20513846756552,-29.79439442136466,42.96126765320866,12.188076461890002,39.79625504740455,-4.106149996257076,6.894840758394071,20.75828243365714,24.418198748488926,0.9194313889244666,14.27184154219288,5.217578050478141,5518.4844136499305,4815.132844624506,10361.12406716418,0.0604812849813432,0.1133140474557876,5.891399731955018e-05,0.0190580898682986,0.0004810678838025,0.1059106491703166,0.0002641631034004,0.0824595679811569,-0.0012800178503485,0.2755530332573349,0.1100949347019195,0.1342154592275619,,,,,,,,,,,,,,,,,,,40map_denoised_engine_features.csv
,map_fault,,,,,,,,,,,,,,,,,,,,,,,,,,,,,,,,,,,,,,,,,,,,,,0.0017680532970212122,41map_denoised_bispectrum.csv
,map_fault,,,,,,,,,,,,,,,,,,,,,,,,,,,,,895.2525514844502,0.05844308527327168,4.526132309750684,0.0,1353297.0676273315,4.866241695756393,1.0,1.0,,,,,,,,,,,41map_denoised_bispectrum_features.csv
,map_fault,-169.18575162883673,67.51192264372939,-22.976462542529266,47.71409979937906,16.577278101791684,42.31602202640457,1.4302975054162486,10.040193516837835,22.62642506462637,26.28981758771465,4.604367781179401,15.41980393853443,7.375428563819932,4792.307006077756,4741.5287482819,9489.289045842215,0.0408178138326226,0.141617402434349,-9.061017419393315e-06,0.0149716006754949,-0.0001385904268849,0.0741616419687963,0.0001639177166904,0.057830792457965,-0.0027032262799817,0.4106751234162311,0.1384441405534744,0.1771181374788284,,,,,,,,,,,,,,,,,,,41map_denoised_engine_features.csv
,map_fault,,,,,,,,,,,,,,,,,,,,,,,,,,,,,,,,,,,,,,,,,,,,,,0.0036053979919808527,42map_denoised_bispectrum.csv
,map_fault,,,,,,,,,,,,,,,,,,,,,,,,,,,,,129.89890893769356,0.06081479429978727,0.8229764252505111,0.0,44978.61840092362,7.629245887997149,1.0,1.0,,,,,,,,,,,42map_denoised_bispectrum_features.csv
,map_fault,-143.2412670558802,63.41987342823258,-27.23057035368695,44.46349459846305,11.14206727683939,40.35203310015084,-2.9353741112870684,8.111015719233091,21.58780842274656,24.805180990111594,2.2130114264712644,15.048486737494573,5.734689112695028,5348.145678862451,4763.412717392017,10048.091018123669,0.0574079241071428,0.128128781914711,2.2693199801767563e-05,0.0206210269871499,-2.796040403350844e-05,0.1050646986244445,-0.0003742409127842,0.077778228522327,-0.0018778508830879,0.3359992214792107,0.1242721080780029,0.1538179069757461,,,,,,,,,,,,,,,,,,,42map_denoised_engine_features.csv
,map_fault,,,,,,,,,,,,,,,,,,,,,,,,,,,,,,,,,,,,,,,,,,,,,,0.0018737146142611876,43map_denoised_bispectrum.csv
,map_fault,,,,,,,,,,,,,,,,,,,,,,,,,,,,,92.65761473343689,0.03457349065466445,0.6933923399052524,0.0,31834.8428023932,7.026262263906075,0.0,1.0,,,,,,,,,,,43map_denoised_bispectrum_features.csv
,map_fault,-181.61380145644563,61.80805801980265,-26.02723808921284,42.71148022169757,12.503030071999254,37.12669437345903,-0.7053034281061525,7.823041288136182,23.33064123103347,25.384367604777808,5.813959364567593,16.01148712625973,7.08812468511931,5076.889053993386,4734.074580614334,9725.463086353944,0.0515672891124733,0.105743333697319,-5.780874950662123e-06,0.0127437925465101,-1.3007228434320689e-05,0.0654971375295647,-0.0001298442915101,0.0569764983549734,-0.0047106718151634,0.3190888645269726,0.1029961258172988,0.1315887719392776,,,,,,,,,,,,,,,,,,,43map_denoised_engine_features.csv
,map_fault,,,,,,,,,,,,,,,,,,,,,,,,,,,,,,,,,,,,,,,,,,,,,,0.007568075749868975,44map_denoised_bispectrum.csv
,map_fault,,,,,,,,,,,,,,,,,,,,,,,,,,,,,1394.2536276826731,0.07583053712129549,6.8717299779594025,0.0,3119258.023317696,4.23406355777843,0.0,1.0,,,,,,,,,,,44map_denoised_bispectrum_features.csv
,map_fault,-166.39721715043495,73.9919207877468,-16.927552518627728,47.72157377399207,20.0034034424007,44.043905127173375,-0.3701498651255658,9.09023497190582,27.62811440595486,27.07226016317229,6.931916897559968,18.43152371584081,4.961340976303141,4357.854029657984,4678.31107475753,8939.382329424307,0.0335591851012793,0.1912353932857513,-5.27774597916696e-07,0.0134124867628683,-1.2485273603956784e-05,0.0738034254703458,7.307999588849764e-05,0.053552409093349,-0.001806487029656,0.5864340084486332,0.1892967969179153,0.2484686076641082,,,,,,,,,,,,,,,,,,,44map_denoised_engine_features.csv
,map_fault,,,,,,,,,,,,,,,,,,,,,,,,,,,,,,,,,,,,,,,,,,,,,,0.002447212706335264,45map_denoised_bispectrum.csv
,map_fault,,,,,,,,,,,,,,,,,,,,,,,,,,,,,2465.031411990228,0.1190455315489214,13.390688686827705,0.0,11844218.123895695,3.200863919747675,1.0,1.0,,,,,,,,,,,45map_denoised_bispectrum_features.csv
,map_fault,-170.5237810848797,76.12252632287068,-18.63653069339837,46.80848700547898,16.807564068100817,42.676469983270216,-0.290095773898782,9.520563170892704,27.082283041756003,27.01306659840727,4.521833921521289,16.93306741018639,4.383518130206831,4528.48562197398,4684.656026137862,9092.25079957356,0.0387928521455223,0.1510163843631744,-1.4280281756552218e-05,0.0115604835544361,1.2974724021920235e-05,0.0695031513936752,0.0003087495203858,0.053699021219582,-0.0035164107004438,0.4725935746838779,0.1488911509513855,0.1910941898822784,,,,,,,,,,,,,,,,,,,45map_denoised_engine_features.csv
,map_fault,,,,,,,,,,,,,,,,,,,,,,,,,,,,,,,,,,,,,,,,,,,,,,0.0026650726180465207,46map_denoised_bispectrum.csv
,map_fault,,,,,,,,,,,,,,,,,,,,,,,,,,,,,447.51762893804136,0.03492157036459958,2.559732590060335,0.0,432848.8486857716,4.853703201209545,0.0,1.0,,,,,,,,,,,46map_denoised_bispectrum_features.csv
,map_fault,-194.27594139648076,65.52605377757055,-22.863043601175427,41.88896901578887,13.800282703693632,39.55202933341559,-3.607673915296576,6.876643400434566,25.91227676045382,26.48871445641344,5.467785148209416,17.042584786560695,4.992288753866897,5055.648535975569,4718.462339571351,9696.778384861407,0.0485636827025586,0.094656653702259,-4.063875644951592e-06,0.0112457631084287,3.815432837497567e-05,0.0638962109697433,-0.0002530138821419,0.0442532255768702,-0.0016794347314522,0.2922009278697169,0.0924829393625259,0.1178895533084869,,,,,,,,,,,,,,,,,,,46map_denoised_engine_features.csv
,map_fault,,,,,,,,,,,,,,,,,,,,,,,,,,,,,,,,,,,,,,,,,,,,,,0.0029653395916421927,47map_denoised_bispectrum.csv
,map_fault,,,,,,,,,,,,,,,,,,,,,,,,,,,,,583.0189508071023,0.04355213661920727,2.371979743660777,0.0,371735.9707840696,6.580062232473102,1.0,1.0,,,,,,,,,,,47map_denoised_bispectrum_features.csv
,map_fault,-153.48041527630684,69.82038405242552,-25.12999233175119,42.50145755178072,11.723949604640111,39.67064931762997,-3.71053518925675,8.471387964726619,24.26450755625051,25.514409143452152,5.513036477148538,17.064482772800186,1.7961094067860557,5181.552743994565,4794.772707827163,9925.006663113008,0.0534746052105543,0.1152744740247726,-5.476138707127919e-05,0.0146533929162251,7.182819730402268e-05,0.0848916375255545,0.0001371133865199,0.0619304124280835,-0.0017926806584413,0.3151273123124101,0.1123874932527542,0.1402889192104339,,,,,,,,,,,,,,,,,,,47map_denoised_engine_features.csv
,map_fault,,,,,,,,,,,,,,,,,,,,,,,,,,,,,,,,,,,,,,,,,,,,,,0.005586856749531001,48map_denoised_bispectrum.csv
,map_fault,,,,,,,,,,,,,,,,,,,,,,,,,,,,,102.11256060029916,0.042733670147051546,0.5702860696663948,0.0,21601.481842128727,7.752631905749533,1.0,1.0,,,,,,,,,,,48map_denoised_bispectrum_features.csv
,map_fault,-152.7555967070346,67.55705120090968,-26.0803575562504,42.07455181329969,10.35244919286138,37.93619385054491,-2.5298132126565367,8.161128275274162,25.28896496810046,27.585425802605183,6.390407054746126,17.252964502799568,2.465311996314864,5277.52631366559,4777.344493243003,9958.039045842215,0.0543064532249467,0.1135479733347892,6.514397785487164e-06,0.0156563623903801,-4.882254783831286e-05,0.0904230502777145,0.0002841605691637,0.0672067924198393,-0.0025702942440641,0.3025022365001631,0.1105752140283584,0.1375395208597183,,,,,,,,,,,,,,,,,,,48map_denoised_engine_features.csv
,map_fault,,,,,,,,,,,,,,,,,,,,,,,,,,,,,,,,,,,,,,,,,,,,,,0.0002539505992761203,49map_denoised_bispectrum.csv
,map_fault,,,,,,,,,,,,,,,,,,,,,,,,,,,,,326.4338126516853,0.03970912495345036,1.4740829169850946,0.0,143623.36957539927,6.860091243233219,1.0,1.0,,,,,,,,,,,49map_denoised_bispectrum_features.csv
,map_fault,-151.45017161657256,72.46344803163248,-24.713386718660335,42.93020433828363,11.616409679654362,41.1530654688662,0.1702526399726852,10.563528791004202,25.25766947041567,26.946111250585982,7.183662894825959,19.543793216562545,3.6671612447675193,4830.300428498439,4746.25354230344,9444.363006396588,0.0413321228678038,0.1441123485565185,-1.5999764639072793e-05,0.0134448811340927,0.0001127435587749,0.085250145637861,-0.000532938005119,0.0625525803463851,-0.0028046236297151,0.4039072040319135,0.1413031220436096,0.1806409358978271,,,,,,,,,,,,,,,,,,,49map_denoised_engine_features.csv
,map_fault,,,,,,,,,,,,,,,,,,,,,,,,,,,,,,,,,,,,,,,,,,,,,,0.004528999427768216,50map_denoised_bispectrum.csv
,map_fault,,,,,,,,,,,,,,,,,,,,,,,,,,,,,343.87244106244606,0.03840426674080359,1.6004546347948254,0.0,169278.95866521035,6.612356995728511,1.0,1.0,,,,,,,,,,,50map_denoised_bispectrum_features.csv
,map_fault,-159.35794710523925,78.77406272684958,-20.26000027011466,46.2912196475155,13.071220305464234,41.394401517534085,0.2558615435607588,10.678770375501571,24.84600057978377,27.25300918434336,6.8799985275078175,18.4946238981535,1.9347954909244989,4600.3699216717605,4687.325509611193,9142.474013859275,0.0371177038912579,0.1443943977355957,3.3679379824796466e-05,0.0112629051191332,-7.257764827559604e-05,0.0790755490775644,0.0001484133746397,0.0544262661442224,-0.0012865024181861,0.4064592875111199,0.1419145166873932,0.1823026686906814,,,,,,,,,,,,,,,,,,,50map_denoised_engine_features.csv
,map_fault,,,,,,,,,,,,,,,,,,,,,,,,,,,,,,,,,,,,,,,,,,,,,,0.00932654855091898,51map_denoised_bispectrum.csv
,map_fault,,,,,,,,,,,,,,,,,,,,,,,,,,,,,192.0377134060604,0.047326290245613606,1.1461926601232155,0.0,86920.31173553878,7.155992783688832,1.0,1.0,,,,,,,,,,,51map_denoised_bispectrum_features.csv
,map_fault,-149.26827966012186,77.49610760750869,-22.5268249384312,43.35381670748333,11.379470670600805,38.99625441683208,-1.536015914483038,8.74837773141149,23.76290385514178,25.41882780857802,5.144601135490033,17.60163607724541,1.9588023732398376,4838.922369638441,4709.004492930092,9408.132329424308,0.0439755047308102,0.133452296257019,3.152414968422697e-05,0.0123170045851054,-0.00013974043156,0.0867235669551265,0.0001837533541124,0.0605067037345223,-0.0029566982606793,0.3710670536840644,0.1310354471206665,0.166171982884407,,,,,,,,,,,,,,,,,,,51map_denoised_engine_features.csv
,map_fault,,,,,,,,,,,,,,,,,,,,,,,,,,,,,,,,,,,,,,,,,,,,,,0.004359575349757569,52map_denoised_bispectrum.csv
,map_fault,,,,,,,,,,,,,,,,,,,,,,,,,,,,,312.0382480744977,0.044317892409615936,1.5420501092275567,0.0,157188.8668352519,6.729335233874708,1.0,1.0,,,,,,,,,,,52map_denoised_bispectrum_features.csv
,map_fault,-147.4118709807782,84.9409717906341,-20.273836122639796,45.80645094224988,9.98721423268012,35.457601126759585,-3.7996100891455855,6.600331344600583,20.085769082150637,23.880214827727507,2.884418779071268,16.58977446825956,1.492144919666627,4640.122385182672,4641.446661162051,9115.68829957356,0.0428802555303838,0.1420807540416717,2.1143555893322694e-05,0.010933618205076,-6.6096211158750696e-06,0.0794597624721619,-7.751543640199368e-05,0.0598953118835591,-0.0029734807530086,0.4124248518996696,0.139664739370346,0.1787483692169189,,,,,,,,,,,,,,,,,,,52map_denoised_engine_features.csv
,map_fault,,,,,,,,,,,,,,,,,,,,,,,,,,,,,,,,,,,,,,,,,,,,,,0.008319410160756017,53map_denoised_bispectrum.csv
,map_fault,,,,,,,,,,,,,,,,,,,,,,,,,,,,,232.47603311641743,0.03752036594976945,1.3465712297800632,0.0,119856.6008432201,6.488897627669946,0.0,1.0,,,,,,,,,,,53map_denoised_bispectrum_features.csv
,map_fault,-154.03177605929778,83.17849916242973,-20.09444693472123,44.09665682310643,7.042686353547414,35.09505565725807,-4.534240507365639,7.323215098186663,23.28034142469849,26.91495562410211,5.721358506828953,18.624575761272467,0.6672873014531298,4675.958786806553,4671.55496239655,9158.36553837953,0.0441816447894456,0.1316788792610168,5.398727744060558e-06,0.0094323344469124,-0.0001324161898118,0.0773469294689183,0.0003370871547793,0.0557421284316363,-0.0018280081462031,0.380867240502659,0.1290585100650787,0.1642298698425293,,,,,,,,,,,,,,,,,,,53map_denoised_engine_features.csv
,map_fault,,,,,,,,,,,,,,,,,,,,,,,,,,,,,,,,,,,,,,,,,,,,,,0.0034632870485662303,54map_denoised_bispectrum.csv
,map_fault,,,,,,,,,,,,,,,,,,,,,,,,,,,,,371.5946022976564,0.04891008551400782,2.324931811646049,0.0,357173.1855738768,6.029605758760414,1.0,1.0,,,,,,,,,,,54map_denoised_bispectrum_features.csv
,map_fault,-149.4022114827922,81.90957563030973,-18.26889953939336,44.49059324495493,7.963650055085234,36.33643986533564,-5.054518983062702,8.407079703164195,24.098457536580177,25.61856058815605,6.411103329980583,19.11533965104996,1.109006552557669,4734.214346512596,4708.009766485755,9271.705090618338,0.0431696845015991,0.1388724148273468,-2.250373026031151e-05,0.0100005125935595,5.470317412771735e-06,0.0843386413728708,0.0002053423034212,0.0566507208039687,-0.00311878110042,0.3928054255250989,0.136159062385559,0.1732126474380493,,,,,,,,,,,,,,,,,,,54map_denoised_engine_features.csv
,map_fault,,,,,,,,,,,,,,,,,,,,,,,,,,,,,,,,,,,,,,,,,,,,,,0.00664999127855075,55map_denoised_bispectrum.csv
,map_fault,,,,,,,,,,,,,,,,,,,,,,,,,,,,,281.4365991419299,0.032251723346592445,1.1809421628353596,0.0,92182.24889470688,6.931548650532191,1.0,1.0,,,,,,,,,,,55map_denoised_bispectrum_features.csv
,map_fault,-155.6978906399457,86.15589026719132,-20.78310795422862,42.93878669425324,6.307750929034559,30.26704102236432,-10.089735147319429,1.0617746391110237,20.153702978061187,23.576236978373345,4.57248451824958,19.50534564644336,0.8438327985950088,4695.356725439449,4656.797735187267,9098.547441364606,0.0482211570495735,0.1143984422087669,-4.616607642922428e-06,0.0089752444164973,0.000153407899343,0.0766441077520361,-0.0002313698243791,0.0520458971869507,-0.0019731238063207,0.3136096556004313,0.1125655397772789,0.1414726823568344,,,,,,,,,,,,,,,,,,,55map_denoised_engine_features.csv
,map_fault,,,,,,,,,,,,,,,,,,,,,,,,,,,,,,,,,,,,,,,,,,,,,,0.0012993606729146984,56map_denoised_bispectrum.csv
,map_fault,,,,,,,,,,,,,,,,,,,,,,,,,,,,,83.24067703112563,0.022525847293328315,0.485984491369224,0.0,15633.028145389988,7.4735703307333825,1.0,1.0,,,,,,,,,,,56map_denoised_bispectrum_features.csv
,map_fault,-167.07280043135586,75.97681001345038,-28.823133073264284,38.28748153691161,5.579726430081115,34.39365420989421,-7.049545878245506,6.016960437704282,22.463308243237623,23.96151477956206,5.459376574291214,19.95801037677252,0.999327190110574,5090.819514966649,4688.055944093141,9599.880063965886,0.0541794376332622,0.0921804383397102,9.504439479334617e-06,0.0084178783175307,0.0001452709683133,0.0764272116394664,-0.0001278869179629,0.0524101392182536,-0.0035150282328612,0.2456971369987522,0.0894326344132423,0.1107809990644455,,,,,,,,,,,,,,,,,,,56map_denoised_engine_features.csv
,map_fault,,,,,,,,,,,,,,,,,,,,,,,,,,,,,,,,,,,,,,,,,,,,,,0.00459828176040341,57map_denoised_bispectrum.csv
,map_fault,,,,,,,,,,,,,,,,,,,,,,,,,,,,,474.1964241212543,0.03765589555822051,2.070556975868916,0.0,283259.33693180414,6.2403134107811775,1.0,1.0,,,,,,,,,,,57map_denoised_bispectrum_features.csv
,map_fault,-160.82449748505903,73.8853994417172,-26.020270479585623,40.14988113949121,9.592591404020276,36.48616388657979,-4.616835913192457,8.609109271466638,23.95026257525302,25.891262228319388,7.11926236341727,17.839131610543642,-0.4411936083752789,5080.000584644587,4730.32493216414,9694.029850746268,0.0517140858208955,0.1070037707686424,-1.1134577136589682e-05,0.0098822461461742,1.2461793364500064e-05,0.0805438723185562,9.78648599689687e-06,0.054508953664819,-0.0018001476234806,0.3032070813296853,0.103806547820568,0.128946840763092,,,,,,,,,,,,,,,,,,,57map_denoised_engine_features.csv
,map_fault,,,,,,,,,,,,,,,,,,,,,,,,,,,,,,,,,,,,,,,,,,,,,,0.0015552012053497827,58map_aug_1_denoised_bispectrum.csv
,map_fault,,,,,,,,,,,,,,,,,,,,,,,,,,,,,1130.286766318226,0.05073201926076224,5.371673968483044,0.0,1906006.0427492512,3.2216402265647823,1.0,1.0,,,,,,,,,,,58map_aug_1_denoised_bispectrum_features.csv
,map_fault,-175.33495836290285,98.98127575365326,-30.66971497622444,35.351265476119735,8.915822997452235,36.61432350343917,-7.961422771852174,9.53560947771028,17.919878138948523,23.992228139115863,7.827811843315333,20.44712815956341,-1.6407028080881685,4049.4926201201074,4260.002093420051,8186.084088486141,0.0440275603011727,0.1099946424365043,-2.3824550298538324e-06,0.002415722667966,5.728336774547309e-05,0.0492622711906493,-0.0002061423159849,0.0386746658960633,2.456476797622718e-05,0.3476354348255761,0.1077463924884796,0.1386298835277557,,,,,,,,,,,,,,,,,,,58map_aug_1_denoised_engine_features.csv
,map_fault,,,,,,,,,,,,,,,,,,,,,,,,,,,,,,,,,,,,,,,,,,,,,,0.0007897920884261649,58map_aug_4_denoised_bispectrum.csv
,map_fault,,,,,,,,,,,,,,,,,,,,,,,,,,,,,1055.5641374415668,0.043270473568649645,5.133988837609761,0.0,1741032.7313987864,2.569698269273561,1.0,1.0,,,,,,,,,,,58map_aug_4_denoised_bispectrum_features.csv
,map_fault,-192.7832664516921,118.21972372660818,-26.563241839094378,20.51108664153019,13.06825139280506,39.2882345132614,-13.873482418517082,15.083779943389205,27.26181064215844,14.93558976539891,4.511341422505901,16.946075625732874,-1.8129011462926228,3511.1913689961525,4015.247298323878,7257.879131130064,0.038875099946695,0.1017609164118766,2.814256865799556e-06,0.0020383105555204,4.34789533737073e-05,0.0355932082981332,0.000163475780927,0.0172426184625861,-0.0009496168396411,0.3280530837539993,0.0996680557727813,0.1288407742977142,,,,,,,,,,,,,,,,,,,58map_aug_4_denoised_engine_features.csv
,map_fault,,,,,,,,,,,,,,,,,,,,,,,,,,,,,,,,,,,,,,,,,,,,,,0.00046987619554371407,58map_aug_5_denoised_bispectrum.csv
,map_fault,,,,,,,,,,,,,,,,,,,,,,,,,,,,,1113.9338329695825,0.04353745348899094,5.192120968058509,0.0,1780682.0741165865,2.842541011492272,1.0,1.0,,,,,,,,,,,58map_aug_5_denoised_bispectrum_features.csv
,map_fault,-192.83407631297024,91.1394877211862,-17.315483515282484,33.77675619481071,12.32049029083612,36.95327601156885,-9.641584816022212,16.958613552782296,29.441159989455308,20.27550458975028,3.3512099745437083,10.614027803496043,-0.2456254178024368,4376.787864539747,4611.463885787039,9027.43536780384,0.04426701592484,0.1012993231415748,1.8674737260977465e-05,0.0056238767992846,8.235715677808449e-05,0.0468455977143029,6.853541545088046e-05,0.0235800624764795,-7.534802453358492e-05,0.3231961534122021,0.0990973487496376,0.1274833381175995,,,,,,,,,,,,,,,,,,,58map_aug_5_denoised_engine_features.csv
,map_fault,,,,,,,,,,,,,,,,,,,,,,,,,,,,,,,,,,,,,,,,,,,,,,0.0027716910935459632,58map_denoised_bispectrum.csv
,map_fault,,,,,,,,,,,,,,,,,,,,,,,,,,,,,360.2488791700174,0.024516833620449995,1.7654570717289768,0.0,205903.77786602447,4.970578049569138,1.0,1.0,,,,,,,,,,,58map_denoised_bispectrum_features.csv
,map_fault,-184.3450805133988,77.7271510642542,-23.533777547889997,43.0756764562736,9.642326500288972,31.512378293151112,-3.6726180417991423,8.605655710420454,22.47939073026685,26.308966454730392,8.42889938136047,16.165321890635994,-2.0257452779771867,4836.941908146072,4705.137346342063,9444.163113006396,0.0498317563965884,0.0924438908696174,-9.411631516960994e-06,0.0074778308540261,6.077159042752264e-05,0.0548407908408743,0.0002025280159056,0.0412770556957615,-0.0024786419216408,0.2825219126561374,0.0901771411299705,0.1145517230033874,,,,,,,,,,,,,,,,,,,58map_denoised_engine_features.csv
,map_fault,,,,,,,,,,,,,,,,,,,,,,,,,,,,,,,,,,,,,,,,,,,,,,0.0018806882234913044,59map_denoised_bispectrum.csv
,map_fault,,,,,,,,,,,,,,,,,,,,,,,,,,,,,16.216384551609206,0.024033089366214847,0.19557349764532148,0.0,2564.4569386727167,8.112993327314225,1.0,78.0,,,,,,,,,,,59map_denoised_bispectrum_features.csv
,map_fault,-162.57348827380648,64.77764764873301,-32.823399409181945,36.06218177919594,5.179177486235791,32.23239508813758,-7.464501304982463,6.478204357549941,20.998753595882977,24.64805568097864,6.446814705889263,19.007551970087544,-1.5663651153052047,5604.422965116777,4789.809875670515,10408.348880597016,0.0627227978411513,0.0819768011569976,2.6362130574095216e-05,0.010809919913953,-8.740501551677659e-05,0.0827667237534001,0.0001088089355558,0.0609417799070998,-0.0026154182616553,0.1979726760622228,0.0788188874721527,0.0951131284236908,,,,,,,,,,,,,,,,,,,59map_denoised_engine_features.csv
,map_fault,,,,,,,,,,,,,,,,,,,,,,,,,,,,,,,,,,,,,,,,,,,,,,0.01095575911202198,60map_denoised_bispectrum.csv
,map_fault,,,,,,,,,,,,,,,,,,,,,,,,,,,,,30.0134855658106,0.032631415377502526,0.31248862736637334,0.0,6519.957782812353,7.972292648333819,1.0,75.0,,,,,,,,,,,60map_denoised_bispectrum_features.csv
,map_fault,-154.49814758459783,69.82348045573866,-30.590497727365182,36.53307583181522,7.718267207240791,33.841202692939426,-7.879410859157382,6.122307420319159,21.540176621669687,24.17489740509264,5.941053376406868,18.84311399302882,-0.6620125990131465,5404.077422667908,4798.774220331889,10212.203491471217,0.0586759978011727,0.0951471254229545,4.613076621727125e-06,0.012545257832811,-0.0001492781309646,0.084499503520006,-0.0003405143739776,0.0582326042288594,-0.0058181246309966,0.2456022613080396,0.0919427052140235,0.1132365092635154,,,,,,,,,,,,,,,,,,,60map_denoised_engine_features.csv
,map_fault,,,,,,,,,,,,,,,,,,,,,,,,,,,,,,,,,,,,,,,,,,,,,,0.00012715806638546957,61map_denoised_bispectrum.csv
,map_fault,,,,,,,,,,,,,,,,,,,,,,,,,,,,,77.90776477167712,0.012508723132462403,0.4550120955415439,0.0,13684.8557973587,6.871674660678278,0.0,1.0,,,,,,,,,,,61map_denoised_bispectrum_features.csv
,map_fault,-186.9305039592053,75.32070822285866,-24.89351017279856,38.77745729466438,11.481667068045304,32.30836477186658,-6.230403067724301,4.803299555215762,18.456808795200764,22.400111659373188,8.137086874404028,16.418325461835355,0.8143288687268283,4850.996041043449,4661.772302752097,9416.677771855013,0.0485657649253731,0.0860743969678878,-1.4546419500942895e-05,0.0075902510121488,5.0748272048143794e-05,0.0534166727979081,-4.752948925127396e-05,0.038474985785747,-0.0032620149721751,0.2772251117872828,0.0836857706308364,0.1065338850021362,,,,,,,,,,,,,,,,,,,61map_denoised_engine_features.csv
,map_fault,,,,,,,,,,,,,,,,,,,,,,,,,,,,,,,,,,,,,,,,,,,,,,0.004343090950268637,62map_denoised_bispectrum.csv
,map_fault,,,,,,,,,,,,,,,,,,,,,,,,,,,,,16.70281819701506,0.019333628468291487,0.15458982836821036,0.0,1603.1283972347444,8.094516348932396,1.0,1.0,,,,,,,,,,,62map_denoised_bispectrum_features.csv
,map_fault,-170.67881550516572,72.70017801633874,-5.195895616033826,43.71767666457292,-20.146887252632197,27.652481973512028,0.3269670319277385,2.846573512628529,9.04633317439375,15.78425204262984,-1.6187600924334276,15.729723618102597,0.7989755630563388,5784.770462532093,4998.601217973588,10845.065964818765,0.07267061733742,0.0760318636894226,-4.962378123276916e-06,0.0096738504579874,-9.827974772300112e-05,0.0732128826157022,0.0004845103199487,0.0538901327912508,0.0002442860472846,0.2139358231703296,0.0743781477212905,0.0931128114461898,,,,,,,,,,,,,,,,,,,62map_denoised_engine_features.csv
,map_fault,,,,,,,,,,,,,,,,,,,,,,,,,,,,,,,,,,,,,,,,,,,,,,0.00012968379877879228,63map_denoised_bispectrum.csv
,map_fault,,,,,,,,,,,,,,,,,,,,,,,,,,,,,439.5284986097559,0.04190929619047835,1.8595567601442264,0.0,228510.23607707987,6.92177723557104,3.0,3.0,,,,,,,,,,,63map_denoised_bispectrum_features.csv
,map_fault,-137.1615414219902,67.76102881201734,-6.040492597883605,46.109106776263936,-21.02605673697805,27.82486955706634,2.3828160691896936,2.390613158526336,7.46815872340057,16.69891410357175,-0.2980907949584029,15.61530908867285,-0.6256118235209596,6097.23237753905,4984.989293643893,11087.236807036248,0.0778220365804904,0.0926997661590576,-1.355516971798428e-05,0.0173052835583409,7.281822220633771e-05,0.1037134349758418,0.0006005416348256,0.0695231657194499,-0.0007124678248062,0.2178477309271014,0.0894397869706153,0.1075838878750801,,,,,,,,,,,,,,,,,,,63map_denoised_engine_features.csv
,map_fault,,,,,,,,,,,,,,,,,,,,,,,,,,,,,,,,,,,,,,,,,,,,,,0.00016425931444660817,64map_denoised_bispectrum.csv
,map_fault,,,,,,,,,,,,,,,,,,,,,,,,,,,,,1111.7914341377023,0.026226951072529692,4.428135799952645,0.0,1295159.7626930713,1.9567598904910988,0.0,1.0,,,,,,,,,,,64map_denoised_bispectrum_features.csv
,map_fault,-218.745260643482,70.73137666827722,1.9489779323622023,47.37839134511355,-13.639617377287388,30.650075960170263,7.534460581306177,5.13297077862252,13.76640681296573,17.250192637917795,2.7431926107066493,16.696151742552857,2.8081616165923045,5304.286468574293,4887.092687149986,10085.5210554371,0.0564365671641791,0.0874117985367775,-4.652076390005511e-06,0.0063683809591774,6.470821810214543e-05,0.0414951530003874,0.0001824845973213,0.0265625601640731,-0.0013427727340312,0.3601974983628624,0.0849102959036827,0.1098255366086959,,,,,,,,,,,,,,,,,,,64map_denoised_engine_features.csv
,map_fault,,,,,,,,,,,,,,,,,,,,,,,,,,,,,,,,,,,,,,,,,,,,,,0.00040811493140726685,65map_denoised_bispectrum.csv
,map_fault,,,,,,,,,,,,,,,,,,,,,,,,,,,,,15.022674066056664,0.023605595054282863,0.18149676134246687,0.0,2212.5291173405844,8.27493340376748,1.0,1.0,,,,,,,,,,,65map_denoised_bispectrum_features.csv
,map_fault,-117.00137353002688,76.49032878529623,-11.520353507705764,40.61772279759018,-23.012732121327417,30.76345206392745,-2.272575716841711,6.024437380196472,8.441747196126412,19.075687068612623,-2.693144143057496,17.750887654387462,-1.6595379169588342,5841.340332206787,5018.753161957012,11099.080490405117,0.0750526802372068,0.1077516451478004,-1.866190064282949e-05,0.0109840652816,0.0002039220673578,0.1019256639651397,-0.0003021597027832,0.0609808076283778,-0.0032523427124816,0.2799272145065452,0.1053079217672348,0.1308296024799347,,,,,,,,,,,,,,,,,,,65map_denoised_engine_features.csv
,map_fault,,,,,,,,,,,,,,,,,,,,,,,,,,,,,,,,,,,,,,,,,,,,,,0.0012300719446782812,66map_denoised_bispectrum.csv
,map_fault,,,,,,,,,,,,,,,,,,,,,,,,,,,,,28.29312064574389,0.017180567253235225,0.1909883063834824,0.0,2428.734347928928,8.06986437662107,1.0,12.0,,,,,,,,,,,66map_denoised_bispectrum_features.csv
,map_fault,-129.37435483539804,80.42572498462324,-14.594586222015224,38.96931230468162,-25.38073152260682,31.84677406424822,-3.46571097862648,6.448992797274841,5.695561639688769,18.719170403332804,-3.58290541684285,18.19039910597602,-3.932177347873775,5781.352384019093,4970.335140556883,11020.272521321962,0.0799261227345415,0.0871886387467384,-6.718187956293245e-06,0.008076258457663,2.4959147305498246e-05,0.0845606053414781,-0.0003033684584767,0.051750195203762,-0.0007784535613566,0.2188693446559183,0.0855611264705658,0.1058292463421821,,,,,,,,,,,,,,,,,,,66map_denoised_engine_features.csv
,map_fault,,,,,,,,,,,,,,,,,,,,,,,,,,,,,,,,,,,,,,,,,,,,,,0.0012589544377641065,67map_denoised_bispectrum.csv
,map_fault,,,,,,,,,,,,,,,,,,,,,,,,,,,,,36.486636075295245,0.02915674864982041,0.22990596011253137,0.0,3547.2848246060485,8.339940472751238,1.0,1.0,,,,,,,,,,,67map_denoised_bispectrum_features.csv
,map_fault,-101.3547801350979,79.55752542803592,-17.482183134065057,38.5259545251476,-24.94622217883666,31.67192959467613,-3.534814040794241,5.811373237251805,4.977501601545448,19.293281548947974,-4.127446736722414,19.09579116619046,-3.086346799833943,5768.432185089588,4970.541718917297,11000.133262260128,0.0808714518923241,0.1111787408590316,-6.613352711391406e-06,0.0084871933845793,8.292059935500843e-05,0.105963869112892,0.0009022782094303,0.0673442982988083,-0.0037080209972342,0.2771288471619668,0.1092542260885238,0.1356890201568603,,,,,,,,,,,,,,,,,,,67map_denoised_engine_features.csv
,map_fault,,,,,,,,,,,,,,,,,,,,,,,,,,,,,,,,,,,,,,,,,,,,,,0.001329147733973274,68map_denoised_bispectrum.csv
,map_fault,,,,,,,,,,,,,,,,,,,,,,,,,,,,,264.8284068497512,0.05421718582425578,1.642415113302364,0.0,178363.13878289395,7.039170844623657,1.0,2.0,,,,,,,,,,,68map_denoised_bispectrum_features.csv
,map_fault,-88.30765627496659,92.03563806309988,-18.78878962379356,32.74366478265228,-28.38062845205347,29.276313146026045,-2.7103147585030807,6.11612032519583,2.3475965601769224,16.572333509625906,-4.679206357563099,16.470291465624,-4.411681556477444,5232.8822488463,4883.025397780853,10283.765325159917,0.0713806803038379,0.1352643221616745,1.3535753014670883e-05,0.008270939380624,0.0003005579346483,0.1028246069739988,0.0003528390800452,0.0712561105536983,-0.001570335326059,0.3637068575959564,0.1331520825624466,0.1690400689840316,,,,,,,,,,,,,,,,,,,68map_denoised_engine_features.csv
,map_fault,,,,,,,,,,,,,,,,,,,,,,,,,,,,,,,,,,,,,,,,,,,,,,0.00010426348707899523,69map_denoised_bispectrum.csv
,map_fault,,,,,,,,,,,,,,,,,,,,,,,,,,,,,126.66359213203856,0.005176395258130465,0.6696097812443793,0.0,29616.639376253017,2.88953398022506,1.0,1.0,,,,,,,,,,,69map_denoised_bispectrum_features.csv
,map_fault,-222.4101675683713,81.38199921560891,-3.70071945544872,37.11262230502484,-15.118006876893467,31.564207207353963,5.204036364505725,5.089980636243431,12.173681177457182,17.333961133648042,3.776430222864744,17.636224319893426,0.9523734520860964,4818.245768134917,4822.937284349784,9728.161647121537,0.0525396871668443,0.0772663280367851,-3.238781354335911e-06,0.0026164011224582,7.98653778022012e-06,0.029287172502368,0.0003544532927933,0.0184130737880546,-0.0023528551011601,0.3052535159100599,0.074855275452137,0.0982259958982467,,,,,,,,,,,,,,,,,,,69map_denoised_engine_features.csv
,map_fault,,,,,,,,,,,,,,,,,,,,,,,,,,,,,,,,,,,,,,,,,,,,,,3.697056743801388e-05,70map_denoised_bispectrum.csv
,map_fault,,,,,,,,,,,,,,,,,,,,,,,,,,,,,252.31100177455303,0.01864067934173451,1.1368110306178174,0.0,85380.67007412268,5.899273280821452,1.0,1.0,,,,,,,,,,,70map_denoised_bispectrum_features.csv
,map_fault,-148.54367974787013,82.26740114017738,-8.745105541691577,40.61625670786759,-20.289559450663496,32.143899759348535,0.7551598306654985,3.87502914150732,7.817327094552658,16.901554071909388,-2.144653825586351,15.58494602772084,-5.181839651269622,5564.487413770815,4964.453266547431,10649.820095948828,0.0743717933768656,0.0823671892285347,2.62157279071956e-06,0.0073142568400381,-7.246873250831638e-05,0.0692417231032605,0.0004422113768396,0.0427251296973806,-0.0029151766852187,0.2493293451262684,0.080056793987751,0.0999564304947853,,,,,,,,,,,,,,,,,,,70map_denoised_engine_features.csv
,map_fault,,,,,,,,,,,,,,,,,,,,,,,,,,,,,,,,,,,,,,,,,,,,,,0.00020767202553614367,71map_denoised_bispectrum.csv
,map_fault,,,,,,,,,,,,,,,,,,,,,,,,,,,,,21.063201491211924,0.019913239227287535,0.21007765817830568,0.0,2941.106459924027,7.930480152634682,1.0,1.0,,,,,,,,,,,71map_denoised_bispectrum_features.csv
,map_fault,-130.68067166437157,81.58558758967847,-11.732669616648042,40.99239747359598,-21.890455413826928,34.878984541442954,0.6728366678893174,5.941198150848167,7.802714408215984,19.758603360918546,-2.0141976147295475,18.470062808019843,-4.700346378876592,5667.487242817523,5000.829977178229,10801.888992537311,0.0732182419376332,0.0907936319708824,-3.549421535932629e-06,0.0082801865353253,4.142263522836219e-05,0.0861093398882451,0.0002755473688808,0.0545882688385444,-0.0032827119817511,0.2240964706312861,0.0894322767853736,0.1104585230350494,,,,,,,,,,,,,,,,,,,71map_denoised_engine_features.csv
,map_fault,,,,,,,,,,,,,,,,,,,,,,,,,,,,,,,,,,,,,,,,,,,,,,0.0009829483362286111,72map_denoised_bispectrum.csv
,map_fault,,,,,,,,,,,,,,,,,,,,,,,,,,,,,12.513919541264858,0.030303591045582647,0.17885890447605626,0.0,2173.5943444334657,8.40021078381917,1.0,1.0,,,,,,,,,,,72map_denoised_bispectrum_features.csv
,map_fault,-96.0985934191582,72.9684524724968,-24.60931009429582,45.63244902945235,-27.766441644216638,37.67750475549983,-4.754026561047871,12.993679045590762,2.102519723516853,22.56221296018329,-9.053380666612943,23.997740494693865,-6.607657363347242,6109.530839702408,4700.626431176675,11161.996934968018,0.1198235940831556,0.124225415289402,-1.1514771021652957e-05,0.0036353584115407,-2.295201650405933e-05,0.1526461702446737,0.0002377722437479,0.1040850227623763,-0.0014846471729435,0.2759557216077212,0.123037502169609,0.1511495560407638,,,,,,,,,,,,,,,,,,,72map_denoised_engine_features.csv
,map_fault,,,,,,,,,,,,,,,,,,,,,,,,,,,,,,,,,,,,,,,,,,,,,,0.00033621834127592,73map_denoised_bispectrum.csv
,map_fault,,,,,,,,,,,,,,,,,,,,,,,,,,,,,275.3988420367881,0.027949323650952863,1.2610287540974128,0.0,105082.28686078353,6.602244144606491,1.0,1.0,,,,,,,,,,,73map_denoised_bispectrum_features.csv
,map_fault,-104.36405743475376,80.46495942281803,-22.37757854710509,44.09262102686923,-24.918822004424094,37.915454565135455,-2.551661791767084,12.447741870958664,2.392784586034485,22.175486850859908,-6.789880709844893,22.68775012985877,-3.181585058894924,5531.88137612752,4837.015290080411,10725.029984008528,0.0802322094882729,0.1331794708967209,-3.324935170645445e-06,0.002818532000327,-9.471989214912222e-05,0.1036739388875288,0.000658161116195,0.0720514502695063,-0.0036112135595857,0.3737194598329144,0.13069649040699,0.166624054312706,,,,,,,,,,,,,,,,,,,73map_denoised_engine_features.csv
,map_fault,,,,,,,,,,,,,,,,,,,,,,,,,,,,,,,,,,,,,,,,,,,,,,0.0006048858486255689,74map_denoised_bispectrum.csv
,map_fault,,,,,,,,,,,,,,,,,,,,,,,,,,,,,114.85052666326406,0.03242285797588264,0.6554875292001319,0.0,28448.304457300543,7.432277603667814,1.0,1.0,,,,,,,,,,,74map_denoised_bispectrum_features.csv
,map_fault,-89.32532498434455,83.94897109778363,-25.22635885877933,48.42936895142197,-21.781837859891773,39.39888576347816,-1.020869238349468,14.647433708436264,-0.6324536451811087,22.425004475837028,-8.120344576300829,23.10177375452746,-5.7326983849564295,5449.866384004845,4793.662254007944,10529.934035181235,0.0865798657382729,0.139056995511055,-1.140925507164078e-05,0.002930004830563,-0.0002465717937991,0.1106135956700815,0.0017726363126548,0.0869270893090704,-0.0022613948756803,0.3761577572553664,0.1380131840705871,0.1747265607118606,,,,,,,,,,,,,,,,,,,74map_denoised_engine_features.csv
,map_fault,,,,,,,,,,,,,,,,,,,,,,,,,,,,,,,,,,,,,,,,,,,,,,0.0040206903438659135,75map_denoised_bispectrum.csv
,map_fault,,,,,,,,,,,,,,,,,,,,,,,,,,,,,40.54078162573042,0.03730316200939198,0.2964362613630132,0.0,5895.928907651844,8.257202269887225,0.0,1.0,,,,,,,,,,,75map_denoised_bispectrum_features.csv
,map_fault,-92.1242928319628,84.69107577258305,-17.788539882156524,43.06780784762847,-22.915738622748638,36.85093848707316,0.1216805305172844,9.930769426720316,1.6141022786649968,20.056416436268425,-5.036629867567766,20.45794585360053,-4.628905115486964,5533.842893615417,4905.281930517936,10718.08368869936,0.0818105343816631,0.126595139503479,4.652133361631296e-06,0.0066725799208094,5.60280132837449e-05,0.1200309841393347,0.0005423071406008,0.0956272071063771,-0.0051624417598672,0.3083991498182296,0.1250704377889633,0.1557701230049133,,,,,,,,,,,,,,,,,,,75map_denoised_engine_features.csv
,map_fault,,,,,,,,,,,,,,,,,,,,,,,,,,,,,,,,,,,,,,,,,,,,,,1.5394771095610614e-05,76map_denoised_bispectrum.csv
,map_fault,,,,,,,,,,,,,,,,,,,,,,,,,,,,,29.384434366274927,0.002813276892437225,0.132777453692635,0.0,1164.9568551443035,6.2249196907416495,1.0,1.0,,,,,,,,,,,76map_denoised_bispectrum_features.csv
,map_fault,-187.24925790791863,73.52914012634118,-19.177425189887337,42.78342683105195,-18.14933751638534,32.06904564499287,3.039932974753664,8.221397032340365,4.316481499312559,18.325170433675844,-3.938579683919281,19.125191306905027,-2.600911743748948,5710.8110537000775,4819.413548603193,10803.388192963752,0.0955500816231343,0.0513245351612567,-6.645445115749627e-06,0.0011746586367933,6.660815386098882e-05,0.0434585611173779,-0.0001714256417897,0.0384324368367543,-0.0030456212149824,0.1860218893955418,0.0503038167953491,0.0639512240886688,,,,,,,,,,,,,,,,,,,76map_denoised_engine_features.csv
,map_fault,,,,,,,,,,,,,,,,,,,,,,,,,,,,,,,,,,,,,,,,,,,,,,0.0001260916346169125,77map_denoised_bispectrum.csv
,map_fault,,,,,,,,,,,,,,,,,,,,,,,,,,,,,18.06282864324625,0.0014865480933544644,0.07738244408144225,0.0,395.65018586997695,6.481899488429868,1.0,1.0,,,,,,,,,,,77map_denoised_bispectrum_features.csv
,map_fault,-201.5520679017149,84.34798306229081,-9.23342888922524,37.289329065570655,-14.00907244239555,31.14793866211977,3.553653045618213,3.177014452244992,6.034744748942929,13.11392041853581,-2.0340985745704425,14.352703046634126,-0.9912596987462682,5165.114561532431,4853.574515278625,10214.402318763328,0.0699897554637526,0.0578872524201869,-5.267546306953162e-06,0.0019165363555881,-3.860222235252744e-05,0.0307816934872319,-0.0001366371427438,0.0213140943610535,-0.0021265046872348,0.2781521193649739,0.0564926415681839,0.0733028426766395,,,,,,,,,,,,,,,,,,,77map_denoised_engine_features.csv
,map_fault,,,,,,,,,,,,,,,,,,,,,,,,,,,,,,,,,,,,,,,,,,,,,,0.006741342016066768,78map_denoised_bispectrum.csv
,map_fault,,,,,,,,,,,,,,,,,,,,,,,,,,,,,134.2516048427927,0.045350887590100565,0.687390720820464,0.0,31344.39217356665,7.952512521407272,1.0,1.0,,,,,,,,,,,78map_denoised_bispectrum_features.csv
,map_fault,-80.19514544333929,92.10153388335848,-15.220325350187148,42.53617653824007,-21.520959893927195,38.86983265415357,-2.876535902884387,9.94643119329215,1.6934322585968815,19.71514613261804,-4.463602036821504,19.39326316329164,-4.510086261989936,5305.380332990534,4942.702219508939,10597.098214285714,0.0689923707356076,0.1457216292619705,5.727851822185139e-06,0.007694208535531,-0.000373865586796,0.111688318702902,0.0003027618814075,0.0723019464186638,-0.0034719262793201,0.3829124213172596,0.1442714184522628,0.180973008275032,,,,,,,,,,,,,,,,,,,78map_denoised_engine_features.csv
,map_fault,,,,,,,,,,,,,,,,,,,,,,,,,,,,,,,,,,,,,,,,,,,,,,0.0008798489487945469,79map_denoised_bispectrum.csv
,map_fault,,,,,,,,,,,,,,,,,,,,,,,,,,,,,201.4543501215388,0.024922921041038527,1.0566932322639235,0.0,73791.37864618549,6.231386810274538,0.0,1.0,,,,,,,,,,,79map_denoised_bispectrum_features.csv
,map_fault,-100.76154597227752,102.73107254098537,-19.817242025079462,39.84320684992301,-24.58225517539073,39.56015704368062,-2.9777740343003707,13.809297848066263,1.4133452077166493,20.60159283189509,-5.932258471740021,22.2264531113136,-1.827338743418372,4569.467541085843,4780.179567937432,9704.924040511729,0.043828708022388,0.181007370352745,4.357301336912081e-06,0.002735769485768,6.766589921795891e-05,0.0736990070192449,0.0001709076543013,0.052105432105189,-0.0019034280141601,0.5316175921667508,0.1798661947250366,0.2401802390813827,,,,,,,,,,,,,,,,,,,79map_denoised_engine_features.csv
,map_fault,,,,,,,,,,,,,,,,,,,,,,,,,,,,,,,,,,,,,,,,,,,,,,0.001260458526473559,80map_denoised_bispectrum.csv
,map_fault,,,,,,,,,,,,,,,,,,,,,,,,,,,,,1486.8681421647589,0.10204697476654064,7.277282002517259,0.0,3498565.7904280936,4.225861526626007,2.0,2.0,,,,,,,,,,,80map_denoised_bispectrum_features.csv
,map_fault,-87.02997015153251,105.09194880680424,-18.400178269035887,36.80137942783755,-25.33601375535295,35.42930293367577,-5.644712433207642,9.026711253615222,-1.2726084478373103,15.283621297887382,-9.33142894970398,16.56617041571236,-5.7114871508493925,4835.788534745971,4790.264225215252,9956.289978678038,0.0693286497201492,0.1339537352323532,5.66281744934206e-06,0.0049308359626597,5.2178528218454695e-05,0.0830398642048061,-0.000398895185012,0.0573590533986973,-0.0015144433292523,0.3824560255289956,0.1328046321868896,0.1686172038316726,,,,,,,,,,,,,,,,,,,80map_denoised_engine_features.csv
,map_fault,,,,,,,,,,,,,,,,,,,,,,,,,,,,,,,,,,,,,,,,,,,,,,0.000830386468161904,81map_denoised_bispectrum.csv
,map_fault,,,,,,,,,,,,,,,,,,,,,,,,,,,,,612.8051656358111,0.050725530883087275,3.217920568984788,0.0,684108.1889809191,5.312130879029412,2.0,3.0,,,,,,,,,,,81map_denoised_bispectrum_features.csv
,map_fault,-92.6478751236302,103.164182685312,-15.598628107920204,39.96584057642583,-25.131261219212742,36.22942377290508,-5.959935287283563,8.131979462555385,-2.7386469260147983,14.62009352624845,-10.257500477628296,16.580797467591964,-6.059223691438111,4933.393111016705,4802.2300323923455,10022.504664179103,0.0721896238672707,0.1324216425418853,-1.0361239266379744e-05,0.0042160981203926,-7.368162981992546e-05,0.0869290053979768,-0.0005037782790312,0.0607366673393708,-0.002020557668805,0.3816315469601483,0.1313037872314453,0.1662853509187698,,,,,,,,,,,,,,,,,,,81map_denoised_engine_features.csv
,map_fault,,,,,,,,,,,,,,,,,,,,,,,,,,,,,,,,,,,,,,,,,,,,,,0.00019992716672462065,82map_denoised_bispectrum.csv
,map_fault,,,,,,,,,,,,,,,,,,,,,,,,,,,,,23.411142079427766,0.013434995285157838,0.18272587961610265,0.0,2217.215140928992,7.815550757973389,2.0,2.0,,,,,,,,,,,82map_denoised_bispectrum_features.csv
,map_fault,-106.74452538867318,97.2432015698814,-23.84269446863321,45.09591374793938,-31.15680944668364,41.43191821101809,-11.76206178306224,16.330191481352667,-4.982962311564904,20.31018679259056,-14.31258710120744,20.438788194380862,-6.609091652334331,5412.376851145087,4855.67600951344,10800.089952025586,0.0870348314232409,0.0928807854652404,3.587764633613908e-06,0.0019169016125306,0.0002084776202331,0.0782080724046694,-0.000433351915616,0.0537704886271868,-0.0011644134028589,0.2376623484572198,0.0923626571893692,0.115568995475769,,,,,,,,,,,,,,,,,,,82map_denoised_engine_features.csv
,map_fault,,,,,,,,,,,,,,,,,,,,,,,,,,,,,,,,,,,,,,,,,,,,,,0.00040785738641093246,83map_denoised_bispectrum.csv
,map_fault,,,,,,,,,,,,,,,,,,,,,,,,,,,,,89.0813593585844,0.03382082006769418,0.740721500185139,0.0,36314.545251880554,6.931574787229335,1.0,5.0,,,,,,,,,,,83map_denoised_bispectrum_features.csv
,map_fault,-79.44185880155504,102.36977237335483,-21.198792536460587,38.91879684363099,-30.19162959009444,38.35297260611956,-8.633420293043955,14.8995980096086,-2.5799578328083044,17.20927973105099,-11.383891162263982,17.311269146882463,-4.433528545759406,5007.9724284484855,4795.126125881146,10341.83435501066,0.0743915744936034,0.1419782191514969,1.9861558944370538e-06,0.0021542414469104,9.8662464188106e-05,0.0895188075854384,-0.0003130785383961,0.0581425428894072,-0.0007988135787022,0.4128709615550237,0.1409714818000793,0.178345501422882,,,,,,,,,,,,,,,,,,,83map_denoised_engine_features.csv
,map_fault,,,,,,,,,,,,,,,,,,,,,,,,,,,,,,,,,,,,,,,,,,,,,,0.007517463583505382,84map_denoised_bispectrum.csv
,map_fault,,,,,,,,,,,,,,,,,,,,,,,,,,,,,698.8254585422068,0.08647886608637313,3.3113407927600567,0.0,724719.7754106051,6.935615116675412,1.0,1.0,,,,,,,,,,,84map_denoised_bispectrum_features.csv
,map_fault,-106.5966997698379,59.507333967989126,-43.10153203464844,45.0459076995863,21.681300732917805,35.395001620523665,1.0625390552201897,4.106733623570366,7.877972159355181,29.200769627386368,12.86030325571478,23.59378355571418,6.792892786483292,5245.90953908952,4826.035818824251,10223.347547974414,0.0759490771588486,0.1460493206977844,-2.5453427638623428e-05,0.0227580883559151,-0.0001090030580465,0.0866347383158596,-0.0001698316048977,0.1183493118408401,-0.0015524756515804,0.3952599240675329,0.143707200884819,0.1805402189493179,,,,,,,,,,,,,,,,,,,84map_denoised_engine_features.csv
,map_fault,,,,,,,,,,,,,,,,,,,,,,,,,,,,,,,,,,,,,,,,,,,,,,0.004071360626453726,85map_denoised_bispectrum.csv
,map_fault,,,,,,,,,,,,,,,,,,,,,,,,,,,,,536.034861516487,0.04651606479325808,3.0867736394667653,0.0,629469.1126360233,5.615949958672193,1.0,1.0,,,,,,,,,,,85map_denoised_bispectrum_features.csv
,map_fault,-141.40806226428091,57.77330570143027,-40.5366285335176,49.19342989713602,23.14032577605995,38.8012367949072,6.293958755192085,8.71829521941246,9.5692129011169,30.00371623778941,12.21561466462515,24.570272044183376,8.666164904667847,5007.495429030344,4795.562790794768,9930.453757995736,0.0587655333821961,0.1364159882068634,-1.8941603530389555e-05,0.0165823593949722,-3.746062899283408e-05,0.0658609915658238,0.0001390853332078,0.0877190217846008,0.0009968020629574,0.3876077143456046,0.1343352049589157,0.1734794229269027,,,,,,,,,,,,,,,,,,,85map_denoised_engine_features.csv
,map_fault,,,,,,,,,,,,,,,,,,,,,,,,,,,,,,,,,,,,,,,,,,,,,,0.00405178134345471,86map_denoised_bispectrum.csv
,map_fault,,,,,,,,,,,,,,,,,,,,,,,,,,,,,59.154785004727074,0.06486652759991492,0.5055285112762079,0.0,17157.333550020317,8.189533623393878,1.0,1.0,,,,,,,,,,,86map_denoised_bispectrum_features.csv
,map_fault,-117.28854904967253,49.9389104969744,-43.38063832457454,46.9320085306606,18.80792594018208,37.34508857519706,1.6876139435133974,5.313645989665105,5.972323596584482,28.760959550627717,10.603404063618546,22.66996371094488,7.967360169857871,5625.741889154468,4807.961952151693,10599.8967217484,0.0855793576759061,0.1225464195013046,-1.207914156811394e-05,0.0247146901292047,0.0001463891621439,0.0958771738358598,-0.0006460107327486,0.1160251865173912,0.0001531625566845,0.30461883302492,0.1201518326997757,0.1479689478874206,,,,,,,,,,,,,,,,,,,86map_denoised_engine_features.csv
,map_fault,,,,,,,,,,,,,,,,,,,,,,,,,,,,,,,,,,,,,,,,,,,,,,0.0015183439351360692,87map_denoised_bispectrum.csv
,map_fault,,,,,,,,,,,,,,,,,,,,,,,,,,,,,410.8299134676069,0.06743523703542152,1.815343718605938,0.0,217963.04263588588,7.344819939027428,1.0,1.0,,,,,,,,,,,87map_denoised_bispectrum_features.csv
,map_fault,-120.79878800505529,60.32225729955256,-37.03441918722622,48.79895559474427,20.45594769564993,38.436764924022846,-2.392708544856474,2.98167062112294,5.482213135861426,28.6199179077977,9.451038317307322,18.352231402348007,4.442110945271673,5267.214348973356,4786.060671551159,10246.735074626866,0.0743280666977612,0.1346664577722549,1.3888332762494083e-05,0.0241275906839767,-0.0002391805791692,0.0875478805899421,-0.0006048788419841,0.0996529494577571,-0.0010518714366781,0.3641235373929678,0.132681742310524,0.1661255210638046,,,,,,,,,,,,,,,,,,,87map_denoised_engine_features.csv
,map_fault,,,,,,,,,,,,,,,,,,,,,,,,,,,,,,,,,,,,,,,,,,,,,,0.0028152351669540215,88map_denoised_bispectrum.csv
,map_fault,,,,,,,,,,,,,,,,,,,,,,,,,,,,,33.20937296697858,0.0467390924626435,0.3268995774443826,0.0,7202.503194786511,8.198175088593391,0.0,1.0,,,,,,,,,,,88map_denoised_bispectrum_features.csv
,map_fault,-136.5342684519198,48.233655169954105,-51.03435507720443,41.3767110721748,14.352256143550983,35.549615019512586,-1.5974905907267396,1.517823903100123,5.571037474466331,25.53047532937841,9.609774130101489,20.907825270201823,5.23767453687468,5761.889388428307,4699.3708476589945,10516.241337953092,0.1036801206023454,0.0861294418573379,4.248652216529438e-05,0.0180051053159936,0.0001380277526648,0.0864868860584224,-0.0008404502245934,0.0974794674429154,-0.0006957917133722,0.1897899243789678,0.083438441157341,0.0975632965564727,,,,,,,,,,,,,,,,,,,88map_denoised_engine_features.csv
,map_fault,,,,,,,,,,,,,,,,,,,,,,,,,,,,,,,,,,,,,,,,,,,,,,0.0009323972164596808,89map_denoised_bispectrum.csv
,map_fault,,,,,,,,,,,,,,,,,,,,,,,,,,,,,107.78985422492158,0.028867741243575797,0.5527601230375113,0.0,20235.90108483191,7.74162355600718,0.0,0.0,,,,,,,,,,,89map_denoised_bispectrum_features.csv
,map_fault,-157.08000074831506,55.77892882884453,-40.90226467467895,43.79590169976404,16.332124494716787,35.183164332751616,-5.209921955227312,-5.208717607957388,1.558455326651759,19.57004922242356,4.77171027719025,16.294119375147133,2.7378228664901143,5597.925828769245,4737.285746736083,10435.284514925374,0.0926786963619403,0.0808305144309997,-1.562225817042168e-05,0.0161173726394214,0.0001573855887053,0.0671702822700381,-0.0001754418236703,0.0699063695265406,0.0008826455288822,0.2375178762654183,0.078577421605587,0.0949711725115776,,,,,,,,,,,,,,,,,,,89map_denoised_engine_features.csv
,map_fault,,,,,,,,,,,,,,,,,,,,,,,,,,,,,,,,,,,,,,,,,,,,,,0.0037861092724010594,90map_denoised_bispectrum.csv
,map_fault,,,,,,,,,,,,,,,,,,,,,,,,,,,,,20.96193116361028,0.07049016687127553,0.3924039555859236,0.0,10498.47058368257,8.32474587214804,1.0,2.0,,,,,,,,,,,90map_denoised_bispectrum_features.csv
,map_fault,-121.9882914079288,57.20301250217282,-44.74276632745612,41.48919219940315,11.739677616231369,37.93718704990862,-3.772964477867213,-3.5982027425659324,0.0061695502693659,19.0397826137584,3.966920845529331,17.903695049863973,2.082966980662437,5674.410215426439,4676.3451247880585,10387.460021321962,0.0997884461620469,0.0976457074284553,6.56038857724602e-06,0.0216290278570879,0.0002274197102847,0.0989019535717199,0.0004085570573072,0.0974880453044956,-0.0024525782672955,0.2228130257996037,0.0943547189235687,0.1109971180558204,,,,,,,,,,,,,,,,,,,90map_denoised_engine_features.csv
,map_fault,,,,,,,,,,,,,,,,,,,,,,,,,,,,,,,,,,,,,,,,,,,,,,0.0014191871231910638,91map_denoised_bispectrum.csv
,map_fault,,,,,,,,,,,,,,,,,,,,,,,,,,,,,216.38877595091844,0.05814024697551348,1.2247147629310295,0.0,99291.89358513647,7.656038022883533,2.0,3.0,,,,,,,,,,,91map_denoised_bispectrum_features.csv
,map_fault,-129.454944238875,62.19902714782141,-44.05605213729713,41.067984404282576,14.812106981384211,38.32861745198662,-4.500509801025135,-7.084231408984606,-0.5408047294127026,15.834406181545589,1.660151053703335,18.234919376439585,1.0809120167414408,5388.159562302894,4673.011116667094,10038.496135394456,0.0890181486540511,0.1018653437495231,-3.771129872971718e-06,0.018949710252276,-5.325452696679291e-05,0.0895102670689259,0.0005463426449756,0.0893912051544303,-0.0022097771770941,0.2581071045385663,0.0992926880717277,0.1203213408589363,,,,,,,,,,,,,,,,,,,91map_denoised_engine_features.csv
,map_fault,,,,,,,,,,,,,,,,,,,,,,,,,,,,,,,,,,,,,,,,,,,,,,0.0022100422322833425,92map_denoised_bispectrum.csv
,map_fault,,,,,,,,,,,,,,,,,,,,,,,,,,,,,243.18442171228517,0.05732201102251127,1.3424187212707923,0.0,119243.13650492638,7.4135833282576815,1.0,2.0,,,,,,,,,,,92map_denoised_bispectrum_features.csv
,map_fault,-129.8488723010457,60.36653564870672,-44.96167431867182,37.34157893749712,12.719500311844255,37.24874479033214,-5.09539195105516,-3.46630322705618,6.906043497075016,20.73770576713043,5.925272994283763,22.340185158588,5.47349604998823,5454.102680528373,4724.239538486754,10185.267857142857,0.0896282399386993,0.0991790443658828,2.6305350944792883e-05,0.0190359350139175,0.0001068586125572,0.0840837933612931,0.000406549313168,0.0844725067261439,-0.002618078935307,0.2588480157530691,0.096773162484169,0.1179451271891594,,,,,,,,,,,,,,,,,,,92map_denoised_engine_features.csv
,map_fault,,,,,,,,,,,,,,,,,,,,,,,,,,,,,,,,,,,,,,,,,,,,,,6.137307135858695e-05,93map_denoised_bispectrum.csv
,map_fault,,,,,,,,,,,,,,,,,,,,,,,,,,,,,29.943286375509302,0.020252243328652338,0.22120928655242433,0.0,3259.1021613028106,7.875880927759283,2.0,2.0,,,,,,,,,,,93map_denoised_bispectrum_features.csv
,map_fault,-154.60908919800343,68.29482214682194,-38.08576197185651,44.91330040898561,16.67800524339658,37.94035915637282,1.923096972954671,-5.769801322071368,3.02852833531951,17.979983657603608,4.844753971645536,21.720948146703755,4.215137034306422,4914.521151869439,4660.933848361276,9398.287579957356,0.0677763526119403,0.1020667850971221,-8.916133069456336e-07,0.0109895372932342,0.0001492977328184,0.0611907215049203,-0.0001068400118492,0.0663047316706972,-0.0027029046760431,0.3162810564575132,0.1000539138913154,0.1281044781208038,,,,,,,,,,,,,,,,,,,93map_denoised_engine_features.csv
,map_fault,,,,,,,,,,,,,,,,,,,,,,,,,,,,,,,,,,,,,,,,,,,,,,0.0016933627794221387,94map_denoised_bispectrum.csv
,map_fault,,,,,,,,,,,,,,,,,,,,,,,,,,,,,107.40802482726728,0.05119182628935796,0.6946525126143198,0.0,32044.51225287667,7.83245608707668,0.0,0.0,,,,,,,,,,,94map_denoised_bispectrum_features.csv
,map_fault,-132.21465818137978,63.60836013192072,-40.70208241163789,42.69174074260572,16.580997948073705,41.17954318913701,2.412944253331329,-1.3959502927489749,7.990817010822342,22.53689660876157,7.097728135686455,25.40497025352728,8.83569539578244,5083.274817653539,4721.333710602073,9750.849546908315,0.0683604161114072,0.1196673437952995,-2.1859389019101925e-06,0.0158003922513455,2.836576812834765e-05,0.083460861163352,0.0003222864167957,0.0839535397389766,0.0009021343153301,0.3378097726534189,0.1174069941043853,0.1487367898225784,,,,,,,,,,,,,,,,,,,94map_denoised_engine_features.csv
,map_fault,,,,,,,,,,,,,,,,,,,,,,,,,,,,,,,,,,,,,,,,,,,,,,0.00383492099764434,95map_denoised_bispectrum.csv
,map_fault,,,,,,,,,,,,,,,,,,,,,,,,,,,,,346.3860735237683,0.03420583185909774,1.713256968552981,0.0,193947.57018356473,5.939572857645588,1.0,1.0,,,,,,,,,,,95map_denoised_bispectrum_features.csv
,map_fault,-158.21722103989185,64.32400372475871,-36.72416832451788,44.85724244489677,18.37361474776253,39.69191279460955,2.990671420289462,-0.1782924463109938,11.360366556382454,25.154075169113167,10.265811444269534,25.76280415316376,9.26207608684808,4867.952227690561,4725.213430987399,9545.858875266524,0.0602741038113006,0.117825910449028,-1.9772835171196896e-05,0.0125911587794799,-2.445508540666409e-05,0.0597339271863505,-9.77146659594432e-05,0.0638875943855848,0.0006707078029612,0.3755168452891294,0.1156482547521591,0.1491913944482803,,,,,,,,,,,,,,,,,,,95map_denoised_engine_features.csv
,map_fault,,,,,,,,,,,,,,,,,,,,,,,,,,,,,,,,,,,,,,,,,,,,,,6.570895656973963e-05,96map_denoised_bispectrum.csv
,map_fault,,,,,,,,,,,,,,,,,,,,,,,,,,,,,521.6851033000718,0.05460226044674604,2.717523032091845,0.0,487964.2549575093,4.920324829915023,1.0,1.0,,,,,,,,,,,96map_denoised_bispectrum_features.csv
,map_fault,-177.18680480827015,79.71576699322804,-30.440702790125265,46.255431132002485,17.35852635386145,39.93804540250014,3.846885430728874,-0.746089232119614,9.170771342614255,24.747882977690885,6.694210436655518,23.103885541697583,5.403293700280633,4517.4480621926505,4545.584137886226,8918.293576759062,0.0568550939498933,0.1054945811629295,-1.6646510894696953e-05,0.0098370213334623,9.424401418725296e-05,0.0483809378988144,0.0001251091521871,0.0500091573414516,-0.0032953090785068,0.3408493428656985,0.1034776642918586,0.1319756507873535,,,,,,,,,,,,,,,,,,,96map_denoised_engine_features.csv
,map_fault,,,,,,,,,,,,,,,,,,,,,,,,,,,,,,,,,,,,,,,,,,,,,,0.0014717494277424388,97map_denoised_bispectrum.csv
,map_fault,,,,,,,,,,,,,,,,,,,,,,,,,,,,,140.06604396669437,0.041695498937657005,0.7849700314000823,0.0,40812.764585418394,7.705418902397515,0.0,0.0,,,,,,,,,,,97map_denoised_bispectrum_features.csv
,map_fault,-137.43207748103487,63.289542944647415,-41.23792863733343,41.81332732199438,13.422801426964194,37.85931894634299,0.7221431864143867,-1.7764244770521205,8.341369881252401,24.78069353646389,9.354928851186248,24.824771828370785,6.551165182714128,5280.242966305431,4730.359208325929,9971.981609808105,0.0794243070362473,0.0986737236380577,-5.49272996645352e-07,0.0152411244595928,0.0002485055436494,0.0800847061493,0.0006624994487812,0.0837817321945288,0.0010525742915588,0.26712364474646,0.0964809134602546,0.1187620684504509,,,,,,,,,,,,,,,,,,,97map_denoised_engine_features.csv
,map_fault,,,,,,,,,,,,,,,,,,,,,,,,,,,,,,,,,,,,,,,,,,,,,,0.001068839023894186,98map_denoised_bispectrum.csv
,map_fault,,,,,,,,,,,,,,,,,,,,,,,,,,,,,942.0305124888072,0.05555217867727556,5.1140447864018075,0.0,1727613.3185100055,3.3105551436496765,1.0,1.0,,,,,,,,,,,98map_denoised_bispectrum_features.csv
,map_fault,-196.7520398907385,83.70310296473363,-21.692385362543504,44.27147598095697,19.18648223112568,35.624099422080135,-0.1435079218776562,-3.6719243298266857,9.411117232549874,21.984247965743577,9.220408844682796,21.2999844882024,7.897061833350243,3929.1778794651336,4231.735919911302,7811.383928571428,0.0491258828624733,0.1590205579996109,-2.0277444952145422e-06,0.00921461049437,-7.721129182809168e-05,0.041127973773668,6.665532548001144e-05,0.043266387080975,0.0001763875773426,0.5765231432620017,0.1540480256080627,0.2062544375658035,,,,,,,,,,,,,,,,,,,98map_denoised_engine_features.csv
,map_fault,,,,,,,,,,,,,,,,,,,,,,,,,,,,,,,,,,,,,,,,,,,,,,0.010471875474803575,99map_denoised_bispectrum.csv
,map_fault,,,,,,,,,,,,,,,,,,,,,,,,,,,,,262.20656024002807,0.06780547261997148,1.1896889619940536,0.0,93786.76686792061,7.572281461977038,1.0,1.0,,,,,,,,,,,99map_denoised_bispectrum_features.csv
,map_fault,-124.79221505469972,73.14069741797138,-33.593849955306986,45.26760191005035,15.221649951223178,38.82718652908645,-3.2767161123283577,-4.992478232676238,6.180806834905286,22.73362309896235,5.489826737362368,22.067418337928327,5.440129672055547,4936.029937921575,4719.638587423102,9621.91831023454,0.0672776602478678,0.129123106598854,-1.9190376172836683e-05,0.017118184841572,8.763297823637475e-05,0.0847689181057652,-0.0003027230331523,0.0835624923278688,-0.0023704366326996,0.360698221950237,0.1269893497228622,0.1592189818620681,,,,,,,,,,,,,,,,,,,99map_denoised_engine_features.csv
,map_fault,,,,,,,,,,,,,,,,,,,,,,,,,,,,,,,,,,,,,,,,,,,,,,0.0001209584763463862,map1_denoised_bispectrum.csv
,map_fault,,,,,,,,,,,,,,,,,,,,,,,,,,,,,596.5958267512203,0.043559021256147294,3.5603594443294924,0.0,837372.9710177907,3.589115816750663,1.0,1.0,,,,,,,,,,,map1_denoised_bispectrum_features.csv
,map_fault,-186.5808057181658,156.66041547605576,-38.04935153724565,20.498451825865192,2.6492620284075903,19.28414004531582,-5.757203388658156,5.752167622284696,1.2630076280931224,5.762690147762827,-7.613103422924135,4.635171779871907,-10.679715301995962,2638.457101523484,3395.7568258229835,5062.899786780384,0.0464148287579957,0.086151897907257,7.844870516022152e-07,0.0006376757883029,1.35236504242855e-05,0.014297540884013,6.167605814570293e-05,0.042696888088644,-0.0003172896760094,0.2961975077230674,0.0858272314071655,0.1090563237667083,,,,,,,,,,,,,,,,,,,map1_denoised_engine_features.csv
,map_fault,,,,,,,,,,,,,,,,,,,,,,,,,,,,,,,,,,,,,,,,,,,,,,1.0446064504884632e-05,map2_denoised_bispectrum.csv
,map_fault,,,,,,,,,,,,,,,,,,,,,,,,,,,,,80.5068343437539,0.02671861668817957,0.5715259329144777,0.0,21621.521680165704,6.215490181730512,4.0,4.0,,,,,,,,,,,map2_denoised_bispectrum_features.csv
,map_fault,-211.6078297846496,150.05869725448056,-39.92972365226368,18.015918055652417,-3.394590477333317,16.112379503376058,-5.595194631842878,3.6047542850617775,-2.599873469405373,2.258997955308806,-8.765131604703152,3.431746633948285,-9.792487305673358,2860.966963119085,3509.8336338707177,5476.375679347826,0.0541556980298913,0.0529279671609401,1.2757685452080333e-06,0.0023220369653043,2.728030260048909e-05,0.0212596234345963,-0.0003364095056331,0.0349719164458779,-0.0001739089744911,0.16759112123933,0.0519029609858989,0.0642892941832542,,,,,,,,,,,,,,,,,,,map2_denoised_engine_features.csv
,map_fault,,,,,,,,,,,,,,,,,,,,,,,,,,,,,,,,,,,,,,,,,,,,,,8.463470506901175e-05,map3_denoised_bispectrum.csv
,map_fault,,,,,,,,,,,,,,,,,,,,,,,,,,,,,2208.1423390704854,0.12137159427474967,11.032925506069976,0.0,8040816.9035395235,3.3980886235696017,1.0,1.0,,,,,,,,,,,map3_denoised_bispectrum_features.csv
,map_fault,-150.07961798212472,169.3733469111053,-43.16581240574917,18.6664583910693,-1.807945170952139,14.630519331853254,-5.910071071393223,1.2662947590860525,-4.713130644958144,1.5735207696949165,-10.096644991635683,7.110673496549526,-11.961775182563557,2458.3463364958884,3174.510696859664,4446.891622340426,0.0468386386303191,0.108586311340332,8.007127803860486e-07,0.0016306378160108,4.087520923200773e-05,0.0248716702293652,-6.035789816568243e-05,0.040544017692462,0.000190996882918,0.3428316621313664,0.1078133955597877,0.1362120807170868,,,,,,,,,,,,,,,,,,,map3_denoised_engine_features.csv
,map_fault,,,,,,,,,,,,,,,,,,,,,,,,,,,,,,,,,,,,,,,,,,,,,,0.00011992213419248318,map4_denoised_bispectrum.csv
,map_fault,,,,,,,,,,,,,,,,,,,,,,,,,,,,,1333.3491810132368,0.11256381582418788,6.9437097529538185,0.0,3185396.3602408753,4.421221397519959,1.0,1.0,,,,,,,,,,,map4_denoised_bispectrum_features.csv
,map_fault,-107.28272636845723,169.66837110928154,-45.37638957904608,22.282122610034367,1.5080086845420757,20.320141451187634,-4.752937841824634,6.362234279399944,-4.155456860516878,3.3885142944917663,-10.409933282478825,8.73142794497861,-13.99496433723661,2435.388865966766,3204.4086586108733,4471.665111940299,0.0399464035847548,0.1721745431423187,-3.309267983240732e-07,0.0001381232345244,-5.199088064829025e-05,0.0177658758356039,-2.4961266619818468e-05,0.0689109915014499,-0.0003672147018867,0.5163074985481312,0.1719181537628173,0.2204819619655609,,,,,,,,,,,,,,,,,,,map4_denoised_engine_features.csv
,map_fault,,,,,,,,,,,,,,,,,,,,,,,,,,,,,,,,,,,,,,,,,,,,,,5.528116982883535e-05,map5_denoised_bispectrum.csv
,map_fault,,,,,,,,,,,,,,,,,,,,,,,,,,,,,198.4543022298068,0.03625000898447418,1.7151079506526083,0.0,194376.2193637805,4.673240679725301,1.0,3.0,,,,,,,,,,,map5_denoised_bispectrum_features.csv
,map_fault,-157.32293161055532,156.3797889557119,-39.1584113561506,22.66758198134475,-2.453941143064538,20.72544931063862,-7.684584943447799,6.805511690084095,-4.389759745638427,2.8346786287211363,-9.218810234773864,4.845489404442929,-12.663652532209744,2752.2375302818227,3500.8711920165565,5337.003598081024,0.0491935551039445,0.0943488329648971,-2.6610573456896788e-06,0.0009590396528464,-9.348590182897976e-06,0.0175565711446549,-0.0001622763340799,0.0443753413701148,0.000327893696616,0.3041704505113937,0.0940184667706489,0.1184031814336776,,,,,,,,,,,,,,,,,,,map5_denoised_engine_features.csv
,map_fault,,,,,,,,,,,,,,,,,,,,,,,,,,,,,,,,,,,,,,,,,,,,,,9.92383420283302e-05,map6_denoised_bispectrum.csv
,map_fault,,,,,,,,,,,,,,,,,,,,,,,,,,,,,532.303325500976,0.05056962050541325,3.349572725792059,0.0,741214.7398464772,4.228648541577588,1.0,1.0,,,,,,,,,,,map6_denoised_bispectrum_features.csv
,map_fault,-151.368120438372,161.1188906152336,-36.15031424926674,23.87274694815108,2.256955617868683,21.324460955512567,-2.539908739463525,8.093606274062878,-2.157069965847586,3.145433827619528,-7.320702273837096,4.667291835192652,-10.993146228801082,2495.6709434722247,3358.274640734713,4781.449893390192,0.0413144239738806,0.1152082681655883,-1.352930942346579e-07,0.0005700746290544,7.652555569005039e-05,0.0156562554812367,-2.1160770688019286e-05,0.0499841319212663,0.0004304235004599,0.380507911744851,0.1148397028446197,0.145893394947052,,,,,,,,,,,,,,,,,,,map6_denoised_engine_features.csv
,map_fault,,,,,,,,,,,,,,,,,,,,,,,,,,,,,,,,,,,,,,,,,,,,,,0.00016720168616078467,map7_denoised_bispectrum.csv
,map_fault,,,,,,,,,,,,,,,,,,,,,,,,,,,,,81.47536476294168,0.04136547096909154,0.9136945937270072,0.0,55253.219141160975,5.792797183798588,4.0,4.0,,,,,,,,,,,map7_denoised_bispectrum_features.csv
,map_fault,-221.01202167805565,139.28643718365063,-31.38399450614257,22.568922635249827,0.0260558502928971,19.78292314295386,-4.72132135364393,6.35434340966768,-0.4764004410098691,4.017766773810394,-5.4797711580956285,3.239240997797918,-8.220730018092752,3113.7718021200685,3819.789442749384,6339.668843283582,0.0529686250666311,0.0516617633402347,3.758526355725253e-07,0.0013012371267957,-1.44862107835069e-05,0.0131712804851053,3.5673093889018226e-05,0.0323301886828343,-0.0001963472733832,0.1799499962710272,0.0502607822418212,0.0619431100785732,,,,,,,,,,,,,,,,,,,map7_denoised_engine_features.csv
,map_fault,,,,,,,,,,,,,,,,,,,,,,,,,,,,,,,,,,,,,,,,,,,,,,0.005330532483136372,map8_denoised_bispectrum.csv
,map_fault,,,,,,,,,,,,,,,,,,,,,,,,,,,,,393.7408025599054,0.0733030907628414,3.0621231138487115,0.0,619669.8228878729,5.274987868541004,1.0,1.0,,,,,,,,,,,map8_denoised_bispectrum_features.csv
,map_fault,-132.81292558826632,139.68605285445614,-33.23907678556814,24.44989641321542,-3.528459811168103,21.257743949072086,-9.304947890120909,7.150797892413835,-1.4994596772857416,5.474146389444676,-8.454282071399902,1.967917530480889,-12.073706139499189,3231.876460083885,3916.455864959002,6672.741204690831,0.0533663296242004,0.1219287738204002,3.9954441709904295e-06,0.0053834388136346,-5.763958268364438e-05,0.0365896477334295,-0.0001077437597352,0.0675217042498679,0.0001513615326714,0.3892517601668631,0.1208459287881851,0.1515982747077942,,,,,,,,,,,,,,,,,,,map8_denoised_engine_features.csv
,map_fault,,,,,,,,,,,,,,,,,,,,,,,,,,,,,,,,,,,,,,,,,,,,,,0.00463584480484747,map_1_denoised_bispectrum.csv
,map_fault,,,,,,,,,,,,,,,,,,,,,,,,,,,,,40.70408530363733,0.02614204636119962,0.3783294187022839,0.0,9498.93968370144,7.49273554133369,0.0,1.0,,,,,,,,,,,map_1_denoised_bispectrum_features.csv
,map_fault,,,,,,,,,,,,,,,,,,,,,,,,,,,,,,,,,,,,,,,,,,,,,,0.0046329518097859845,map_1_denoised_denoised_bispectrum.csv
,map_fault,,,,,,,,,,,,,,,,,,,,,,,,,,,,,40.69657597009019,0.02613519762838972,0.37827447662806746,0.0,9496.170419521619,7.492570914605438,0.0,1.0,,,,,,,,,,,map_1_denoised_denoised_bispectrum_features.csv
,map_fault,-91.32491540833026,78.2940780593948,-18.156233000480597,50.94906547214879,-17.901475222393902,44.24526950149687,-4.339812323319355,13.127240434037322,3.033457667583611,24.182154551437723,-9.16206311589192,15.971362529086276,-7.800084543481008,5740.881191734547,5010.520368819697,11202.87513326226,0.075679429304371,0.1391718387603759,-4.54974331783675e-06,0.0053058312552397,0.0004084595314408,0.1000903569127625,-0.000133622833423,0.0606523554548166,-0.0018366204147676,0.3907257594113746,0.1380334198474884,0.1767656505107879,,,,,,,,,,,,,,,,,,,map_1_denoised_denoised_engine_features.csv
,map_fault,-91.31132261130956,78.28479630831151,-18.15369085194552,50.95014195682308,-17.900984376199236,44.24233607242979,-4.336159805718589,13.124900852157513,3.034566742737568,24.18161676518833,-9.161666386317298,15.971196537222616,-7.800160526938433,5741.239945675134,5010.589117470497,11203.224946695096,0.0756877581956289,0.1391822695732116,-4.558836482555623e-06,0.0053083432534283,0.0004085690947543,0.1001115231234359,-0.000133759583666,0.0606698712430806,-0.0018353095911885,0.3907388955324257,0.1380440145730972,0.1767800152301788,,,,,,,,,,,,,,,,,,,map_1_denoised_engine_features.csv
,air_leak,,,,,,,,,,,,,,,,,,,,,,,,,,,,,,,,,,,,,,,,,,,,,,0.00028118582609988174,01Air_leak_denoised_bispectrum.csv
,air_leak,,,,,,,,,,,,,,,,,,,,,,,,,,,,,756.6987589752542,0.07348331810140371,4.539858588923593,0.0,1361647.4132349936,4.8919915144594635,1.0,3.0,,,,,,,,,,,01Air_leak_denoised_bispectrum_features.csv
,air_leak,-166.6566521330621,98.18012758379476,-14.238715579448453,54.1668919984635,-10.58821402665582,55.124683685938095,-5.095602536161538,8.672556675639719,-6.686709260092102,17.260151603592035,-12.224262168864922,11.330199442142598,-15.567975270694468,4524.15849214183,4751.369965374082,9825.859541577824,0.0480535381130063,0.1211571022868156,2.160379372975804e-06,0.0020529907165658,-0.0001305175395876,0.0572221203290787,0.0001684524365384,0.0441357605234341,0.0010749877568981,0.3942661107506975,0.1205717474222183,0.1574790328741073,,,,,,,,,,,,,,,,,,,01Air_leak_denoised_engine_features.csv
,air_leak,,,,,,,,,,,,,,,,,,,,,,,,,,,,,,,,,,,,,,,,,,,,,,0.00020065684047297625,02Air_leak_denoised_bispectrum.csv
,air_leak,,,,,,,,,,,,,,,,,,,,,,,,,,,,,445.8689838330476,0.036157672638899914,2.629563252706496,0.0,456788.9579037384,3.7842452658761,1.0,3.0,,,,,,,,,,,02Air_leak_denoised_bispectrum_features.csv
,air_leak,-163.33820344891458,98.58511924217464,-10.411904855888746,48.39696397778202,-7.481253774851486,54.74894780451566,-1.744977131876177,7.8423715967750205,-3.434095881690552,13.69977024062749,-7.637489003218752,11.093643977492771,-12.070885247028317,4218.153421747607,4765.330675163535,9635.51106076759,0.0382181586487206,0.1345657408237457,9.002416827673162e-07,0.000219702379322,-9.423568973811628e-05,0.0473517466215674,0.0001172827427286,0.0249793168021446,0.0003858533425228,0.4422678176954145,0.132534772157669,0.1742301732301712,,,,,,,,,,,,,,,,,,,02Air_leak_denoised_engine_features.csv
,air_leak,,,,,,,,,,,,,,,,,,,,,,,,,,,,,,,,,,,,,,,,,,,,,,1.6941815058214845e-05,03Air_leak_denoised_bispectrum.csv
,air_leak,,,,,,,,,,,,,,,,,,,,,,,,,,,,,506.00028084139024,0.024003747003424183,2.522748675580756,0.0,420391.1229769084,2.6657354482197246,1.0,1.0,,,,,,,,,,,03Air_leak_denoised_bispectrum_features.csv
,air_leak,-223.14236879110325,95.9210843839264,-8.093034848970596,44.05736880799171,-2.563739613535027,52.143045839491165,1.8014458836076264,4.344720194613871,-1.6283052691482345,10.814991997239249,-4.895550325827114,9.650185617255431,-10.465518139609648,4228.894627731789,4736.989252593053,9579.890724946696,0.0406033448827292,0.0695339292287826,-1.0541556070092317e-07,1.8215655936032257e-05,-5.099954084589532e-05,0.0278963862687461,-8.363535472316056e-05,0.0164538019783931,0.0005292553614433,0.2423611276519767,0.0685131177306175,0.0893356204032898,,,,,,,,,,,,,,,,,,,03Air_leak_denoised_engine_features.csv
,air_leak,,,,,,,,,,,,,,,,,,,,,,,,,,,,,,,,,,,,,,,,,,,,,,0.0001808993081617696,04Air_leak_denoised_bispectrum.csv
,air_leak,,,,,,,,,,,,,,,,,,,,,,,,,,,,,946.4783466481293,0.07840941512272832,5.992389420776259,0.0,2372141.843507658,3.6404128342920816,1.0,3.0,,,,,,,,,,,04Air_leak_denoised_bispectrum_features.csv
,air_leak,-137.53557160132448,102.98666504957352,-15.143365383111853,50.59983845444809,-9.93729003045147,57.93199783764573,-5.90874707685225,8.91922887136767,-8.033831486267859,15.100941861004316,-9.964444075108254,13.758371720163858,-15.04874852183524,4431.483282494211,4772.882838088904,9776.18603411514,0.0453112506663113,0.1420725733041763,-2.3773374731960498e-08,1.7249106996844816e-05,-0.0001597316881488,0.0627731986146825,0.0002112342594242,0.0292486968029489,0.0003454244130375,0.4472385642664716,0.1412315666675567,0.1840267479419708,,,,,,,,,,,,,,,,,,,04Air_leak_denoised_engine_features.csv
,air_leak,,,,,,,,,,,,,,,,,,,,,,,,,,,,,,,,,,,,,,,,,,,,,,0.03434232143127897,05Air_leak_denoised_bispectrum.csv
,air_leak,,,,,,,,,,,,,,,,,,,,,,,,,,,,,376.2857917863679,0.033507378058512026,2.2109968275456966,0.0,322955.15309897275,4.613691283446704,1.0,1.0,,,,,,,,,,,05Air_leak_denoised_bispectrum_features.csv
,air_leak,-180.27869595943548,126.18291631351929,-7.188933090589834,32.111497595527425,-2.5686209310798818,45.4922970470972,-2.7779487643030114,11.136781380016869,3.156987327740426,6.793418773698251,-4.597515176709452,13.586369122814508,-9.367380092356084,3869.5046084835967,4448.363380115588,8570.628997867803,0.0314124133795309,0.1004863977432251,1.3157272712371236e-05,0.0057123388695884,-0.0001905482821428,0.0519498222506905,7.408968582099788e-05,0.0176541687914181,0.0001236318498438,0.3122597803814082,0.1001311689615249,0.1306043416261673,,,,,,,,,,,,,,,,,,,05Air_leak_denoised_engine_features.csv
,air_leak,,,,,,,,,,,,,,,,,,,,,,,,,,,,,,,,,,,,,,,,,,,,,,0.0013948600967989759,06Air_leak_denoised_bispectrum.csv
,air_leak,,,,,,,,,,,,,,,,,,,,,,,,,,,,,331.59871573833226,0.025145071955954317,1.8196588338757664,0.0,218740.45379559268,4.057986176535628,1.0,1.0,,,,,,,,,,,06Air_leak_denoised_bispectrum_features.csv
,air_leak,-213.4059605005025,175.3530783480477,-19.22269101688297,13.801132015004088,16.43633480940663,41.63779629094866,-12.621497433016836,13.36273616264486,12.912411065218452,-3.979317763542785,0.641217292051198,18.74425200600552,-16.731335918576818,2270.527545615344,3222.732654283891,4902.235474413646,0.0234760211220682,0.1023673191666603,3.293266865972852e-08,0.0005837333511595,-4.050806128333719e-05,0.0241064682994548,3.22352309510054e-05,0.0045459348447476,-0.0001704907496236,0.3198034743966443,0.1020155996084213,0.1329692006111145,,,,,,,,,,,,,,,,,,,06Air_leak_denoised_engine_features.csv
,air_leak,,,,,,,,,,,,,,,,,,,,,,,,,,,,,,,,,,,,,,,,,,,,,,0.00020054659966327993,07Air_leak_denoised_bispectrum.csv
,air_leak,,,,,,,,,,,,,,,,,,,,,,,,,,,,,209.3098737873388,0.01903077680867988,1.0768413293457606,0.0,76613.49917903733,5.459267102417008,1.0,1.0,,,,,,,,,,,07Air_leak_denoised_bispectrum_features.csv
,air_leak,-205.13271723829635,139.15036945439428,-18.75347512908401,30.65164436355908,-2.323930278609286,47.8286862793404,-10.935930687261468,15.626805241576175,5.415732149933583,9.364234191498332,-3.582121109803232,19.040151472659403,-13.076327804826793,3665.736508557247,4015.1246848292826,7697.094882729211,0.0347585454424307,0.0781267583370208,-1.3197968495553236e-06,0.0006622925835546,0.0002153287367739,0.0546019201149689,6.60876076713248e-05,0.0191691242422448,0.0001660790436004,0.2375449363346292,0.0779471695423126,0.1010450422763824,,,,,,,,,,,,,,,,,,,07Air_leak_denoised_engine_features.csv
,air_leak,,,,,,,,,,,,,,,,,,,,,,,,,,,,,,,,,,,,,,,,,,,,,,0.0006895720242753798,08Air_leak_denoised_bispectrum.csv
,air_leak,,,,,,,,,,,,,,,,,,,,,,,,,,,,,85.78455680395238,0.012540665640446985,0.4052075536569521,0.0,10855.181540195508,6.751713888516489,1.0,1.0,,,,,,,,,,,08Air_leak_denoised_bispectrum_features.csv
,air_leak,-226.85513969746623,137.6325778627325,-17.051523223494673,31.15530623890724,-1.1644627338021416,46.306126202054735,-8.466165366910174,15.085855593851942,5.859762277092385,7.890762737043973,-3.606848458439597,18.46476666930273,-14.343118184133942,3680.0914641747368,3852.306541517495,7394.2563965884865,0.0458880263859275,0.0643831491470336,-1.3319316947739258e-06,0.0006576789479862,-0.0001580974086525,0.0658317305422275,-0.0001684678242148,0.0309111603439859,0.0001515138228816,0.1835275041331149,0.0641337484121322,0.0815465524792671,,,,,,,,,,,,,,,,,,,08Air_leak_denoised_engine_features.csv
,air_leak,,,,,,,,,,,,,,,,,,,,,,,,,,,,,,,,,,,,,,,,,,,,,,0.00021372270529347029,09Air_leak_denoised_bispectrum.csv
,air_leak,,,,,,,,,,,,,,,,,,,,,,,,,,,,,430.6843742239853,0.0271330431583971,1.99930027136002,0.0,264059.79223910224,4.461165054782922,1.0,1.0,,,,,,,,,,,09Air_leak_denoised_bispectrum_features.csv
,air_leak,-183.85814815331256,142.46296733922125,-14.964267936809932,32.2806570334958,-3.1268470443404186,50.8025229217265,-10.660262618747751,17.29695561564111,5.997700902878618,9.593077313970984,-4.426850263402818,14.169440042998568,-10.584317059171171,3238.94508362682,4070.5226303317622,7332.839152452026,0.0269679087819829,0.1043429002165794,-6.721547187943361e-07,0.0002814381935689,0.0001318146194832,0.0388711478616776,-1.2714354548278176e-05,0.0072435717227463,0.0004430768740063,0.3178054321180899,0.1039120331406593,0.1361190229654312,,,,,,,,,,,,,,,,,,,09Air_leak_denoised_engine_features.csv
,air_leak,,,,,,,,,,,,,,,,,,,,,,,,,,,,,,,,,,,,,,,,,,,,,,0.00023197214796257128,100air_leak_denoised_bispectrum.csv
,air_leak,,,,,,,,,,,,,,,,,,,,,,,,,,,,,2643.9553033579273,0.2508438888194486,13.726259534102066,0.0,12448461.33101893,4.901992926642921,1.0,1.0,,,,,,,,,,,100air_leak_denoised_bispectrum_features.csv
,air_leak,-57.672193191626334,99.36443584171082,-28.70962663854395,61.61791934452128,-19.299876486936867,25.92335888282326,11.545594655598926,13.444298217111276,-14.695525291939685,23.48279244576983,-9.856184557912412,27.346950522715105,-2.599161696552021,4618.1464352681005,4564.671694490099,8557.735874200427,0.0493361873667377,0.2504472732543945,-2.5417251141948113e-08,2.9343909050175586e-05,-7.911143569866772e-05,0.1049518778954288,-0.0009234573868226,0.1604983410423616,-0.0002664432804065,0.6781453908963839,0.2504445910453796,0.3322375118732452,,,,,,,,,,,,,,,,,,,100air_leak_denoised_engine_features.csv
,air_leak,,,,,,,,,,,,,,,,,,,,,,,,,,,,,,,,,,,,,,,,,,,,,,0.0003775643975562812,101air_leak_denoised_bispectrum.csv
,air_leak,,,,,,,,,,,,,,,,,,,,,,,,,,,,,2777.757445337281,0.19342457114820635,13.368740457740936,0.0,11806961.147506848,4.544950898704924,1.0,1.0,,,,,,,,,,,101air_leak_denoised_bispectrum_features.csv
,air_leak,-69.45187828551322,95.15155919916114,-33.19765871180289,58.83584316038682,-21.67810064210026,26.965818333978,10.923735634762478,16.988575335907136,-10.21995084851158,26.27624586932406,-11.110304106773416,28.191527748388136,-1.7245762292227245,4760.896304931062,4596.597569672045,8761.92697228145,0.0454819929371002,0.2315196543931961,3.7303593977956236e-08,3.020547643707036e-05,-6.84666637089749e-05,0.0982301004414195,2.685137283575027e-06,0.1423622617219228,0.0014987315869475,0.6263387013385252,0.2314580082893371,0.3110869824886322,,,,,,,,,,,,,,,,,,,101air_leak_denoised_engine_features.csv
,air_leak,,,,,,,,,,,,,,,,,,,,,,,,,,,,,,,,,,,,,,,,,,,,,,0.00033145185979710376,102air_leak_denoised_bispectrum.csv
,air_leak,,,,,,,,,,,,,,,,,,,,,,,,,,,,,2893.9307770180785,0.2667112403365227,14.753434813105901,0.0,14381177.275948787,4.96455032273783,1.0,1.0,,,,,,,,,,,102air_leak_denoised_bispectrum_features.csv
,air_leak,-56.13758421746712,92.61408257706697,-36.59395784566925,59.16406445545488,-20.83804322888116,25.90607450006449,13.356117644924844,15.483489959263329,-12.837496489648112,27.29857476660985,-8.947798188849442,29.823321154798595,-3.1081504169756315,4860.57036311201,4558.340307391399,8668.17697228145,0.0540649153784648,0.2492906153202057,9.897875840246205e-08,2.813671417039226e-05,0.0002085925594496,0.1159691441354354,0.0015191122183544,0.1818217744164229,-0.0007085530312987,0.6637584241565605,0.2493222057819366,0.3324785232543945,,,,,,,,,,,,,,,,,,,102air_leak_denoised_engine_features.csv
,air_leak,,,,,,,,,,,,,,,,,,,,,,,,,,,,,,,,,,,,,,,,,,,,,,0.002034354657471239,103air_leak_denoised_bispectrum.csv
,air_leak,,,,,,,,,,,,,,,,,,,,,,,,,,,,,1235.970508082687,0.15413707833715423,6.078957177979836,0.0,2442325.48475356,5.578457640690709,1.0,1.0,,,,,,,,,,,103air_leak_denoised_bispectrum_features.csv
,air_leak,-91.8562564087996,80.36434280087539,-32.71584031687197,63.3671818240697,-19.379035090922223,20.260331199474383,13.563768280497523,12.909055246452253,-11.73868686938024,27.740700733033822,-7.278282704933955,28.137844277639143,-5.06770066266254,5352.385355826805,4614.40444602992,9217.883795309168,0.0767569796108742,0.179862841963768,2.3056536880340867e-06,0.0037114016928116,6.617701056794782e-05,0.112983475915308,-0.0015088719163287,0.1752910912101516,0.0017928986856132,0.5023860841906193,0.1793078631162643,0.2351516485214233,,,,,,,,,,,,,,,,,,,103air_leak_denoised_engine_features.csv
,air_leak,,,,,,,,,,,,,,,,,,,,,,,,,,,,,,,,,,,,,,,,,,,,,,0.0005953586057683864,104air_leak_denoised_bispectrum.csv
,air_leak,,,,,,,,,,,,,,,,,,,,,,,,,,,,,292.02588212216034,0.06969249214444097,1.5773868816725791,0.0,164660.58089812583,6.593637844133473,1.0,1.0,,,,,,,,,,,104air_leak_denoised_bispectrum_features.csv
,air_leak,-77.35374357019025,73.38409624744523,-29.620502612462147,70.13990293481683,-22.07527368310655,14.197685453225516,0.8824919496182663,9.983564183167635,-13.025720142112494,29.243740546506192,-6.2652498850245975,29.10139242445129,-5.062796643442703,5768.962127644352,4615.436022133666,9869.286380597016,0.1113229194429637,0.1552004367113113,-1.438006372527525e-05,0.0022774895882587,-9.434600842244716e-05,0.1270992588602389,-0.0005662123435372,0.1951376893447707,-0.0012475683236436,0.3727881010884086,0.1548853367567062,0.1948534548282623,,,,,,,,,,,,,,,,,,,104air_leak_denoised_engine_features.csv
,air_leak,,,,,,,,,,,,,,,,,,,,,,,,,,,,,,,,,,,,,,,,,,,,,,0.00018918641237273225,105air_leak_denoised_bispectrum.csv
,air_leak,,,,,,,,,,,,,,,,,,,,,,,,,,,,,1251.4978965046614,0.1739948880808328,6.489172940479871,0.0,2783281.0607312284,5.593723342646396,1.0,1.0,,,,,,,,,,,105air_leak_denoised_bispectrum_features.csv
,air_leak,-63.5459791308185,84.90771388142754,-37.84415701700546,61.51676447131101,-24.923721300659484,19.26557597994209,9.55791887326664,13.221565627820508,-16.11132165585671,28.757718983121933,-6.2548888002413,32.91168743703482,-3.6896938705553577,5225.429811999811,4546.62594850091,8956.423240938166,0.076180203891258,0.2109868079423904,-1.8052931429346744e-07,8.511570400338989e-05,-0.0001748034470949,0.1183613890567497,0.0020887392643873,0.1976335836134952,0.0009190540494918,0.5486328970548657,0.2111965119838714,0.2775579988956451,,,,,,,,,,,,,,,,,,,105air_leak_denoised_engine_features.csv
,air_leak,,,,,,,,,,,,,,,,,,,,,,,,,,,,,,,,,,,,,,,,,,,,,,0.0002662115188143272,106air_leak_denoised_bispectrum.csv
,air_leak,,,,,,,,,,,,,,,,,,,,,,,,,,,,,1279.6206284165048,0.22045364046974436,7.27101916984421,0.0,3495069.9916645475,5.690205848135062,1.0,1.0,,,,,,,,,,,106air_leak_denoised_bispectrum_features.csv
,air_leak,-57.12387915582655,88.20605254381712,-38.85198784814765,61.22363366955991,-22.766657167611967,20.748344331798503,13.375682650844164,14.207005087186404,-16.782478182684578,27.55901460358435,-7.968583657132865,30.797070768747137,-4.99104817498714,5085.975716609468,4519.761394607237,8691.61447228145,0.0711193613406183,0.2263794988393783,-8.755721482948764e-08,5.265340941780546e-05,1.0027891645296445e-05,0.122431401596315,0.0001403799455626,0.2104962468480228,0.0011264227780023,0.5821945804091747,0.2264644354581833,0.2983583211898803,,,,,,,,,,,,,,,,,,,106air_leak_denoised_engine_features.csv
,air_leak,,,,,,,,,,,,,,,,,,,,,,,,,,,,,,,,,,,,,,,,,,,,,,0.0003685871502784558,107air_leak_denoised_bispectrum.csv
,air_leak,,,,,,,,,,,,,,,,,,,,,,,,,,,,,1678.5478612254592,0.2072719543220966,8.317981926370075,0.0,4572690.166835405,5.456052036293243,1.0,1.0,,,,,,,,,,,107air_leak_denoised_bispectrum_features.csv
,air_leak,-62.90237341428397,86.12792769096541,-38.02324656081792,62.925865001738565,-21.353311689098515,19.849806596530367,13.799027380704738,15.041101007586828,-15.17048335775338,28.43516451767204,-6.572052252085643,30.400533186234547,-6.728016991366422,5100.628680413007,4528.901601439257,8712.553304904051,0.0651142307436034,0.2260522246360778,2.8932869167240676e-08,2.160364237523703e-05,0.0001092853806367,0.1189598630770714,0.0019187113793987,0.2035441539011926,0.0008097736746047,0.5858813060662059,0.2261990159749984,0.2998177409172058,,,,,,,,,,,,,,,,,,,107air_leak_denoised_engine_features.csv
,air_leak,,,,,,,,,,,,,,,,,,,,,,,,,,,,,,,,,,,,,,,,,,,,,,0.00025482604035892415,108air_leak_denoised_bispectrum.csv
,air_leak,,,,,,,,,,,,,,,,,,,,,,,,,,,,,2508.513823536098,0.2305474892930112,11.621707919183098,0.0,8924359.053947154,5.155588315829518,1.0,1.0,,,,,,,,,,,108air_leak_denoised_bispectrum_features.csv
,air_leak,-64.96784021531873,84.331816456302,-34.01410644262738,68.36196394773322,-19.11792664435574,17.035624271659117,11.79186298900244,14.988708820992343,-12.78987431107742,31.432062318948965,-5.02276862379583,27.29882007369987,-10.64083494832384,5119.255427326931,4547.491057602377,8727.095549040512,0.0606676439232409,0.241405114531517,-7.360685422983587e-09,1.3206789089078373e-05,8.956242681265925e-05,0.1188575650290534,0.002237338941145,0.2124102000496928,0.0018487051140661,0.6294383064393327,0.2414524555206298,0.3231107890605926,,,,,,,,,,,,,,,,,,,108air_leak_denoised_engine_features.csv
,air_leak,,,,,,,,,,,,,,,,,,,,,,,,,,,,,,,,,,,,,,,,,,,,,,0.0005681523467007123,109air_leak_denoised_bispectrum.csv
,air_leak,,,,,,,,,,,,,,,,,,,,,,,,,,,,,2112.660539394823,0.20624380512679227,9.879441013293336,0.0,6449413.4706623815,5.229989521894948,1.0,1.0,,,,,,,,,,,109air_leak_denoised_bispectrum_features.csv
,air_leak,-68.62077238702736,82.36780193830599,-33.55722469701638,70.52220651640702,-18.971009320703875,16.956088866956673,10.287341370093966,13.761354729171062,-13.703434669269988,32.457330729266616,-4.841989375436816,27.807049985387664,-11.107347520489885,5197.094636066382,4554.2624426301,8814.848747334754,0.0616306719749467,0.235146626830101,-2.0654476545585482e-08,3.487302422004586e-05,2.3581298764266487e-05,0.1190513209807631,0.0002471638558597,0.2112496536158842,0.0008594149673595,0.6095404760738692,0.2352152615785598,0.3145412802696228,,,,,,,,,,,,,,,,,,,109air_leak_denoised_engine_features.csv
,air_leak,,,,,,,,,,,,,,,,,,,,,,,,,,,,,,,,,,,,,,,,,,,,,,0.0003794797121175158,10Air_leak_denoised_bispectrum.csv
,air_leak,,,,,,,,,,,,,,,,,,,,,,,,,,,,,1301.055584725522,0.05796078906680581,5.369157540632518,0.0,1904272.7312425291,4.156718583429454,1.0,1.0,,,,,,,,,,,10Air_leak_denoised_bispectrum_features.csv
,air_leak,-170.72907573375494,166.75110542882683,-19.98475291978108,17.895618980198705,9.145625635741151,44.62106291203507,-13.35557035519593,16.640476294490103,11.86370897934462,1.0283853982344304,-0.5854160894122564,16.445839946514678,-13.189252982413173,2521.5576574118472,3519.524229935997,5465.235207889125,0.0257321095415778,0.1371937990188598,2.0541086430477986e-06,0.0012782869785314,-9.643732847062862e-05,0.0392596688826975,4.080611215290216e-05,0.0051651368282007,-7.154700377227675e-05,0.4185961969251338,0.1368119120597839,0.1784208565950393,,,,,,,,,,,,,,,,,,,10Air_leak_denoised_engine_features.csv
,air_leak,,,,,,,,,,,,,,,,,,,,,,,,,,,,,,,,,,,,,,,,,,,,,,0.00022256309609869555,110air_leak_denoised_bispectrum.csv
,air_leak,,,,,,,,,,,,,,,,,,,,,,,,,,,,,1768.1478621512167,0.15713418240720164,8.134711634679256,0.0,4372326.5320260115,5.1112720747295,1.0,1.0,,,,,,,,,,,110air_leak_denoised_bispectrum_features.csv
,air_leak,-77.71368815452567,83.43801278606304,-32.79748803627045,70.29392266770496,-19.97740697480868,16.194639666006946,9.503475977201497,13.479753030259165,-13.07172257280268,33.118751437436096,-4.396001050833604,28.421679815714157,-11.278145229569732,5175.013768180414,4563.202585099157,8795.95882196162,0.0600492237473347,0.2165132313966751,-8.995578278247363e-09,2.9547924404653105e-06,0.0001825716345507,0.1078169406164907,2.010966975051442e-05,0.192070639003324,0.0021312908178866,0.562810840223617,0.2165968865156173,0.2900781631469726,,,,,,,,,,,,,,,,,,,110air_leak_denoised_engine_features.csv
,air_leak,,,,,,,,,,,,,,,,,,,,,,,,,,,,,,,,,,,,,,,,,,,,,,0.00035949962355846484,111air_leak_denoised_bispectrum.csv
,air_leak,,,,,,,,,,,,,,,,,,,,,,,,,,,,,2503.779399816272,0.22020798150491147,11.494234882541871,0.0,8729427.318378035,5.070191564906624,1.0,1.0,,,,,,,,,,,111air_leak_denoised_bispectrum_features.csv
,air_leak,-68.07609258425887,82.28280659680533,-32.77166469827241,70.59194836596772,-19.817090792052376,16.614912723509295,9.936116741970702,12.955648872686655,-13.462919221931196,33.122140199130136,-4.154764426926082,28.582749732298307,-11.985242084645929,5180.692038962133,4567.851235194813,8808.702025586354,0.0622522154850746,0.2440309822559356,8.678907066089543e-08,1.9095277832470584e-05,-0.0002468553667217,0.12219892512184,-0.0006339853695825,0.2107431220491613,0.0013838802911637,0.6361945339092218,0.2441284209489822,0.326775848865509,,,,,,,,,,,,,,,,,,,111air_leak_denoised_engine_features.csv
,air_leak,,,,,,,,,,,,,,,,,,,,,,,,,,,,,,,,,,,,,,,,,,,,,,0.0003964043360057607,112air_leak_denoised_bispectrum.csv
,air_leak,,,,,,,,,,,,,,,,,,,,,,,,,,,,,2998.945021058608,0.24082563320083952,13.998513734540124,0.0,12946686.131077522,4.853944358735479,1.0,1.0,,,,,,,,,,,112air_leak_denoised_bispectrum_features.csv
,air_leak,-65.73088934265748,84.9296448986964,-31.119920549426084,71.74753841793849,-17.38389966854861,17.29660608043954,11.489226535659672,14.000224787104523,-12.487905146370524,33.10270580399372,-4.291280206711566,26.18601037690611,-12.985448154258542,5048.039932660604,4557.841680328677,8648.68736673774,0.0616348364205756,0.2547252476215362,7.567881275355543e-08,2.5122184922117825e-05,-0.0001239339256033,0.1197837095699963,0.0007964329648932,0.216242545512712,0.0022756641651372,0.6683750271905109,0.254824161529541,0.3406587839126587,,,,,,,,,,,,,,,,,,,112air_leak_denoised_engine_features.csv
,air_leak,,,,,,,,,,,,,,,,,,,,,,,,,,,,,,,,,,,,,,,,,,,,,,0.0003158966625665184,113air_leak_denoised_bispectrum.csv
,air_leak,,,,,,,,,,,,,,,,,,,,,,,,,,,,,2449.459206397576,0.2060270931357152,11.340368571016253,0.0,8496966.502231535,4.9879751677895445,1.0,1.0,,,,,,,,,,,113air_leak_denoised_bispectrum_features.csv
,air_leak,-68.69000524212771,85.6307245427316,-32.22026074930375,70.904034962383,-18.04494018960533,17.64367796247276,10.683748114115398,13.460870247295134,-13.100695030833682,32.985036867449715,-4.536075764228492,27.45661690679344,-12.93241945615667,5058.446670115377,4556.396593193084,8652.035581023454,0.0619763209621535,0.2425692677497863,-9.781137452960954e-08,2.754989757430019e-05,8.158532576715744e-05,0.1167701818859335,0.0022236530412701,0.2041267654094938,0.0011323725347674,0.6355175585445133,0.2427053153514862,0.3245832920074463,,,,,,,,,,,,,,,,,,,113air_leak_denoised_engine_features.csv
,air_leak,,,,,,,,,,,,,,,,,,,,,,,,,,,,,,,,,,,,,,,,,,,,,,0.00013938967797706096,114air_leak_denoised_bispectrum.csv
,air_leak,,,,,,,,,,,,,,,,,,,,,,,,,,,,,984.3257243367793,0.1514591551102744,5.155668297467959,0.0,1757158.0498840606,5.659005931716825,1.0,1.0,,,,,,,,,,,114air_leak_denoised_bispectrum_features.csv
,air_leak,-96.69009882679958,76.82000265518698,-34.597276728648744,67.47156043124386,-19.07619873671538,15.213574327178147,9.58512911824872,13.015827629570472,-10.512911386696922,30.974183581550527,-5.540984686526584,26.460913042341392,-9.954165086971818,5372.350140237208,4551.906511894523,9053.871268656716,0.0772369319696162,0.1861862540245056,-7.461106016863364e-09,0.000120889004363,8.081659879874058e-05,0.1135563297763007,0.0004404320705461,0.191708092890127,0.00175653177738,0.5230000685466983,0.186079666018486,0.2461744993925094,,,,,,,,,,,,,,,,,,,114air_leak_denoised_engine_features.csv
,air_leak,,,,,,,,,,,,,,,,,,,,,,,,,,,,,,,,,,,,,,,,,,,,,,0.0004011260494645429,115air_leak_denoised_bispectrum.csv
,air_leak,,,,,,,,,,,,,,,,,,,,,,,,,,,,,1302.5826367452169,0.1513109103759498,6.342387411242002,0.0,2658391.212228296,5.30944995254796,1.0,1.0,,,,,,,,,,,115air_leak_denoised_bispectrum_features.csv
,air_leak,-80.50873095678318,81.37173554270598,-35.25981107300193,68.1593049192122,-18.04586837388471,16.391395379023386,10.715133860241348,12.455518184326715,-12.663378236786722,31.238319340024937,-5.768340264114511,27.150402857356408,-10.768903162356064,5206.934913066664,4536.710127755811,8771.921641791045,0.0717492337420042,0.2067026942968368,5.609880499746726e-08,4.742344929149216e-05,1.7537779730359525e-05,0.1118474472744969,-0.0020846849574936,0.1929500987517642,0.0019673518543856,0.549638842443028,0.2068336755037307,0.2747218608856201,,,,,,,,,,,,,,,,,,,115air_leak_denoised_engine_features.csv
,air_leak,,,,,,,,,,,,,,,,,,,,,,,,,,,,,,,,,,,,,,,,,,,,,,5.8641044750985405e-05,116air_leak_denoised_bispectrum.csv
,air_leak,,,,,,,,,,,,,,,,,,,,,,,,,,,,,1178.5832125861643,0.1359325325999926,5.447777340573721,0.0,1961441.0110132648,5.601751346626789,1.0,1.0,,,,,,,,,,,116air_leak_denoised_bispectrum_features.csv
,air_leak,-95.21934157760548,74.06131593632952,-35.859784435868995,68.64551037856401,-19.319988093901348,15.571010378169744,7.61196623817571,11.810060208462794,-13.3204143349863,30.712211789614454,-4.670645051930838,29.27698291171983,-7.608792563651746,5476.026691295714,4548.326631879058,9192.64725479744,0.0783467567297441,0.1798744648694992,1.5731037528446885e-07,0.0001667476521039,-0.0001053683759296,0.115424966722809,-0.0017678911529298,0.1964162455728902,0.0012664665810475,0.4867618180552849,0.1799688339233398,0.2373521327972412,,,,,,,,,,,,,,,,,,,116air_leak_denoised_engine_features.csv
,air_leak,,,,,,,,,,,,,,,,,,,,,,,,,,,,,,,,,,,,,,,,,,,,,,0.00022151602823248056,117air_leak_denoised_bispectrum.csv
,air_leak,,,,,,,,,,,,,,,,,,,,,,,,,,,,,2157.504281405574,0.18291795527240373,9.592022574594248,0.0,6079173.476738966,5.16620560373496,1.0,1.0,,,,,,,,,,,117air_leak_denoised_bispectrum_features.csv
,air_leak,-66.33282088694892,82.27439322522181,-34.17059379407285,71.38785293681302,-16.89727173143217,17.376483777312664,8.455223482661253,12.201218022582882,-12.349025178446006,33.79726918463722,-5.104254475789497,27.745880229936287,-12.356182112293356,5187.03762865114,4552.785297596546,8783.515458422175,0.0669143123667377,0.2362402528524398,-6.004252730787396e-08,3.7227385356917655e-05,-1.8335506993954424e-05,0.1230003950303658,-0.0011245049682214,0.2119989438740282,0.0009233013521171,0.6117266179276021,0.2363005876541137,0.3148896992206573,,,,,,,,,,,,,,,,,,,117air_leak_denoised_engine_features.csv
,air_leak,,,,,,,,,,,,,,,,,,,,,,,,,,,,,,,,,,,,,,,,,,,,,,0.0002717411340581785,118air_leak_denoised_bispectrum.csv
,air_leak,,,,,,,,,,,,,,,,,,,,,,,,,,,,,842.4995444233195,0.1335616307809602,4.620671964239618,0.0,1411364.6292389804,5.786026928169262,1.0,1.0,,,,,,,,,,,118air_leak_denoised_bispectrum_features.csv
,air_leak,-87.15368593386765,68.87650262689193,-35.012280332881446,68.27142892429902,-22.391107023069942,18.44271584464345,9.564304724174704,13.464498091537052,-12.232077797140946,30.452148110921947,-6.731839550121071,30.341705448802383,-8.313500017364536,5720.931044735313,4561.507523536426,9579.390991471217,0.0949118803304904,0.1831136047840118,3.690910225240204e-07,0.0001478457930886,1.1873564313772707e-05,0.1241627648851246,0.0011203214002289,0.1950173252644828,0.0009761598336601,0.4995916429290461,0.1829884797334671,0.2390226423740387,,,,,,,,,,,,,,,,,,,118air_leak_denoised_engine_features.csv
,air_leak,,,,,,,,,,,,,,,,,,,,,,,,,,,,,,,,,,,,,,,,,,,,,,0.00014200763956791229,119air_leak_denoised_bispectrum.csv
,air_leak,,,,,,,,,,,,,,,,,,,,,,,,,,,,,634.2568851791485,0.11018019938408656,3.670076893091624,0.0,890446.4677175306,5.598517936037784,1.0,1.0,,,,,,,,,,,119air_leak_denoised_bispectrum_features.csv
,air_leak,-84.15768268964379,78.27898179929502,-34.50651491820632,66.89789761684418,-26.08195919973608,22.524282097481294,15.080995253755214,10.410017640719142,-18.58588487185266,32.97498188919929,-5.888830946241417,33.69631615199591,-10.461661732181248,5509.546840781292,4581.502055961554,9088.552771855013,0.0790911513859275,0.1873528808355331,3.5526669623413465e-08,2.0395604511144715e-05,-3.0428187859090765e-05,0.1222964921774173,0.0005222755460901,0.1910987095355741,0.0003569622920676,0.4668695807935,0.1874488294124603,0.2470108121633529,,,,,,,,,,,,,,,,,,,119air_leak_denoised_engine_features.csv
,air_leak,,,,,,,,,,,,,,,,,,,,,,,,,,,,,,,,,,,,,,,,,,,,,,0.003936329960351144,11Air_leak_denoised_bispectrum.csv
,air_leak,,,,,,,,,,,,,,,,,,,,,,,,,,,,,1187.961302011076,0.06852344513720907,5.526980564738925,0.0,2017942.89355698,3.7957161378177826,1.0,1.0,,,,,,,,,,,11Air_leak_denoised_bispectrum_features.csv
,air_leak,-167.7164583991846,168.8372703257609,-18.65443147391536,15.976480139479296,11.684772776166444,42.32378687430949,-12.557332730221576,14.794394209460796,12.656819146969326,-0.6183079256696841,-0.2989741854964123,15.774159917866273,-12.460884018388354,2370.8795094681686,3419.241056284629,5112.973081023454,0.0256144639525586,0.1438089162111282,-7.59622889489545e-07,0.0021351863471217,-8.287362040543726e-05,0.0285465177483546,1.2277584435716232e-05,0.0056185312137023,-0.0005122067574551,0.4515347070178834,0.1435794681310653,0.1870376616716385,,,,,,,,,,,,,,,,,,,11Air_leak_denoised_engine_features.csv
,air_leak,,,,,,,,,,,,,,,,,,,,,,,,,,,,,,,,,,,,,,,,,,,,,,0.014771419454654888,12Air_leak_denoised_bispectrum.csv
,air_leak,,,,,,,,,,,,,,,,,,,,,,,,,,,,,1660.126675862714,0.08348572580560161,7.259128909928671,0.0,3480909.2724242546,3.7106571439972686,1.0,1.0,,,,,,,,,,,12Air_leak_denoised_bispectrum_features.csv
,air_leak,-163.2143442222549,179.20023126271505,-19.31639330147131,13.399078592929117,16.595378881471138,41.0947854550082,-14.18593404327869,14.078657646348336,14.175525102054864,-3.8227373754056817,-0.4605803263603495,17.220315247442084,-16.10597507281564,2159.1821584483414,3244.1714733229915,4527.735207889125,0.0230814398987206,0.1700213849544525,3.889109550121814e-06,0.0029955049321375,9.654548602664434e-07,0.0253041401415874,-4.0930998046646095e-06,0.0020459448331265,-0.0004485315316991,0.5263460884724553,0.1698223799467086,0.2225551754236221,,,,,,,,,,,,,,,,,,,12Air_leak_denoised_engine_features.csv
,air_leak,,,,,,,,,,,,,,,,,,,,,,,,,,,,,,,,,,,,,,,,,,,,,,0.02016139459019013,13Air_leak_denoised_bispectrum.csv
,air_leak,,,,,,,,,,,,,,,,,,,,,,,,,,,,,2276.6378954734596,0.10738551383212375,10.146943553618806,0.0,6801197.306269198,3.3837567681055694,1.0,1.0,,,,,,,,,,,13Air_leak_denoised_bispectrum_features.csv
,air_leak,-151.28441048558167,176.61706679476418,-20.51245518375317,14.27348594757236,13.94550951906383,42.72633992864608,-14.743764638101538,16.29819774723543,14.58074248830359,-1.8263016123181903,-0.4827568277802954,16.420582633884937,-14.207764037828822,2228.344683237792,3332.5288162315173,4756.363272921109,0.0234489522254797,0.1840734034776687,-7.2693178386189665e-06,0.0049209424710105,7.395724588821011e-06,0.0228198669044551,-1.7935598755072643e-05,0.0034996784741367,0.0003939495362979,0.5684224994556306,0.1838039010763168,0.240165576338768,,,,,,,,,,,,,,,,,,,13Air_leak_denoised_engine_features.csv
,air_leak,,,,,,,,,,,,,,,,,,,,,,,,,,,,,,,,,,,,,,,,,,,,,,0.0026659748100223454,14Air_leak_denoised_bispectrum.csv
,air_leak,,,,,,,,,,,,,,,,,,,,,,,,,,,,,52.37248782322149,0.010956986286871374,0.38459333042614574,0.0,9777.37120572898,6.090802215093227,1.0,67.0,,,,,,,,,,,14Air_leak_denoised_bispectrum_features.csv
,air_leak,-253.7909127247272,149.56186454176685,-16.9818685126519,24.579181078743687,2.674168667853817,45.85172239713011,-10.700007191595152,15.76659177881456,9.655208803390575,6.159985991181227,-2.620157546468344,14.366880021630449,-7.770207476833216,2913.3799534978248,3898.605640627323,6522.3714019189765,0.0281797624600213,0.0554207898676395,-8.374581257361485e-06,0.0020261143510842,4.053488899262645e-05,0.0410346359309473,0.000131072063563,0.0446215890461119,9.107904486510256e-05,0.1645259390506259,0.0550852082669734,0.0720991194248199,,,,,,,,,,,,,,,,,,,14Air_leak_denoised_engine_features.csv
,air_leak,,,,,,,,,,,,,,,,,,,,,,,,,,,,,,,,,,,,,,,,,,,,,,0.0004897961260867289,15Air_leak_denoised_bispectrum.csv
,air_leak,,,,,,,,,,,,,,,,,,,,,,,,,,,,,2068.56176620849,0.09647043783526499,8.843310874053257,0.0,5165920.407428898,3.7492194975341535,1.0,1.0,,,,,,,,,,,15Air_leak_denoised_bispectrum_features.csv
,air_leak,-130.1305428063531,150.1193921926388,-17.53404678658012,28.465896490279388,-1.2357538203794711,48.06317492491803,-11.898291713002289,16.66863038837596,7.625596590511582,8.139829035697304,-3.936064450140878,14.57076578843099,-7.398294814600739,2863.341390107213,3899.0738158073545,6546.008795309169,0.0256706839685501,0.1890006959438324,-3.04548322431285e-06,0.0009224825861967,7.646168929610736e-05,0.0436469180932376,-0.0001017681201099,0.0096107374515592,-0.0001334833779064,0.5734657027608282,0.1881176531314849,0.2471785694360733,,,,,,,,,,,,,,,,,,,15Air_leak_denoised_engine_features.csv
,air_leak,,,,,,,,,,,,,,,,,,,,,,,,,,,,,,,,,,,,,,,,,,,,,,8.732056970664426e-05,16Air_leak_denoised_bispectrum.csv
,air_leak,,,,,,,,,,,,,,,,,,,,,,,,,,,,,1626.1007302966257,0.08960239973807496,7.051976525537685,0.0,3285171.6811208744,4.221390644840113,1.0,1.0,,,,,,,,,,,16Air_leak_denoised_bispectrum_features.csv
,air_leak,-113.33666783413202,128.43301861654933,-13.424578805700468,41.60001270311182,-14.079292903793412,52.43654670409318,-11.384051072754753,17.543948826112743,0.7731501883030728,15.052533281020889,-9.085876257270396,13.93915764935124,-6.9758357020465525,3681.255048473295,4497.906398666391,8793.660047974414,0.0303598497468017,0.1810677349567413,5.747018017726387e-07,0.0001945638490291,9.8060267269172e-05,0.0578984687998149,-0.000215595287947,0.0183507495535646,-0.0004004872073578,0.5448963259958327,0.1807578802108764,0.236438050866127,,,,,,,,,,,,,,,,,,,16Air_leak_denoised_engine_features.csv
,air_leak,,,,,,,,,,,,,,,,,,,,,,,,,,,,,,,,,,,,,,,,,,,,,,9.989512724685929e-06,17Air_leak_denoised_bispectrum.csv
,air_leak,,,,,,,,,,,,,,,,,,,,,,,,,,,,,404.811523566774,0.02779500353791666,1.8252767232473328,0.0,220102.19476716671,4.7713690053998254,1.0,1.0,,,,,,,,,,,17Air_leak_denoised_bispectrum_features.csv
,air_leak,-141.60070683112284,108.62612304976176,-11.750180030430537,49.181023159168674,-21.526055500866267,50.6357233501357,-7.284560900300501,17.93102725894938,-0.7586566240242052,19.29613248495528,-12.00557131144864,15.16782198027993,-8.664113624679706,4625.708010497746,4835.581515710239,10177.921775053304,0.0449905883528784,0.1103038191795349,-4.0504753631333093e-07,0.0002765284362684,-0.0001924787814556,0.0547874694388397,0.0001548555397516,0.0233055298961064,0.0002361057687282,0.3321956493681571,0.1100728511810302,0.143698439002037,,,,,,,,,,,,,,,,,,,17Air_leak_denoised_engine_features.csv
,air_leak,,,,,,,,,,,,,,,,,,,,,,,,,,,,,,,,,,,,,,,,,,,,,,0.00015910085894572923,18Air_leak_denoised_bispectrum.csv
,air_leak,,,,,,,,,,,,,,,,,,,,,,,,,,,,,762.7611704104827,0.04761125075901388,3.360813729129896,0.0,746177.7291569533,4.573320777685123,1.0,1.0,,,,,,,,,,,18Air_leak_denoised_bispectrum_features.csv
,air_leak,-126.97740603867643,110.52548045198428,-12.13023614063392,48.18388247876689,-19.69884436898928,50.31273423331895,-7.42980453031524,17.55241845960787,-0.1332225807151361,18.5790991745303,-11.587228027207177,14.593547912424944,-8.113116371047902,4489.493619444092,4800.391215210596,10007.362739872067,0.0419109808102345,0.1338167488574981,-7.3002635962511e-07,0.0001712582518948,0.0002198501386272,0.0617662724868109,-7.770338054784561e-05,0.0283802243417582,2.0715493421727387e-05,0.4082285016648087,0.1335250735282898,0.1753162145614624,,,,,,,,,,,,,,,,,,,18Air_leak_denoised_engine_features.csv
,air_leak,,,,,,,,,,,,,,,,,,,,,,,,,,,,,,,,,,,,,,,,,,,,,,7.693624347347564e-05,19Air_leak_denoised_bispectrum.csv
,air_leak,,,,,,,,,,,,,,,,,,,,,,,,,,,,,937.7070977706624,0.058685628092386144,4.250923806524121,0.0,1193756.2320433748,4.634756415636689,1.0,1.0,,,,,,,,,,,19Air_leak_denoised_bispectrum_features.csv
,air_leak,-109.46700932053244,112.54549665877649,-12.87942443503153,48.6349006287649,-21.16406898923162,51.07664091740524,-7.507824511754123,18.231999674004648,-1.73970575523919,18.772347062378383,-12.782660773073824,15.361253245102503,-8.715275426274605,4480.349318241516,4795.125025986416,9989.32236140725,0.0424273720682302,0.1536295562982559,2.461805998347069e-07,8.554660162216406e-05,-3.149810841896268e-06,0.07006352490613,-0.000160180171239,0.0308740332847614,0.0010828783712483,0.4617400891453727,0.1533603817224502,0.2010211646556854,,,,,,,,,,,,,,,,,,,19Air_leak_denoised_engine_features.csv
,air_leak,,,,,,,,,,,,,,,,,,,,,,,,,,,,,,,,,,,,,,,,,,,,,,0.0001712939876358519,20Air_leak_denoised_bispectrum.csv
,air_leak,,,,,,,,,,,,,,,,,,,,,,,,,,,,,876.1509794288729,0.07362756558981645,4.85736960101458,0.0,1558720.76387467,4.58300004802381,1.0,1.0,,,,,,,,,,,20Air_leak_denoised_bispectrum_features.csv
,air_leak,-108.08063803182516,113.33256087532774,-11.96521757268856,48.31158692190152,-19.280945561419205,50.84894982027835,-7.233709462937027,17.916977248085217,-0.4727652380279677,18.24407043654609,-12.569218549118672,14.425276968281466,-8.20350396504307,4360.14746729966,4757.931728529865,9797.674573560767,0.039964102478678,0.167299136519432,-5.052103180499969e-07,0.0001762661191122,8.447840271108502e-05,0.072607722558362,-0.0004455883051647,0.0344736446527789,0.0001977291728088,0.5006830777128876,0.1669765263795852,0.2190115600824356,,,,,,,,,,,,,,,,,,,20Air_leak_denoised_engine_features.csv
,air_leak,,,,,,,,,,,,,,,,,,,,,,,,,,,,,,,,,,,,,,,,,,,,,,0.000328958805355863,21Air_leak_denoised_bispectrum.csv
,air_leak,,,,,,,,,,,,,,,,,,,,,,,,,,,,,558.4769870620254,0.05152301873204373,2.9518204502538907,0.0,575676.3861027666,4.794172732288985,1.0,1.0,,,,,,,,,,,21Air_leak_denoised_bispectrum_features.csv
,air_leak,-126.24193232006692,112.00578476227956,-10.846449821330369,49.70006595908977,-17.880537584641267,52.199375030804106,-7.023416690541334,16.94594303060189,-1.250492152273926,17.731952203045708,-12.272005031811656,14.220667617305422,-8.620653016218327,4394.6396910985,4775.224094516022,9881.03011727079,0.0406866337953091,0.1413188427686691,1.6710757856452548e-07,0.0002728029389853,-0.0001596081101142,0.0634885856532342,1.97747984699042e-05,0.0286712712855092,3.10090025473715e-05,0.4265133684061412,0.1408681273460388,0.1835604906082153,,,,,,,,,,,,,,,,,,,21Air_leak_denoised_engine_features.csv
,air_leak,,,,,,,,,,,,,,,,,,,,,,,,,,,,,,,,,,,,,,,,,,,,,,0.01469069746447904,22Air_leak_denoised_bispectrum.csv
,air_leak,,,,,,,,,,,,,,,,,,,,,,,,,,,,,174.01418820236304,0.015325822216146435,0.8335964603748999,0.0,45911.84479106601,5.553564960932055,1.0,1.0,,,,,,,,,,,22Air_leak_denoised_bispectrum_features.csv
,air_leak,-182.0570174690704,119.51114492029858,-12.281397488273674,40.23749450148789,-12.419235093358292,47.59858451825147,0.014804083195799,18.02227944274229,3.1579671464947414,14.563047685460516,-7.481748975005281,15.861421649957984,-4.075531144359474,3879.003520436303,4504.729011634534,8768.873267590618,0.038015141924307,0.0978331938385963,8.997284340396863e-06,0.0115096507176746,3.1659363455005184e-05,0.0474566701609167,-1.4168619807681993e-05,0.0274448368570538,0.0002117226740343,0.2921451829861794,0.09748475253582,0.1288646459579467,,,,,,,,,,,,,,,,,,,22Air_leak_denoised_engine_features.csv
,air_leak,,,,,,,,,,,,,,,,,,,,,,,,,,,,,,,,,,,,,,,,,,,,,,0.0019972920863719607,23Air_leak_denoised_bispectrum.csv
,air_leak,,,,,,,,,,,,,,,,,,,,,,,,,,,,,623.6084746370432,0.05284343304660374,3.7003617181946376,0.0,904572.0500715916,4.369182980857656,1.0,2.0,,,,,,,,,,,23Air_leak_denoised_bispectrum_features.csv
,air_leak,-120.53271297891226,121.98410192837228,-11.8325185332788,42.67621329578453,-16.320694189591855,46.77438909978936,1.4173751830057513,17.566506510152426,-3.151332156574272,13.64299528560868,-7.365915700144364,13.75260193740256,-8.21376421293567,3818.2205570789824,4545.04458642856,8864.82209488273,0.0382421042110874,0.157840684056282,-9.384176366603685e-06,0.0059531216620062,9.337239154873674e-05,0.0492560214779194,-7.653225589970154e-05,0.0340541940295783,-0.0008875250832947,0.4780089408805459,0.1573454886674881,0.2073009461164474,,,,,,,,,,,,,,,,,,,23Air_leak_denoised_engine_features.csv
,air_leak,,,,,,,,,,,,,,,,,,,,,,,,,,,,,,,,,,,,,,,,,,,,,,0.00013141562507494166,24Air_leak_denoised_bispectrum.csv
,air_leak,,,,,,,,,,,,,,,,,,,,,,,,,,,,,952.1412651230365,0.05661021759642213,5.154441731632016,0.0,1755019.3048205092,3.5820541502024303,1.0,2.0,,,,,,,,,,,24Air_leak_denoised_bispectrum_features.csv
,air_leak,-118.79744259389491,122.76621924711974,-11.392238883937766,42.98190261914551,-17.892700895572744,46.72164336809166,1.3809668036916587,19.58042038790406,-0.7514126871408847,16.64158861432629,-5.572567626897095,14.97023048426491,-7.031281208827038,3664.380237904225,4512.10014046528,8726.096082089553,0.0310823810634328,0.1824059933423996,-2.8590620005200854e-07,8.471904471883244e-05,-0.0001525130637465,0.047663548589678,0.00060587019413,0.0355790010648042,0.0003076728780181,0.5523375970781713,0.1814286559820175,0.2399994730949401,,,,,,,,,,,,,,,,,,,24Air_leak_denoised_engine_features.csv
,air_leak,,,,,,,,,,,,,,,,,,,,,,,,,,,,,,,,,,,,,,,,,,,,,,3.4366367827768182e-06,25air_leak_denoised_bispectrum.csv
,air_leak,,,,,,,,,,,,,,,,,,,,,,,,,,,,,20.23086903781519,0.014467794501968473,0.1927167768212984,0.0,2466.868932229488,7.083933675435865,11.0,11.0,,,,,,,,,,,25air_leak_denoised_bispectrum_features.csv
,air_leak,-118.52544591512002,125.43918039902007,-57.69737860131202,20.40157268407595,-14.38216124374321,23.95030555787025,-20.77993017737763,-0.7478519532590416,-4.9829229402156505,20.643848060180343,-0.152488546025158,24.96341199251175,-5.248156369147994,3634.96079119564,3913.294675766759,7283.065698294243,0.0741094333022388,0.0990578755736351,5.700747770193699e-07,0.0004349524194945,-6.345409980076775e-05,0.0299550907847802,-6.565362245091369e-05,0.0580567517376479,0.0007306651623141,0.2753049494992632,0.0987205952405929,0.1242511719465255,,,,,,,,,,,,,,,,,,,25air_leak_denoised_engine_features.csv
,air_leak,,,,,,,,,,,,,,,,,,,,,,,,,,,,,,,,,,,,,,,,,,,,,,0.00012765569068940577,26air_leak_denoised_bispectrum.csv
,air_leak,,,,,,,,,,,,,,,,,,,,,,,,,,,,,33.12599383381934,0.03510681822519284,0.4831605639247852,0.0,15500.156022730554,6.719231213269526,0.0,0.0,,,,,,,,,,,26air_leak_denoised_bispectrum_features.csv
,air_leak,-90.58782533468975,134.52884293125888,-62.89350722315852,-0.983857168435352,-17.96265584157125,14.254500901034037,-23.156784916859007,1.670936085955629,3.423698570918218,10.04033750192639,-1.5812093590976264,20.0663502630748,-2.618785665435047,3405.200116645664,3743.630424617577,6454.657515991471,0.0704874067164179,0.1307814866304397,1.195460093916107e-05,0.0022671612103335,0.0001698091391246,0.0341479831335586,9.58914672610594e-05,0.0485267980372603,0.0098790323510994,0.3762246842595984,0.1304357200860977,0.1598971337080001,,,,,,,,,,,,,,,,,,,26air_leak_denoised_engine_features.csv
,air_leak,,,,,,,,,,,,,,,,,,,,,,,,,,,,,,,,,,,,,,,,,,,,,,4.162309244196294e-05,27air_leak_denoised_bispectrum.csv
,air_leak,,,,,,,,,,,,,,,,,,,,,,,,,,,,,40.46472347040556,0.027952972639690925,0.4568761302263452,0.0,13838.399366485162,6.282407007971388,10.0,10.0,,,,,,,,,,,27air_leak_denoised_bispectrum_features.csv
,air_leak,-110.43823123572164,158.0407043619392,-75.16135396290193,-11.08322040577213,-16.364184541831182,14.011444085281418,-27.670023724960977,5.90145852089306,7.967288600841069,6.267736853146394,-1.6482018216346397,24.36673373610401,-10.747476587533637,2849.897817861916,3193.121256846573,4560.717617270789,0.0685519806103411,0.131104290485382,2.3565322639739507e-06,0.0005167302390756,2.985031232539057e-05,0.016564506503003,0.000294400879139,0.0268759330739053,-0.0191889815604853,0.3762451954236096,0.1308411061763763,0.1602458357810974,,,,,,,,,,,,,,,,,,,27air_leak_denoised_engine_features.csv
,air_leak,,,,,,,,,,,,,,,,,,,,,,,,,,,,,,,,,,,,,,,,,,,,,,1.802834499112713e-05,28air_leak_denoised_bispectrum.csv
,air_leak,,,,,,,,,,,,,,,,,,,,,,,,,,,,,97.86231692436985,0.008165244504848406,0.4484315184775289,0.0,13286.251584205607,4.76917639546562,1.0,1.0,,,,,,,,,,,28air_leak_denoised_bispectrum_features.csv
,air_leak,-176.10281754540205,156.28494540864764,-58.146730920202735,-8.504554611226979,-4.458569765075537,14.982427532594205,-21.67376574562994,4.137281204066368,14.626934682918924,3.047757062180387,2.790165603676221,20.518582132561544,-1.915613734463316,2646.423315118621,3177.036596426195,4360.274520255864,0.0561325626332622,0.0810458213090896,2.31895396512206e-07,8.004751521871337e-05,-7.502346803120631e-06,0.0077617079243068,4.348618978781538e-05,0.0110828220949972,0.0040998665730266,0.2690231581518378,0.0799427703022956,0.1013769581913948,,,,,,,,,,,,,,,,,,,28air_leak_denoised_engine_features.csv
,air_leak,,,,,,,,,,,,,,,,,,,,,,,,,,,,,,,,,,,,,,,,,,,,,,1.3472430143778268e-05,29air_leak_denoised_bispectrum.csv
,air_leak,,,,,,,,,,,,,,,,,,,,,,,,,,,,,104.7210319704068,0.027598478709999635,0.700437008763631,0.0,32454.740142292423,5.94215126080518,1.0,1.0,,,,,,,,,,,29air_leak_denoised_bispectrum_features.csv
,air_leak,-115.86953213941555,152.5875355383334,-65.89124631821025,-8.84916310777763,-10.80835843626477,16.813441325772242,-27.026998365289103,5.130276344829834,10.33594209033963,3.232287228457525,-0.5368766877574481,22.10971969700696,-5.764990316412081,2898.3048548052097,3322.360505139379,4929.071162046908,0.0646957039578891,0.1279083788394928,-2.029653803295646e-06,0.0008967015165167,2.867595562487258e-05,0.0194512660579771,0.0001581184295827,0.0234592354860725,-0.0173962077020541,0.3837977884213806,0.1273089498281479,0.1569462865591049,,,,,,,,,,,,,,,,,,,29air_leak_denoised_engine_features.csv
,air_leak,,,,,,,,,,,,,,,,,,,,,,,,,,,,,,,,,,,,,,,,,,,,,,7.451631237776529e-05,30air_leak_denoised_bispectrum.csv
,air_leak,,,,,,,,,,,,,,,,,,,,,,,,,,,,,121.6740410103468,0.0165414946951204,0.8763867437876373,0.0,50747.2528583484,4.56807307073853,1.0,1.0,,,,,,,,,,,30air_leak_denoised_bispectrum_features.csv
,air_leak,-165.28203197530402,141.73678470374523,-50.21210877653041,4.729505818009995,-7.803969253079569,21.055286579842576,-19.23878128041409,3.883003059264289,5.794527024217248,5.786626821293433,-3.9764162509351952,14.869814706402034,-1.1304407276568078,3065.601540227378,3651.537609673613,5944.729477611941,0.0541263409514925,0.0854201689362526,5.127811852968193e-07,0.0008568258889646,-6.542325816791096e-05,0.0148609021054503,-0.0001332119787871,0.0214722759967034,0.0111248572814516,0.2826116271801319,0.0840355679392814,0.1044689789414405,,,,,,,,,,,,,,,,,,,30air_leak_denoised_engine_features.csv
,air_leak,,,,,,,,,,,,,,,,,,,,,,,,,,,,,,,,,,,,,,,,,,,,,,3.735230048433755e-05,31air_leak_denoised_bispectrum.csv
,air_leak,,,,,,,,,,,,,,,,,,,,,,,,,,,,,124.81645353537807,0.023829902711408862,0.7021938821249145,0.0,32604.699977060474,5.873326384999058,0.0,1.0,,,,,,,,,,,31air_leak_denoised_bispectrum_features.csv
,air_leak,-115.68866928853524,151.7044745501191,-63.189543710754535,-5.724704562983036,-13.87438412051264,14.257422060585894,-23.534597245633734,4.010595423633682,6.174590009531155,4.702052349375365,-1.2850143609565712,18.59672363116129,-1.9330144868165449,2818.5304112235326,3320.1110663263858,4854.8107675906185,0.0582314432302771,0.1276175826787948,2.400019462290765e-07,0.0003578280183915,-9.639883522345083e-05,0.0165794452746303,-6.534765318767272e-05,0.0271033656961592,0.0105581362838901,0.3782089340674078,0.1267289966344833,0.1581635028123855,,,,,,,,,,,,,,,,,,,31air_leak_denoised_engine_features.csv
,air_leak,,,,,,,,,,,,,,,,,,,,,,,,,,,,,,,,,,,,,,,,,,,,,,0.0006920977767725787,32air_leak_denoised_bispectrum.csv
,air_leak,,,,,,,,,,,,,,,,,,,,,,,,,,,,,33.520382677309925,0.04803362889405411,0.6479220948839993,0.0,27879.96125913436,6.813558485229814,12.0,12.0,,,,,,,,,,,32air_leak_denoised_bispectrum_features.csv
,air_leak,-97.97109389656374,127.1092295565994,-65.00865944348824,-1.6649970664141556,-20.19059560405384,20.204503742828937,-23.56701351341873,5.70602685651078,0.3825920108859558,7.930200840863112,-5.941548338120304,16.71068388751108,-2.490685723566477,3671.876454431752,3912.492013244365,7101.462553304904,0.074043843283582,0.1183121278882026,-1.01354289014181e-06,0.0026287513939787,-9.869333208672322e-05,0.0402666999160176,-0.0002272204757042,0.0561775215472088,-0.0059601121559289,0.3493830490693574,0.1178027391433715,0.1381437182426452,,,,,,,,,,,,,,,,,,,32air_leak_denoised_engine_features.csv
,air_leak,,,,,,,,,,,,,,,,,,,,,,,,,,,,,,,,,,,,,,,,,,,,,,3.1915091520941286e-05,33air_leak_denoised_bispectrum.csv
,air_leak,,,,,,,,,,,,,,,,,,,,,,,,,,,,,37.03619257927902,0.03714490362078692,0.5294830567686448,0.0,18608.120254336554,6.595297986327576,0.0,1.0,,,,,,,,,,,33air_leak_denoised_bispectrum_features.csv
,air_leak,-89.71966137247924,144.25843377179874,-64.8248688987558,-1.3910070558775527,-20.24516772598235,17.39497195663273,-25.94994471572284,3.955904087785165,0.0709949721421,6.457867868022781,-7.137397600407983,19.153193571984524,-4.3279329975205965,3193.6063349702376,3576.1862242791053,5920.792244136461,0.0671964535581023,0.1351973563432693,1.7170702542646414e-06,0.0010825899532765,-0.000120771415292,0.0297469181312583,-1.1024510885818588e-05,0.0379159404692381,0.0262567049763866,0.3852929272321268,0.1349241584539413,0.1631636619567871,,,,,,,,,,,,,,,,,,,33air_leak_denoised_engine_features.csv
,air_leak,,,,,,,,,,,,,,,,,,,,,,,,,,,,,,,,,,,,,,,,,,,,,,0.00012291535408377676,34air_leak_denoised_bispectrum.csv
,air_leak,,,,,,,,,,,,,,,,,,,,,,,,,,,,,62.96244875189639,0.050930063422332014,0.8254084168881565,0.0,45170.443871356496,6.3285388875945365,7.0,7.0,,,,,,,,,,,34air_leak_denoised_bispectrum_features.csv
,air_leak,-79.47233472655394,147.82488750901405,-64.18892425013397,-4.866458126625055,-20.621594685289946,16.3891766253661,-25.62013339909471,4.915458002009219,1.2183570477635914,4.911858911478929,-4.524620708759108,18.726913344763773,-2.2071046005926727,3002.478214635336,3455.682384159671,5390.3251599147125,0.0637503748001066,0.1637358516454696,4.007284314568409e-07,0.0004691169735259,0.0001340080511641,0.0290378553778428,-0.0002123593765717,0.0385391030643982,0.0232191479917306,0.473075408959747,0.1633050292730331,0.2016127258539199,,,,,,,,,,,,,,,,,,,34air_leak_denoised_engine_features.csv
,air_leak,,,,,,,,,,,,,,,,,,,,,,,,,,,,,,,,,,,,,,,,,,,,,,0.00032213019392009754,35air_leak_denoised_bispectrum.csv
,air_leak,,,,,,,,,,,,,,,,,,,,,,,,,,,,,71.50573282930667,0.046333531392846655,0.7314890043606557,0.0,35483.03926072573,6.425001717038265,6.0,7.0,,,,,,,,,,,35air_leak_denoised_bispectrum_features.csv
,air_leak,-83.93234257552487,147.37388580401034,-68.11913562350747,-4.144436038738682,-21.03386137391773,16.82068431729403,-29.841162607700845,4.524802181604699,0.0144732409894587,5.727897496900847,-6.350074900016286,21.247429451989525,-3.660235866248889,3084.436498237942,3483.572201045619,5518.256929637527,0.067825284848081,0.1521714627742767,-4.080886475579453e-06,0.0008789380957678,-2.586574257222576e-05,0.0284212746748773,0.0001410277291248,0.0378529930853444,0.0022697646156884,0.4342585949875869,0.151940032839775,0.1855760067701339,,,,,,,,,,,,,,,,,,,35air_leak_denoised_engine_features.csv
,air_leak,,,,,,,,,,,,,,,,,,,,,,,,,,,,,,,,,,,,,,,,,,,,,,0.001468557372579742,36air_leak_denoised_bispectrum.csv
,air_leak,,,,,,,,,,,,,,,,,,,,,,,,,,,,,32.68102736039778,0.012070378189513578,0.237597075692094,0.0,3738.2455560227327,6.166383455965129,1.0,1.0,,,,,,,,,,,36air_leak_denoised_bispectrum_features.csv
,air_leak,-139.47321615591815,146.6922603157534,-58.90277053297899,-2.6023984735986105,-9.518388577201137,16.570990040047917,-20.72919295314713,3.5308405018981763,4.656789094599082,3.6682973218529016,-3.537005855899773,15.267125934105984,-3.241828154801046,3031.625278661258,3610.780124384147,5458.688699360341,0.0605270938832622,0.0939730256795883,6.915922900291949e-06,0.0019691369547236,-4.478932400755732e-05,0.0149472122702062,0.0002894013155688,0.0242241188930257,-0.0030800292778152,0.2854212246693981,0.0931706726551055,0.113882191479206,,,,,,,,,,,,,,,,,,,36air_leak_denoised_engine_features.csv
,air_leak,,,,,,,,,,,,,,,,,,,,,,,,,,,,,,,,,,,,,,,,,,,,,,0.0004989578185271655,37air_leak_denoised_bispectrum.csv
,air_leak,,,,,,,,,,,,,,,,,,,,,,,,,,,,,44.6227584492709,0.03013033773336087,0.5472227494993477,0.0,19838.515606388704,6.118202285983776,1.0,5.0,,,,,,,,,,,37air_leak_denoised_bispectrum_features.csv
,air_leak,-109.40583244414942,159.44625574723946,-66.25081719947619,-11.04897510236719,-9.53183465349753,11.691568962778478,-25.20924820620757,0.8874802938583635,6.457926659726807,-0.9793740181030596,-2.1525866535270683,19.891728013089484,-6.417296668855329,2777.553188727269,3241.7408240588466,4435.234541577825,0.0651933552105543,0.1298226565122604,5.160067175774639e-06,0.0025049588667836,5.252495883945812e-05,0.0138686559550706,-1.2636401688862668e-05,0.0254279415387294,-0.0127081115563522,0.3768001116145981,0.1295008212327957,0.1578026711940765,,,,,,,,,,,,,,,,,,,37air_leak_denoised_engine_features.csv
,air_leak,,,,,,,,,,,,,,,,,,,,,,,,,,,,,,,,,,,,,,,,,,,,,,0.0001361247831132945,38air_leak_denoised_bispectrum.csv
,air_leak,,,,,,,,,,,,,,,,,,,,,,,,,,,,,59.64061318442816,0.06172325280313436,0.9342029456091047,0.0,57894.91433268016,6.39577805386235,1.0,6.0,,,,,,,,,,,38air_leak_denoised_bispectrum_features.csv
,air_leak,-82.85302042771083,151.5761226450496,-67.97468740104185,-4.768079265006689,-19.105017167964743,14.135841747726351,-28.49130408674077,4.494633365064632,1.834076558636695,5.184739673849804,-6.141382348525774,19.600600126487173,-6.120564883074212,3015.33893830768,3415.527203234128,5297.12486673774,0.0681865505063965,0.1589805781841278,-4.51059577702788e-06,0.0011111513646088,-0.0001531322902123,0.0283314884123054,-0.0001173464969182,0.0455447150398714,0.0043232681984477,0.4616493200228854,0.1586243063211441,0.1933361291885376,,,,,,,,,,,,,,,,,,,38air_leak_denoised_engine_features.csv
,air_leak,,,,,,,,,,,,,,,,,,,,,,,,,,,,,,,,,,,,,,,,,,,,,,0.005594216609256654,39air_leak_denoised_bispectrum.csv
,air_leak,,,,,,,,,,,,,,,,,,,,,,,,,,,,,113.35438455544094,0.09774672880903616,1.528194483674393,0.0,154880.46670044033,6.8288009320715854,5.0,5.0,,,,,,,,,,,39air_leak_denoised_bispectrum_features.csv
,air_leak,-44.46815534373766,122.43011582596802,-54.39434399887878,10.932273713043454,-32.026413750873274,13.766103693024608,-27.29676204125132,2.567702515669788,-3.9033552752175855,15.750658625956712,-7.355643211911273,19.32826076222876,-3.2751081814477385,3912.622307154715,4179.050278978037,8034.115138592751,0.0717981659781449,0.1857358068227768,7.73909284110431e-06,0.0039276713670256,-0.0003765036719822,0.0710646369459708,0.0001747141681325,0.0851344521915101,-0.0028223294790474,0.5211925395926286,0.1854117810726165,0.22820545732975,,,,,,,,,,,,,,,,,,,39air_leak_denoised_engine_features.csv
,air_leak,,,,,,,,,,,,,,,,,,,,,,,,,,,,,,,,,,,,,,,,,,,,,,4.4932449708412925e-06,40air_leak_denoised_bispectrum.csv
,air_leak,,,,,,,,,,,,,,,,,,,,,,,,,,,,,181.10620736917707,0.07647028404038973,1.3182472881730896,0.0,115164.59628695557,6.75796404110758,1.0,1.0,,,,,,,,,,,40air_leak_denoised_bispectrum_features.csv
,air_leak,-47.728520143950576,120.92923184081032,-54.44630953745415,16.409395315508256,-38.56915067175581,13.857778051341976,-25.250359716144,4.440699673497842,-7.531380597720584,20.404546651186656,-7.91927862822872,23.78514066091033,-3.3242163875146287,3978.8859284103737,4206.772743398207,8125.816231343284,0.073659673174307,0.1772171705961227,1.2296601561407224e-06,0.0002684781062764,-0.0002465062739913,0.0716790857572176,-0.0006149550422106,0.0909989042323855,0.0008141440762547,0.4874041256704776,0.1770009994506836,0.2222220003604889,,,,,,,,,,,,,,,,,,,40air_leak_denoised_engine_features.csv
,air_leak,,,,,,,,,,,,,,,,,,,,,,,,,,,,,,,,,,,,,,,,,,,,,,4.804032846962006e-06,41air_leak_denoised_bispectrum.csv
,air_leak,,,,,,,,,,,,,,,,,,,,,,,,,,,,,81.90240440506896,0.06557404015665809,1.0037559880969689,0.0,66830.09800915806,6.860712021852214,5.0,5.0,,,,,,,,,,,41air_leak_denoised_bispectrum_features.csv
,air_leak,-51.0050059662393,120.7071056869604,-54.64772855739261,16.355038012153567,-38.00228023241615,16.130580715690144,-25.68444276404751,5.13965435978323,-7.282698455536881,20.43766997325924,-7.688913569480888,23.7301741943868,-4.877949398436444,4020.434713880456,4216.434634195146,8232.909115138593,0.0758449660181236,0.167876735329628,-3.352172973410134e-07,0.0001055804986606,-4.9601167141695546e-05,0.069318139032886,-3.856517863901795e-05,0.083817490838331,-4.986282081193999e-05,0.4600659355464577,0.1676971018314361,0.2104971706867218,,,,,,,,,,,,,,,,,,,41air_leak_denoised_engine_features.csv
,air_leak,,,,,,,,,,,,,,,,,,,,,,,,,,,,,,,,,,,,,,,,,,,,,,1.5299924325277767e-05,42air_leak_denoised_bispectrum.csv
,air_leak,,,,,,,,,,,,,,,,,,,,,,,,,,,,,235.52447674591627,0.08701000265952051,1.7421360936106591,0.0,200961.275845324,6.44469584196514,6.0,6.0,,,,,,,,,,,42air_leak_denoised_bispectrum_features.csv
,air_leak,-47.12141738661224,120.72122277922824,-59.14473783803854,10.76193848810054,-45.03277290542649,11.510502016245209,-31.347136125254213,2.2739079953991554,-11.348395710280654,17.881072094384876,-9.90681141082813,24.266416189647057,-5.125723243648545,3988.2346087904334,4177.877419862589,8163.795975479744,0.0748309235074626,0.179923728108406,-8.83530357637987e-08,5.935115452527311e-05,0.0003639366072481,0.07175740769394,0.0003114867586697,0.0860399728065146,-0.0005837364860691,0.4942054702070005,0.1796842515468597,0.2249009311199188,,,,,,,,,,,,,,,,,,,42air_leak_denoised_engine_features.csv
,air_leak,,,,,,,,,,,,,,,,,,,,,,,,,,,,,,,,,,,,,,,,,,,,,,1.2018879353157716e-05,43air_leak_denoised_bispectrum.csv
,air_leak,,,,,,,,,,,,,,,,,,,,,,,,,,,,,86.81061954182185,0.007915916746175212,0.4799836105178133,0.0,15220.789154317856,4.861310076127664,0.0,1.0,,,,,,,,,,,43air_leak_denoised_bispectrum_features.csv
,air_leak,-145.23306554784398,113.64397765400918,-51.02714454711488,4.789391409938682,-38.24199210371011,4.938787393889728,-22.75171842639514,-2.6137234030453658,-3.3761525222415045,13.135648289553878,-2.6934445339714266,18.65011571232127,1.8494567841824383,3918.8096714898265,4183.493772528696,8082.339418976546,0.0703718433502132,0.0731918737292289,-1.8125436270187e-07,8.573579813537961e-05,4.211333269746792e-05,0.0258628329438687,-6.13537202088508e-05,0.0306194089707625,0.0001761018187675,0.2342166173043079,0.0726246982812881,0.0925029814243316,,,,,,,,,,,,,,,,,,,43air_leak_denoised_engine_features.csv
,air_leak,,,,,,,,,,,,,,,,,,,,,,,,,,,,,,,,,,,,,,,,,,,,,,7.760939064284236e-06,44air_leak_denoised_bispectrum.csv
,air_leak,,,,,,,,,,,,,,,,,,,,,,,,,,,,,268.5214711920855,0.01935714140497897,1.3713744139666315,0.0,124240.97490720393,3.510234296535088,1.0,1.0,,,,,,,,,,,44air_leak_denoised_bispectrum_features.csv
,air_leak,-169.9103177874196,130.39801487044406,-30.956651771018784,19.26496004517117,-22.14702868401651,12.969407221996844,-10.559917335704808,1.3354919182678722,2.3805083488968104,13.749602617913224,-0.8344440474987693,17.30852770985114,2.4758815886870966,3165.976138753422,3977.809370938902,6967.6839019189765,0.0438880513726012,0.098941683769226,6.842317075585117e-08,2.517903597141456e-05,2.9637072771376382e-05,0.0168426195752906,0.0001367056645316,0.0217980921025859,-0.0004824093042779,0.3515485880176241,0.0965133979916572,0.1251586377620697,,,,,,,,,,,,,,,,,,,44air_leak_denoised_engine_features.csv
,air_leak,,,,,,,,,,,,,,,,,,,,,,,,,,,,,,,,,,,,,,,,,,,,,,5.7667212255200593e-05,45air_leak_denoised_bispectrum.csv
,air_leak,,,,,,,,,,,,,,,,,,,,,,,,,,,,,178.40241949036172,0.023810043991092687,1.1495483711333985,0.0,87318.65219125299,4.540446086034625,1.0,1.0,,,,,,,,,,,45air_leak_denoised_bispectrum_features.csv
,air_leak,-122.61354135301944,134.35722900927513,-37.296315166936,21.92969422230903,-26.974737303379094,14.85147447776412,-14.608777666096344,5.41191446474109,-1.4903246017043568,16.769719717501644,-3.836562735075322,19.183787152682346,-0.5122980335359968,3218.057267977729,3991.890822052604,7114.805437100214,0.0470113855943496,0.1302965581417083,6.279527343324086e-08,5.074156906993722e-05,-2.2965455188383955e-05,0.0271397669756932,-0.0001227042115913,0.0374340976592845,-0.0004505934182202,0.3999430588867503,0.1289705634117126,0.1655637174844741,,,,,,,,,,,,,,,,,,,45air_leak_denoised_engine_features.csv
,air_leak,,,,,,,,,,,,,,,,,,,,,,,,,,,,,,,,,,,,,,,,,,,,,,2.921083782148992e-05,46air_leak_denoised_bispectrum.csv
,air_leak,,,,,,,,,,,,,,,,,,,,,,,,,,,,,94.95845641533066,0.029438444114787528,0.7992582352613714,0.0,42250.247346334,5.859704482773563,0.0,1.0,,,,,,,,,,,46air_leak_denoised_bispectrum_features.csv
,air_leak,-89.25875605981493,129.6525273281264,-45.466712144729904,16.824800718735485,-32.45269156057007,11.429234552988946,-19.16086772120164,4.386778598056037,-2.9252033079400004,18.707029597143315,-2.9718534289676524,21.298176466948668,0.1759638068078017,3432.109150415768,4039.95598867392,7389.658848614073,0.0554464702158848,0.1543111205101013,1.863792035410563e-07,7.820267498874505e-05,-0.0001268647159807,0.0391162983695586,0.0001171711458157,0.0563827600911273,-0.0012155811640911,0.4524213694449267,0.1528306901454925,0.1952283233404159,,,,,,,,,,,,,,,,,,,46air_leak_denoised_engine_features.csv
,air_leak,,,,,,,,,,,,,,,,,,,,,,,,,,,,,,,,,,,,,,,,,,,,,,0.0008749718465897678,47air_leak_denoised_bispectrum.csv
,air_leak,,,,,,,,,,,,,,,,,,,,,,,,,,,,,151.0030959691294,0.06043974301610485,1.3311636912363163,0.0,117279.88937354997,6.210411432939281,0.0,1.0,,,,,,,,,,,47air_leak_denoised_bispectrum_features.csv
,air_leak,-84.05497165347391,130.280550474811,-51.41870021931808,14.002124492416296,-26.451024383603983,15.64184720300414,-18.569480575351903,5.901350769711235,-1.873893291227997,17.391185258911538,-2.824744884928907,23.2940006623614,1.0363428527894556,3489.5257590108417,4000.383205159541,7237.49000533049,0.0619107309434968,0.1619632989168167,2.348577240028148e-06,0.0017943397829948,-2.88632567912914e-05,0.0471306343645338,-8.015497962159277e-05,0.0766633671557186,-0.001533432362598,0.4879971700607824,0.1613423079252243,0.2034775763750076,,,,,,,,,,,,,,,,,,,47air_leak_denoised_engine_features.csv
,air_leak,,,,,,,,,,,,,,,,,,,,,,,,,,,,,,,,,,,,,,,,,,,,,,8.062067736435201e-05,48air_leak_denoised_bispectrum.csv
,air_leak,,,,,,,,,,,,,,,,,,,,,,,,,,,,,115.46462762477933,0.07650252364348736,1.4273299716446206,0.0,134946.26299992437,6.390840577894503,1.0,6.0,,,,,,,,,,,48air_leak_denoised_bispectrum_features.csv
,air_leak,-54.970159431552695,127.94885853807725,-57.8733949161263,13.664268365243068,-35.20394251170261,14.458485678661296,-20.502019088377416,6.277161336090177,-7.07814251027878,19.388337138867524,-6.4899293266848845,25.86164183232016,0.3636834586641695,3643.632372730893,4020.308269569431,7526.086087420042,0.0698679454291044,0.1819592714309692,1.5415742803062954e-07,0.0001140733676268,-0.0001856230267024,0.0582740124056342,3.980752035130477e-05,0.0944432727441598,-0.0015129880307997,0.5074737501853311,0.1818358451128006,0.2289987951517105,,,,,,,,,,,,,,,,,,,48air_leak_denoised_engine_features.csv
,air_leak,,,,,,,,,,,,,,,,,,,,,,,,,,,,,,,,,,,,,,,,,,,,,,6.359746787858103e-05,49air_leak_denoised_bispectrum.csv
,air_leak,,,,,,,,,,,,,,,,,,,,,,,,,,,,,321.4790530760567,0.029341856899247405,1.962359774774875,0.0,254402.0449192532,3.817664303916605,1.0,1.0,,,,,,,,,,,49air_leak_denoised_bispectrum_features.csv
,air_leak,-256.0448242045094,152.22777307468243,-35.02929799952545,-9.502545481981354,25.081264859649934,9.558807748994122,-32.44916009373395,-0.5981639844980478,33.08955848709249,10.681973557553029,15.013041883603066,35.067953844936405,8.82760618957704,2233.0045177419656,2958.4046887619543,3943.946561833689,0.0329136960287846,0.1302221119403839,-7.281452063610802e-06,0.0017013376745853,1.055718346676924e-06,0.0031946720772258,0.0001362363447216,0.0130967837697721,-8.971122206758864e-05,0.4767082398562576,0.1301188021898269,0.1760273724794387,,,,,,,,,,,,,,,,,,,49air_leak_denoised_engine_features.csv
,air_leak,,,,,,,,,,,,,,,,,,,,,,,,,,,,,,,,,,,,,,,,,,,,,,7.891552304222651e-05,50air_leak_denoised_bispectrum.csv
,air_leak,,,,,,,,,,,,,,,,,,,,,,,,,,,,,114.27658944161281,0.012780956583833497,0.7832517375225969,0.0,40530.74673932409,3.827738030902248,1.0,1.0,,,,,,,,,,,50air_leak_denoised_bispectrum_features.csv
,air_leak,-276.3354472542731,133.7691909114185,-23.765855421538383,-22.695432607957187,20.70832876022741,8.749510611256458,-22.285124497846017,2.444827607894722,26.56172886332881,7.342075010584974,14.574530699066637,27.65108389868776,12.80414686156097,1974.1736627412915,2701.756554711249,3614.822094882729,0.0310688466151385,0.0947971120476722,5.08828063068689e-06,0.0014654320461494,2.976325151238968e-08,0.0003323307540009,4.196240107312253e-06,0.0009685482824584,0.0007192870126924,0.3669366257807473,0.0940069407224655,0.1271343231201172,,,,,,,,,,,,,,,,,,,50air_leak_denoised_engine_features.csv
,air_leak,,,,,,,,,,,,,,,,,,,,,,,,,,,,,,,,,,,,,,,,,,,,,,0.0008344651478464575,51air_leak_denoised_bispectrum.csv
,air_leak,,,,,,,,,,,,,,,,,,,,,,,,,,,,,1402.788846744537,0.07741893693092781,8.073020852062614,0.0,4305051.32170491,2.7455746769302665,1.0,1.0,,,,,,,,,,,51air_leak_denoised_bispectrum_features.csv
,air_leak,-236.83930880390432,160.0673901368326,-39.07283383688024,-17.445721809832296,33.17702684809132,17.526492588134683,-37.20360711312712,1.6273584327229689,37.40798032281062,5.208711555506936,20.3250679769833,41.29386146982448,1.2235994905164056,2164.1580652100383,2906.7892007319206,3909.6648454157785,0.0356768057036247,0.1846307069063186,2.52215588903942e-06,0.0024378240910385,-4.696296137637156e-06,0.0009123383162616,-8.771761795592698e-05,0.0066108156652876,-0.000155028216338,0.6617953814159755,0.1842377036809921,0.2509409785270691,,,,,,,,,,,,,,,,,,,51air_leak_denoised_engine_features.csv
,air_leak,,,,,,,,,,,,,,,,,,,,,,,,,,,,,,,,,,,,,,,,,,,,,,0.0002712882961911372,52air_leak_denoised_bispectrum.csv
,air_leak,,,,,,,,,,,,,,,,,,,,,,,,,,,,,627.58372485231,0.03624180042318955,3.512480710096564,0.0,814967.6605314303,2.91660194417071,0.0,1.0,,,,,,,,,,,52air_leak_denoised_bispectrum_features.csv
,air_leak,-260.5420320872131,157.20541342656415,-41.59783478127816,-15.880627464850935,36.01972682169199,19.27657921118644,-39.89367023955831,-0.7807176696062069,37.90681969364092,5.437491266317633,20.91950912421321,41.87706825477194,1.365363333827387,1983.5179507862672,2686.9037423468203,3381.7963752665246,0.0329511760394456,0.149073913693428,3.87484363567489e-06,0.0007959180728952,5.195535213562194e-07,0.0002620891507933,4.242340067177156e-06,0.003899533933536,-3.2630053922524416e-05,0.5186180366765548,0.1490871459245681,0.2031033486127853,,,,,,,,,,,,,,,,,,,52air_leak_denoised_engine_features.csv
,air_leak,,,,,,,,,,,,,,,,,,,,,,,,,,,,,,,,,,,,,,,,,,,,,,0.0004159126595529302,53air_leak_denoised_bispectrum.csv
,air_leak,,,,,,,,,,,,,,,,,,,,,,,,,,,,,394.4268601869175,0.027621168245639257,2.3793393371375275,0.0,373970.66718412907,3.298896816849019,1.0,1.0,,,,,,,,,,,53air_leak_denoised_bispectrum_features.csv
,air_leak,-260.56015711740446,158.32409777726966,-45.8225061314336,-17.606593504161697,36.642781731270695,20.954027302765187,-40.26639260618568,0.0675183899797556,38.71103545611796,2.830186405337049,19.502815997195004,42.12536202059975,-2.0135794455999982,2160.5684049778797,2749.9811412328595,3455.107276119403,0.0391114322361407,0.1393618136644363,-3.416913916989253e-06,0.0020144679405093,-2.033420686486045e-07,0.0001357665376469,-9.875770572797446e-06,0.0030042781852452,-0.000210290218306,0.5107650171639408,0.1393232196569442,0.1903368830680847,,,,,,,,,,,,,,,,,,,53air_leak_denoised_engine_features.csv
,air_leak,,,,,,,,,,,,,,,,,,,,,,,,,,,,,,,,,,,,,,,,,,,,,,0.0004773188289467347,54air_leak_denoised_bispectrum.csv
,air_leak,,,,,,,,,,,,,,,,,,,,,,,,,,,,,1714.6249081853284,0.093733476655823,9.201408035762434,0.0,5592678.983240261,2.8809896551868888,1.0,1.0,,,,,,,,,,,54air_leak_denoised_bispectrum_features.csv
,air_leak,-238.16088447561907,159.92836493155318,-45.31391295589579,-15.706777465814714,35.310140425323205,19.253426555626582,-39.39791189619429,-0.9310978991831736,37.72176493668938,4.188837607696653,19.62567013261212,41.31604566163154,-3.08677287766568,2137.681349336068,2753.9534205446566,3495.3358208955224,0.0395976312633262,0.1726917475461959,-8.406151690356806e-06,0.0025964753650002,8.255984596857686e-07,0.0003077458181515,-6.11801548113247e-08,0.0068366413896073,0.0014206512402648,0.6249721310692534,0.1721535176038742,0.2341120541095733,,,,,,,,,,,,,,,,,,,54air_leak_denoised_engine_features.csv
,air_leak,,,,,,,,,,,,,,,,,,,,,,,,,,,,,,,,,,,,,,,,,,,,,,0.0004211569800368035,55air_leak_denoised_bispectrum.csv
,air_leak,,,,,,,,,,,,,,,,,,,,,,,,,,,,,1633.081930653775,0.08965907708480819,8.911305364688946,0.0,5245572.086187877,2.9012620768497994,1.0,1.0,,,,,,,,,,,55air_leak_denoised_bispectrum_features.csv
,air_leak,-222.6238978302428,165.84229612973323,-47.82408846222578,-17.951684739789897,31.98451122068215,18.528897046117837,-39.44769005469239,0.0056539213366469,36.9900839703974,3.082740620508315,23.023996317082336,45.53150712911797,-3.436261831222182,1930.5495964431811,2602.2563849071403,3200.692963752665,0.0322328091684434,0.2080448716878891,1.9009769619922743e-08,6.092325045408425e-06,-1.2544227288944865e-07,8.546920649185419e-05,-2.0267632758000653e-05,0.0041142717447101,0.0007010440388234,0.6966207335332397,0.2079965621232986,0.2834128439426422,,,,,,,,,,,,,,,,,,,55air_leak_denoised_engine_features.csv
,air_leak,,,,,,,,,,,,,,,,,,,,,,,,,,,,,,,,,,,,,,,,,,,,,,0.0004889446216873532,56air_leak_denoised_bispectrum.csv
,air_leak,,,,,,,,,,,,,,,,,,,,,,,,,,,,,1321.643298049974,0.0857673797214694,7.52364805441312,0.0,3739208.001114924,3.1412244935000535,1.0,1.0,,,,,,,,,,,56air_leak_denoised_bispectrum_features.csv
,air_leak,-239.4620959649175,162.66860520408997,-43.05211798588354,-15.026537596077738,34.65353995433672,18.971404889288152,-38.956259757757714,-1.0265548397994206,36.30665544142393,2.707839273740132,18.67523581966641,40.31169905744702,-3.426926909251956,2007.7152025037533,2658.4816178141105,3293.9932036247333,0.0372363905916844,0.1779440492391586,-5.866008155655408e-07,0.0002041439144715,1.626648808046501e-07,5.9253879463986e-05,2.8779242872423114e-05,0.0057689964931114,-0.0002874788986091,0.6386713155805428,0.1778167784214019,0.2424733787775039,,,,,,,,,,,,,,,,,,,56air_leak_denoised_engine_features.csv
,air_leak,,,,,,,,,,,,,,,,,,,,,,,,,,,,,,,,,,,,,,,,,,,,,,0.0003934345598712079,57air_leak_denoised_bispectrum.csv
,air_leak,,,,,,,,,,,,,,,,,,,,,,,,,,,,,1208.082411026268,0.0746352379654005,6.746530010574565,0.0,3006632.2223962545,3.059064156167304,1.0,1.0,,,,,,,,,,,57air_leak_denoised_bispectrum_features.csv
,air_leak,-243.93640721660347,161.61865352955405,-44.76912235227646,-14.263004114158967,41.48673404311796,24.08630262135757,-43.607126582923726,-0.9582685191366096,40.00678506095928,1.1279313477382211,18.6734645034911,43.91836462601945,-2.786054511577016,2073.593688541822,2699.957822238727,3298.890591684435,0.0372447194829424,0.1678997725248336,-6.610971948863448e-07,0.0002245071218644,9.191759279550789e-08,9.809439713132517e-05,-2.0781860997423604e-06,0.0030226758634668,-0.0003206952741585,0.5868149809696709,0.1672476977109909,0.2274492233991623,,,,,,,,,,,,,,,,,,,57air_leak_denoised_engine_features.csv
,air_leak,,,,,,,,,,,,,,,,,,,,,,,,,,,,,,,,,,,,,,,,,,,,,,1.0639608806764595e-05,58air_leak_denoised_bispectrum.csv
,air_leak,,,,,,,,,,,,,,,,,,,,,,,,,,,,,378.7421651691704,0.04122787386530624,2.5029191128558583,0.0,413883.10121078335,3.8140482955998976,1.0,1.0,,,,,,,,,,,58air_leak_denoised_bispectrum_features.csv
,air_leak,-252.36643024471115,160.57352946710347,-36.838189601942254,-13.288068462745729,35.45500219028451,15.99174753493778,-45.71053364385859,-6.251550532913351,33.387250880387185,0.0352431028483972,16.334536877974177,41.98370053058744,4.967982710566193,1903.2439240829533,2601.958574833708,3228.827958422175,0.0311948210954157,0.1423541903495788,-4.460332578614338e-06,0.0011838670495504,-1.0622810683190468e-08,2.0611590300861905e-05,-5.6077860885569685e-06,0.0006524214993182,0.0001141891209578,0.4514905674514876,0.1413884609937667,0.1888723373413086,,,,,,,,,,,,,,,,,,,58air_leak_denoised_engine_features.csv
,air_leak,,,,,,,,,,,,,,,,,,,,,,,,,,,,,,,,,,,,,,,,,,,,,,2.4387628918267832e-05,59air_leak_denoised_bispectrum.csv
,air_leak,,,,,,,,,,,,,,,,,,,,,,,,,,,,,288.691324963682,0.023532781202025472,1.669116184342871,0.0,184045.71211814551,3.5390471571620408,7.0,7.0,,,,,,,,,,,59air_leak_denoised_bispectrum_features.csv
,air_leak,-283.3248325682023,132.2226829949824,-30.31301554518252,-15.58367517684484,29.35200208863267,11.753729976266,-33.43389195349663,-3.6534704418051303,31.87572060609585,10.490432915449173,19.6580755296303,35.32172612365253,12.137248222889712,1969.022557162,2610.492499444264,3195.245868869936,0.0365971481876332,0.0966845527291297,1.1926825421821913e-06,0.0003559102949522,1.1757200641876002e-08,2.654412725314491e-05,-3.609661828536899e-06,0.0020488581566138,0.0002344241106053,0.3572898150863352,0.0957404598593711,0.1285068243741989,,,,,,,,,,,,,,,,,,,59air_leak_denoised_engine_features.csv
,air_leak,,,,,,,,,,,,,,,,,,,,,,,,,,,,,,,,,,,,,,,,,,,,,,0.0002509988470661805,60air_leak_denoised_bispectrum.csv
,air_leak,,,,,,,,,,,,,,,,,,,,,,,,,,,,,1361.407531462469,0.08467974051443075,7.66136256815285,0.0,3877317.184609616,3.0659779527272546,1.0,1.0,,,,,,,,,,,60air_leak_denoised_bispectrum_features.csv
,air_leak,-235.5609460415417,159.857163066976,-46.26815242889752,-17.847324051509382,36.38952606438722,21.606181907557392,-39.45738029786393,1.56948355702726,39.87609713650503,3.7499189503777055,21.39025681009145,43.262403581257246,-4.36880142339359,2204.392998298149,2816.019966473272,3658.8486140724954,0.0398579091151385,0.1626563370227813,-3.3091091935809354e-06,0.0016184898176943,1.72811500344166e-07,8.995191901977309e-05,3.4770980055800884e-06,0.0041127307917978,0.0001682232086306,0.5878836264440841,0.1622787564992904,0.2204397320747375,,,,,,,,,,,,,,,,,,,60air_leak_denoised_engine_features.csv
,air_leak,,,,,,,,,,,,,,,,,,,,,,,,,,,,,,,,,,,,,,,,,,,,,,1.6622346244318472e-05,61air_leak_denoised_bispectrum.csv
,air_leak,,,,,,,,,,,,,,,,,,,,,,,,,,,,,2214.7367197552526,0.1143091899855579,12.029343367455985,0.0,9558490.307496488,2.633429979444241,1.0,1.0,,,,,,,,,,,61air_leak_denoised_bispectrum_features.csv
,air_leak,-232.51272898728945,165.04980875962022,-39.90180170040504,-12.778764476822854,39.07215685379285,21.9797019764372,-39.31105309107104,2.112559245524805,41.6087400666024,5.324947711063324,21.33420945821732,44.56533782377523,0.9784489008829456,1908.8458597211684,2650.347160922701,3325.926172707889,0.0300589685501066,0.1962498277425766,1.8494014309700424e-06,0.0010981744073007,1.2915558443420177e-06,0.0002662093001658,-2.173654978237004e-06,0.0035070312857342,-0.0002708404374886,0.6664001805173763,0.1957653015851974,0.2668412029743194,,,,,,,,,,,,,,,,,,,61air_leak_denoised_engine_features.csv
,air_leak,,,,,,,,,,,,,,,,,,,,,,,,,,,,,,,,,,,,,,,,,,,,,,0.0003957180998196824,62air_leak_denoised_bispectrum.csv
,air_leak,,,,,,,,,,,,,,,,,,,,,,,,,,,,,1510.8117946650407,0.08620076104328785,7.984285202607181,0.0,4211035.946470868,2.99792123482139,1.0,1.0,,,,,,,,,,,62air_leak_denoised_bispectrum_features.csv
,air_leak,-238.6145669767509,163.64195967539064,-47.46566057072697,-19.028048362712,35.529723357436914,21.23687048227558,-40.10490964612004,1.1110482060744489,37.77737572842485,-1.828628968314645,18.896749459877924,46.304493308205565,1.0623126079428296,2037.5631455504035,2687.0296097683963,3296.491871002132,0.0369292627265458,0.1854619532823562,1.0963453561716423e-06,0.000330446895713,-8.258372753962495e-09,1.8261642361506645e-05,-2.842302134167301e-06,0.0010255668130333,-0.0001050487291186,0.6499040424467046,0.1853420734405517,0.252539575099945,,,,,,,,,,,,,,,,,,,62air_leak_denoised_engine_features.csv
,air_leak,,,,,,,,,,,,,,,,,,,,,,,,,,,,,,,,,,,,,,,,,,,,,,0.00042896603114817207,63air_leak_denoised_bispectrum.csv
,air_leak,,,,,,,,,,,,,,,,,,,,,,,,,,,,,1698.8082157194935,0.10187073073882227,9.6567695725724,0.0,6159965.94598869,3.2028484220705185,1.0,1.0,,,,,,,,,,,63air_leak_denoised_bispectrum_features.csv
,air_leak,-233.4650664442585,163.8611597473072,-49.47762770829037,-17.030429863013232,35.56415134936233,20.68589007302618,-40.22917881995775,1.3899771184342635,40.36962876470209,0.5475581698146768,17.522764890498944,44.370155340372094,-2.076301305633097,2162.70403181113,2719.29283255504,3308.535447761194,0.0432113289578891,0.1628264337778091,-4.0733038159029524e-07,0.0001400181386849,-6.299495474852009e-07,0.0002568060516599,5.055785380589277e-05,0.0055769882024139,0.0008515119912599,0.5856155181046717,0.1623581349849701,0.219019129872322,,,,,,,,,,,,,,,,,,,63air_leak_denoised_engine_features.csv
,air_leak,,,,,,,,,,,,,,,,,,,,,,,,,,,,,,,,,,,,,,,,,,,,,,0.0003711901754553249,64air_leak_denoised_bispectrum.csv
,air_leak,,,,,,,,,,,,,,,,,,,,,,,,,,,,,2503.915911619368,0.13763666272089556,13.065349390062668,0.0,11276037.095960395,2.9374526828546306,1.0,1.0,,,,,,,,,,,64air_leak_denoised_bispectrum_features.csv
,air_leak,-215.9109938759884,165.41410671251631,-48.26337731428711,-16.56852151030566,38.88078089872464,21.863773979303723,-46.61595521277183,-0.4370762831429028,42.73110017896814,2.4630590504153145,21.8596160773574,48.0250485746992,-3.069102317722313,2059.228347532593,2691.025396875344,3272.054904051173,0.0349001365938166,0.2121513932943344,-5.0632063189776474e-09,1.5857141553860392e-06,1.4863087259148293e-08,2.974539968268944e-05,-5.166971233875401e-06,0.0019355059910901,0.0003911112777229,0.7103723501100712,0.2116634845733642,0.2872919142246246,,,,,,,,,,,,,,,,,,,64air_leak_denoised_engine_features.csv
,air_leak,,,,,,,,,,,,,,,,,,,,,,,,,,,,,,,,,,,,,,,,,,,,,,0.0004520193985877287,65air_leak_denoised_bispectrum.csv
,air_leak,,,,,,,,,,,,,,,,,,,,,,,,,,,,,2930.1469895546193,0.14943020321926423,15.229554879128974,0.0,15320836.421223233,2.8154730940834,1.0,1.0,,,,,,,,,,,65air_leak_denoised_bispectrum_features.csv
,air_leak,-221.81900389451985,164.50986134660167,-49.39493544504349,-15.975054142980072,30.82620246301672,16.27844506305586,-39.22642594084645,-0.7461285004852748,37.32183925177029,3.3585757131669904,19.932163115369114,46.10871935109756,0.5042971701095035,2045.1444425633615,2680.6940339360094,3284.1984275053305,0.0375497651252665,0.204202800989151,-1.578976159852606e-07,0.0008495978834517,9.29273352820604e-07,0.000549959917785,1.760388930104604e-05,0.0069997952168443,0.0017436057148852,0.699305562588117,0.2042170315980911,0.2762220799922943,,,,,,,,,,,,,,,,,,,65air_leak_denoised_engine_features.csv
,air_leak,,,,,,,,,,,,,,,,,,,,,,,,,,,,,,,,,,,,,,,,,,,,,,0.0002107484586613441,66air_leak_denoised_bispectrum.csv
,air_leak,,,,,,,,,,,,,,,,,,,,,,,,,,,,,683.60761157658,0.05589940905614819,4.044254874492454,0.0,1080503.6644195165,3.472727318472144,1.0,1.0,,,,,,,,,,,66air_leak_denoised_bispectrum_features.csv
,air_leak,-245.5438654593095,173.0251101957297,-32.12848380854315,-13.35311487363876,25.17244819379241,12.438626525341304,-26.6534585421888,4.6935412400972085,34.70170947871363,8.619227538892932,21.567591109327275,36.13485257052817,-4.492577168052006,1847.565398249037,2595.6450963370794,3253.514792110874,0.032093300239872,0.1458165943622589,3.2101106162603885e-06,0.0029331460686367,2.065060918859598e-06,0.0007595973791389,0.0001253663997971,0.0086035761769107,-0.000320625505912,0.5230241096204996,0.1452391296625137,0.19507896900177,,,,,,,,,,,,,,,,,,,66air_leak_denoised_engine_features.csv
,air_leak,,,,,,,,,,,,,,,,,,,,,,,,,,,,,,,,,,,,,,,,,,,,,,0.0012110019843624184,67air_leak_denoised_bispectrum.csv
,air_leak,,,,,,,,,,,,,,,,,,,,,,,,,,,,,1654.2419997437623,0.09088459557318977,8.802169770758777,0.0,5117902.713257625,2.8563695049372075,1.0,1.0,,,,,,,,,,,67air_leak_denoised_bispectrum_features.csv
,air_leak,-235.6691064448575,178.28609685349835,-34.16673104097194,-11.860020357757072,16.175400633233107,8.674964028171122,-18.54144895273448,7.640312778445937,33.010229100602004,12.35722644734008,24.192517907499408,37.18932757445859,-3.790665720465377,1624.6861824980251,2410.744290046488,2956.473214285714,0.0254541327958422,0.1770696640014648,-6.755733970649888e-06,0.0011484544744453,-4.1553215393564926e-07,0.0013597294210989,6.590742312223073e-05,0.0108489940664401,0.0003938973971654,0.6138378877541188,0.1765546202659607,0.2381745725870132,,,,,,,,,,,,,,,,,,,67air_leak_denoised_engine_features.csv
,air_leak,,,,,,,,,,,,,,,,,,,,,,,,,,,,,,,,,,,,,,,,,,,,,,0.0013960819993296945,68air_leak_denoised_bispectrum.csv
,air_leak,,,,,,,,,,,,,,,,,,,,,,,,,,,,,2320.265252554976,0.11452089761925172,11.47287915678214,0.0,8694695.061507689,2.7823017653729174,1.0,1.0,,,,,,,,,,,68air_leak_denoised_bispectrum_features.csv
,air_leak,-229.7764499963196,174.10912852846832,-36.022273277077545,-16.711210765328705,9.546731021477957,2.556551312416252,-18.03279333772079,8.932973460034308,35.95295955231625,18.30990443804748,26.3538634059792,35.52006750659286,-2.821215407173541,1660.8483137646365,2447.5740751973394,3074.5602345415778,0.02530733608742,0.1995991468429565,-3.306101110567205e-06,0.002075390656728,7.08625345629494e-06,0.0012258760924865,-8.484795448891279e-06,0.0104896101291827,0.0008393136048151,0.6829966172086331,0.1993391364812851,0.2692927122116089,,,,,,,,,,,,,,,,,,,68air_leak_denoised_engine_features.csv
,air_leak,,,,,,,,,,,,,,,,,,,,,,,,,,,,,,,,,,,,,,,,,,,,,,0.001626605847241493,69air_leak_denoised_bispectrum.csv
,air_leak,,,,,,,,,,,,,,,,,,,,,,,,,,,,,1371.4747469911556,0.0818211572159542,7.406529252932189,0.0,3623670.743379893,3.006059074370094,1.0,1.0,,,,,,,,,,,69air_leak_denoised_bispectrum_features.csv
,air_leak,-244.6132268957777,169.69775653955975,-32.1996338263911,-17.35635347316011,13.924801596651978,6.280243897159006,-14.822774355561393,9.251434302912577,32.41004372374917,13.843886949277271,21.657787573708145,30.511781369948107,-5.039113098633131,1903.8056865335325,2687.6845618450443,3588.286247334755,0.0288377448694029,0.166547954082489,-7.810332076906176e-06,0.0025951446926991,4.21536592067467e-06,0.000714092868112,-2.7059869406174843e-05,0.0106721847407463,-0.0002486458416088,0.6127788552989706,0.1661189198493957,0.225889652967453,,,,,,,,,,,,,,,,,,,69air_leak_denoised_engine_features.csv
,air_leak,,,,,,,,,,,,,,,,,,,,,,,,,,,,,,,,,,,,,,,,,,,,,,0.001239271005710374,70air_leak_denoised_bispectrum.csv
,air_leak,,,,,,,,,,,,,,,,,,,,,,,,,,,,,2551.2581524723396,0.13365287711737517,12.660172882890857,0.0,10587512.06825758,2.8799500261734736,1.0,1.0,,,,,,,,,,,70air_leak_denoised_bispectrum_features.csv
,air_leak,-230.71526215458636,174.72211474990613,-35.472940139214074,-19.06948006580188,10.362056784522531,5.853991088119786,-15.804923631402785,10.97458565014041,34.66345951390223,13.890142593579997,23.40483968066957,30.97330360184435,-8.754314564550956,1779.4513816169328,2531.259991497157,3186.9003198294245,0.0300829141124733,0.1848743557929992,7.286023389295703e-06,0.0041026382987606,-2.5037921014300493e-06,0.0007804220754443,6.10653224318218e-07,0.0091372075320197,-0.0011366074001718,0.6558637911587196,0.1844071447849273,0.2496438175439834,,,,,,,,,,,,,,,,,,,70air_leak_denoised_engine_features.csv
,air_leak,,,,,,,,,,,,,,,,,,,,,,,,,,,,,,,,,,,,,,,,,,,,,,0.0005423951955038777,71air_leak_denoised_bispectrum.csv
,air_leak,,,,,,,,,,,,,,,,,,,,,,,,,,,,,42.63156235622372,0.013423043816485784,0.22261910034116492,0.0,3285.240400827749,8.26405597877688,0.0,1.0,,,,,,,,,,,71air_leak_denoised_bispectrum_features.csv
,air_leak,-175.49563351818895,139.78646560639845,-18.316977197111083,12.908323368333042,1.6538141495167713,30.927256396144625,-19.02492408285185,10.228065017778215,10.983959705398854,2.222729749592497,2.2681045461154525,19.440076978103445,-4.098800420269772,4052.377140744388,4073.191578292805,8033.365538379531,0.0465980643656716,0.090514063835144,-1.451666906825574e-05,0.0158750592912058,9.640174030018476e-05,0.0578020579693216,6.648391904188266e-05,0.0181050462926001,0.0017512659291157,0.2504432944274984,0.0896673873066902,0.1135288253426551,,,,,,,,,,,,,,,,,,,71air_leak_denoised_engine_features.csv
,air_leak,,,,,,,,,,,,,,,,,,,,,,,,,,,,,,,,,,,,,,,,,,,,,,0.002811947801043004,72air_leak_denoised_bispectrum.csv
,air_leak,,,,,,,,,,,,,,,,,,,,,,,,,,,,,152.4817010539502,0.015072839963806055,0.9641232645430061,0.0,61409.77502481122,5.393130805337703,0.0,1.0,,,,,,,,,,,72air_leak_denoised_bispectrum_features.csv
,air_leak,-174.73187929450043,158.7213808552807,-26.13915312568441,10.804949353518882,2.9044919908728373,34.23432700074235,-22.85884393094876,12.31537925617972,13.273440976625132,0.5888138016020458,3.146096517072458,23.928890890063,-6.903689020307259,3221.9663527555504,3700.360341548957,6625.416444562899,0.0317476512526652,0.113269992172718,-1.413690179044908e-05,0.0048018014927063,-8.337049743038398e-05,0.0419481515792386,-3.0275438757170448e-05,0.0097221491763352,-3.324737750843445e-05,0.3244362871691127,0.1122789680957794,0.1469965428113937,,,,,,,,,,,,,,,,,,,72air_leak_denoised_engine_features.csv
,air_leak,,,,,,,,,,,,,,,,,,,,,,,,,,,,,,,,,,,,,,,,,,,,,,0.003798962490626221,73air_leak_denoised_bispectrum.csv
,air_leak,,,,,,,,,,,,,,,,,,,,,,,,,,,,,219.58106106678252,0.018388044133578783,1.163991349684886,0.0,89510.52831748097,5.470598650521888,0.0,1.0,,,,,,,,,,,73air_leak_denoised_bispectrum_features.csv
,air_leak,-150.74806941373842,149.3141551103372,-30.698369386257664,12.155080530765924,4.379788732387317,38.065995846262446,-26.77775505238032,12.69058131376525,15.798393383528454,3.4152408832305112,1.0755895192606493,23.853079097136597,-5.955037013360666,3564.2063881538998,3964.427418994757,7499.75013326226,0.0379453874600213,0.1200208961963653,1.7134775871136322e-05,0.0051379013721284,4.317017627026928e-05,0.0428389496788148,-8.658475584708378e-06,0.0102593058024786,0.001802605721839,0.3442529618399358,0.1193249449133873,0.1542304307222366,,,,,,,,,,,,,,,,,,,73air_leak_denoised_engine_features.csv
,air_leak,,,,,,,,,,,,,,,,,,,,,,,,,,,,,,,,,,,,,,,,,,,,,,0.0011014885940754103,74air_leak_denoised_bispectrum.csv
,air_leak,,,,,,,,,,,,,,,,,,,,,,,,,,,,,182.48651949411135,0.02848579308444549,1.0134704876932348,0.0,67894.00416858746,7.149082694936529,0.0,1.0,,,,,,,,,,,74air_leak_denoised_bispectrum_features.csv
,air_leak,-145.25293533016404,141.99545918465063,-22.072903469654065,5.615468923524318,9.993268881242647,27.93894176125993,-20.213996910316236,9.148380490284108,19.406828983482765,-1.7383247825262451,4.231132267286336,21.587872335787,-7.069422535193126,4027.6046049326455,3904.2362398952314,7595.648987206823,0.0519223081023454,0.121813029050827,2.9949010183117623e-06,0.0158426776172497,-3.1879907229679107e-06,0.077515785243471,-0.0001346471334321,0.0310771107462564,0.000218606628469,0.3347976061602521,0.1211369633674621,0.154167503118515,,,,,,,,,,,,,,,,,,,74air_leak_denoised_engine_features.csv
,air_leak,,,,,,,,,,,,,,,,,,,,,,,,,,,,,,,,,,,,,,,,,,,,,,0.00495228912747802,75air_leak_denoised_bispectrum.csv
,air_leak,,,,,,,,,,,,,,,,,,,,,,,,,,,,,27.17108756282392,0.012479204788912302,0.1556117839214932,0.0,1609.6641850624671,8.26346640503792,1.0,1.0,,,,,,,,,,,75air_leak_denoised_bispectrum_features.csv
,air_leak,-198.8331991320732,139.6253776460023,-15.963387834588396,10.242420967868448,5.368008385905965,29.48816370926838,-21.24108705499927,8.663845197506278,13.639274634683284,-0.5110064748029484,1.0964258841232648,16.99474218006401,-1.7566636057261562,3829.6438290875967,3894.750561444208,7631.230010660981,0.0488145905517057,0.0726289600133895,-6.052525153747138e-06,0.0152886122025302,0.0001985889503225,0.0508536234909529,-0.0002090639361252,0.0203248907097876,0.0036152575638023,0.2196856996444229,0.0720842182636261,0.0917237475514411,,,,,,,,,,,,,,,,,,,75air_leak_denoised_engine_features.csv
,air_leak,,,,,,,,,,,,,,,,,,,,,,,,,,,,,,,,,,,,,,,,,,,,,,0.0009568500889344541,76air_leak_denoised_bispectrum.csv
,air_leak,,,,,,,,,,,,,,,,,,,,,,,,,,,,,32.47627325474217,0.009864692149971993,0.13356450363060707,0.0,1184.7069622163588,8.809519207797788,1.0,1.0,,,,,,,,,,,76air_leak_denoised_bispectrum_features.csv
,air_leak,-185.33670303145135,132.06504544628015,-26.049054226518223,13.634621171629506,9.687197527264669,35.25552195496139,-26.24257892059486,10.541809936979904,15.433529801048698,0.8709425304466539,-3.042901552791472,18.22357550943952,1.737172837434774,4009.4676337918954,4138.142378149867,7947.761194029851,0.0518098680703624,0.0767951980233192,-2.7155859143135737e-05,0.0178533146460619,-0.0002404144797099,0.0440159572930255,5.798618307699849e-05,0.0200507667981809,-0.0003407149871843,0.2185527793707527,0.0763415321707725,0.0973205417394638,,,,,,,,,,,,,,,,,,,76air_leak_denoised_engine_features.csv
,air_leak,,,,,,,,,,,,,,,,,,,,,,,,,,,,,,,,,,,,,,,,,,,,,,0.0032342973164780436,77air_leak_denoised_bispectrum.csv
,air_leak,,,,,,,,,,,,,,,,,,,,,,,,,,,,,7.222963190253407,0.015188804007904245,0.0828511792826216,0.0,468.6188224630776,8.721326086097802,78.0,79.0,,,,,,,,,,,77air_leak_denoised_bispectrum_features.csv
,air_leak,-240.6379763718629,114.766236523687,-13.72774933157824,15.501225540379805,4.412346841341965,25.43699858512833,-20.883177784331316,8.865783502704293,8.987673836467279,2.43341966010392,-2.46683465593076,13.093954610040836,-4.152960599733635,5130.070230297905,4644.966675322665,9766.990938166313,0.0862550389792111,0.0358158536255359,-3.412083593829287e-05,0.0285612042909483,0.0001324154662871,0.0483436463476435,-0.0001717623972854,0.0438701248115192,-0.0001324048685557,0.078017083409252,0.0355005450546741,0.0426686368882656,,,,,,,,,,,,,,,,,,,77air_leak_denoised_engine_features.csv
,air_leak,,,,,,,,,,,,,,,,,,,,,,,,,,,,,,,,,,,,,,,,,,,,,,0.018575935091570753,78air_leak_denoised_bispectrum.csv
,air_leak,,,,,,,,,,,,,,,,,,,,,,,,,,,,,116.57111714793317,0.016658305699142492,0.6847782055823866,0.0,30990.104275109825,6.645588283692867,1.0,1.0,,,,,,,,,,,78air_leak_denoised_bispectrum_features.csv
,air_leak,-205.63336166094604,180.416290919743,-26.375413296368038,-4.900472972639723,27.382611578318343,22.348810337252036,-24.249378413369755,9.098976511044292,27.77072871096566,-10.186670541865752,2.6295032677932944,26.30060836942373,-13.004147996796435,2683.389455791712,3227.8823598963368,5158.648720682303,0.0386616721082089,0.1147044003009796,-4.132703881577824e-06,0.0250501348268574,-0.0001091522248636,0.0259549512571664,7.849487429768083e-05,0.0272941102298762,-0.0009473504479399,0.3402448689384455,0.1139806285500526,0.149036556482315,,,,,,,,,,,,,,,,,,,78air_leak_denoised_engine_features.csv
,air_leak,,,,,,,,,,,,,,,,,,,,,,,,,,,,,,,,,,,,,,,,,,,,,,0.0018760220764527367,79air_leak_denoised_bispectrum.csv
,air_leak,,,,,,,,,,,,,,,,,,,,,,,,,,,,,1110.141454753919,0.03610381701647073,4.649960553102446,0.0,1428206.3660417087,2.6289590050045053,1.0,1.0,,,,,,,,,,,79air_leak_denoised_bispectrum_features.csv
,air_leak,-182.9064806941328,199.73668725651785,-28.9328177928058,-11.466206488302292,29.68826011794875,21.69386624777505,-23.179476330345945,8.631475893292805,28.10724294156322,-13.89651629776234,6.457321006820091,27.13449379444698,-15.001598959554707,1640.0326733606894,2438.394957023121,3006.7464019189765,0.0275790411780383,0.1638092398643493,-9.46537915510602e-07,0.0008553229085262,1.6147663439546674e-05,0.0040977681508656,-3.5615359256745896e-06,0.0008545133432918,-0.0046837497456032,0.5346153341582914,0.1629441827535629,0.216348186135292,,,,,,,,,,,,,,,,,,,79air_leak_denoised_engine_features.csv
,air_leak,,,,,,,,,,,,,,,,,,,,,,,,,,,,,,,,,,,,,,,,,,,,,,0.004259919405179861,80air_leak_denoised_bispectrum.csv
,air_leak,,,,,,,,,,,,,,,,,,,,,,,,,,,,,284.2429573994171,0.02069341074811435,1.274557192768988,0.0,107324.62211106803,5.700785797814072,1.0,1.0,,,,,,,,,,,80air_leak_denoised_bispectrum_features.csv
,air_leak,-189.2490130338864,191.5202878876768,-26.89708998640028,-4.947823194242288,23.15739906171233,24.53498673245921,-24.388024875096253,8.969126990683835,24.737607124806583,-11.4982207569791,4.821217727825056,27.10264224954894,-13.28013298605618,2173.692690398906,2881.78378265263,4157.232809168443,0.0292614772121535,0.1369715481996536,-6.9193431967428246e-06,0.0063778972220055,-2.9647660729774424e-05,0.037973474774409,4.076237363785613e-05,0.0066433597437271,-0.0015224435800703,0.4106986883749221,0.1361850053071975,0.1792437881231308,,,,,,,,,,,,,,,,,,,80air_leak_denoised_engine_features.csv
,air_leak,,,,,,,,,,,,,,,,,,,,,,,,,,,,,,,,,,,,,,,,,,,,,,0.00025833008201811916,81air_leak_denoised_bispectrum.csv
,air_leak,,,,,,,,,,,,,,,,,,,,,,,,,,,,,922.3571401292429,0.04490734077733433,4.507818619135241,0.0,1342277.1943935924,2.968199264501416,1.0,1.0,,,,,,,,,,,81air_leak_denoised_bispectrum_features.csv
,air_leak,-181.89354011053675,199.7804001588849,-25.383168850697768,-11.199275345636725,30.00816384111309,21.100705635594306,-20.348091864877112,9.538238634727705,28.61750943540908,-10.997821419004945,9.54326689787836,28.07857101710593,-11.292223761793238,1434.589882697217,2307.488324873099,2759.728144989339,0.0190273520788912,0.2246172875165939,-5.834099189474381e-07,0.0002016857443578,6.169736008519868e-06,0.0013809035792106,9.11124549013391e-07,0.0002121314472625,0.0002792602735137,0.7130177528359319,0.2237331569194793,0.3035873770713806,,,,,,,,,,,,,,,,,,,81air_leak_denoised_engine_features.csv
,air_leak,,,,,,,,,,,,,,,,,,,,,,,,,,,,,,,,,,,,,,,,,,,,,,0.0025202487553487906,82air_leak_denoised_bispectrum.csv
,air_leak,,,,,,,,,,,,,,,,,,,,,,,,,,,,,1658.9335691556407,0.05452871326750496,6.824379701458537,0.0,3076240.873009316,3.055708543086055,1.0,1.0,,,,,,,,,,,82air_leak_denoised_bispectrum_features.csv
,air_leak,-182.1089218229206,194.40772710897213,-23.32985451330587,-6.162211450714318,28.497146820646496,25.66559347824124,-19.276955254121063,11.17962008919721,27.28584432187165,-9.333917333580043,8.681171693533454,27.344650618551576,-10.564566368641415,1601.4469825561468,2496.84889175174,3309.085154584221,0.0162985990804904,0.2479328066110611,3.9156980613233016e-06,0.0016188484213759,3.8367031567239925e-05,0.0202560287320966,8.273368141390147e-06,0.0018990261345534,-0.0027878168117166,0.7639031892614274,0.2469368427991867,0.3364042341709137,,,,,,,,,,,,,,,,,,,82air_leak_denoised_engine_features.csv
,air_leak,,,,,,,,,,,,,,,,,,,,,,,,,,,,,,,,,,,,,,,,,,,,,,0.016404832091893137,83air_leak_denoised_bispectrum.csv
,air_leak,,,,,,,,,,,,,,,,,,,,,,,,,,,,,943.7768702554196,0.0344418122133801,3.912042505662224,0.0,1010897.302976832,3.322097117323191,1.0,1.0,,,,,,,,,,,83air_leak_denoised_bispectrum_features.csv
,air_leak,-193.4983028171177,173.7599629002274,-17.43048603475838,-4.664903852903336,27.978093766221097,27.16467578943469,-17.293014550688994,11.575044815539943,27.59307713073936,-3.3948212158981743,8.902870885226058,25.0612719377476,-2.3646732465956566,1875.900545624732,2838.7594657538125,3969.8827292110873,0.0133366371268656,0.2312624603509903,1.945356153194627e-05,0.004978807132472,0.000197296655695,0.0228833208662691,-2.716116678233324e-06,0.0027719302441307,0.0009857931156097,0.7168076912093466,0.2304156571626663,0.3172430396080017,,,,,,,,,,,,,,,,,,,83air_leak_denoised_engine_features.csv
,air_leak,,,,,,,,,,,,,,,,,,,,,,,,,,,,,,,,,,,,,,,,,,,,,,0.005548144082571885,84air_leak_denoised_bispectrum.csv
,air_leak,,,,,,,,,,,,,,,,,,,,,,,,,,,,,3079.9344991727035,0.07580270165811305,12.180495635178774,0.0,9799704.658678845,2.3817621129905744,1.0,1.0,,,,,,,,,,,84air_leak_denoised_bispectrum_features.csv
,air_leak,-175.57056086407437,188.38541531758904,-22.268889278973425,-3.873124177516324,27.568538914799504,27.04237038385693,-19.83636442392284,11.991836167632773,28.68192141774393,-5.690424648280205,9.186665424789767,27.55146822071809,-6.381380784723986,1591.829096964569,2567.2617384646574,3405.2338752665246,0.0110212053571428,0.2990959882736206,-4.286979766598513e-06,0.0013694180321663,1.223720601996626e-06,0.0189047304220995,-5.669641486599123e-06,0.0024154404848175,0.0029398359607691,0.8977895706602371,0.2983264327049255,0.4112685024738312,,,,,,,,,,,,,,,,,,,84air_leak_denoised_engine_features.csv
,air_leak,,,,,,,,,,,,,,,,,,,,,,,,,,,,,,,,,,,,,,,,,,,,,,0.0036692142230473216,85air_leak_denoised_bispectrum.csv
,air_leak,,,,,,,,,,,,,,,,,,,,,,,,,,,,,2553.9763771135345,0.07191275459443149,10.178438458946331,0.0,6843058.223115288,2.735166874646307,1.0,1.0,,,,,,,,,,,85air_leak_denoised_bispectrum_features.csv
,air_leak,-171.85840259999333,175.52769708253496,-22.48082865895678,1.659229567263291,24.447738303060767,32.94233720535355,-20.357569899206275,12.795291594123078,26.36074999338473,-2.299990586158179,8.416368802877086,26.95611727067245,-3.659322528135759,1913.861267172678,2916.7461041847355,4238.339552238806,0.0125068713352878,0.284833699464798,2.8222946709294565e-07,0.002520239096526,4.565362282759057e-05,0.0228603783193759,8.262597093012616e-08,0.0015403824826845,0.0003694420341864,0.8601748839520132,0.2842549979686737,0.3915739357471466,,,,,,,,,,,,,,,,,,,85air_leak_denoised_engine_features.csv
,air_leak,,,,,,,,,,,,,,,,,,,,,,,,,,,,,,,,,,,,,,,,,,,,,,0.01819017574341407,86air_leak_denoised_bispectrum.csv
,air_leak,,,,,,,,,,,,,,,,,,,,,,,,,,,,,1327.8329064485135,0.040537510289367376,5.4090712148782725,0.0,1932573.5750662729,2.7506142376891733,1.0,1.0,,,,,,,,,,,86air_leak_denoised_bispectrum_features.csv
,air_leak,-183.1289055401108,181.5119197607086,-20.60354963849201,-4.141823349329989,29.16079530883385,28.407965571636,-18.36530903113154,11.351054852066389,27.29563150762984,-5.7570915201946224,8.610932004527399,25.500472040561327,-4.352289019907532,1596.9303668113253,2625.334102357688,3372.3014392324094,0.0133231026785714,0.2672954797744751,-6.117275750495458e-06,0.0016132748932954,3.817378492209613e-05,0.0126570507834127,1.0935641094228585e-06,0.0012183386119436,0.0041749713526741,0.8310180698635825,0.26656174659729,0.3672249913215637,,,,,,,,,,,,,,,,,,,86air_leak_denoised_engine_features.csv
,air_leak,,,,,,,,,,,,,,,,,,,,,,,,,,,,,,,,,,,,,,,,,,,,,,0.0013432849511593194,87air_leak_denoised_bispectrum.csv
,air_leak,,,,,,,,,,,,,,,,,,,,,,,,,,,,,104.2598447359514,0.003960270287566192,0.4713146749915565,0.0,14672.997142931265,2.4407183366905647,1.0,1.0,,,,,,,,,,,87air_leak_denoised_bispectrum_features.csv
,air_leak,-279.50909245929927,149.59307757016774,-8.564039766392744,-0.8196043801759175,25.506429541363204,28.912141610476677,-11.8451611143687,10.922960808510243,23.75762627422664,2.0900073102981485,7.999016119609073,20.2326349160854,5.907482048046557,2046.920640850932,3055.716347581686,4554.720815565032,0.0128858358875266,0.0884245783090591,-9.651091287396406e-07,0.0014548063987505,-2.6935984058530004e-05,0.009045368121563,2.624127480200032e-06,0.0008814143070631,0.001453377273652,0.3034014546941155,0.0879116803407669,0.1202266812324523,,,,,,,,,,,,,,,,,,,87air_leak_denoised_engine_features.csv
,air_leak,,,,,,,,,,,,,,,,,,,,,,,,,,,,,,,,,,,,,,,,,,,,,,0.0003977895569221508,88air_leak_denoised_bispectrum.csv
,air_leak,,,,,,,,,,,,,,,,,,,,,,,,,,,,,792.3028965637113,0.02666726751995812,3.216250920468544,0.0,683275.658428937,3.274072303572692,1.0,1.0,,,,,,,,,,,88air_leak_denoised_bispectrum_features.csv
,air_leak,-182.2461337016327,161.7117622841659,-26.676387071205472,7.041083268765223,17.832379784862376,38.06204857535293,-21.9587342925198,14.25582475855595,24.11868305866784,3.203682912300457,7.60357315919871,25.366384071885363,-0.7394575827643736,2279.4967912137395,3297.030411421271,4998.734008528784,0.0144547907782515,0.1997236609458923,-3.078036926952179e-06,0.0014435896940866,2.3509519661579493e-05,0.0208776152113389,-1.1127568178291768e-06,0.0012611215228596,0.0006607627205501,0.5917200281265809,0.1989280730485916,0.2704115808010101,,,,,,,,,,,,,,,,,,,88air_leak_denoised_engine_features.csv
,air_leak,,,,,,,,,,,,,,,,,,,,,,,,,,,,,,,,,,,,,,,,,,,,,,0.000610852716523782,89air_leak_denoised_bispectrum.csv
,air_leak,,,,,,,,,,,,,,,,,,,,,,,,,,,,,788.023960317142,0.034517393967686966,3.198670531942438,0.0,675858.5866251114,4.149846522209548,1.0,1.0,,,,,,,,,,,89air_leak_denoised_bispectrum_features.csv
,air_leak,-166.19453779407792,162.47774077400314,-27.54745866441473,12.330366401493102,11.469384340165266,38.26378569884192,-26.140205147521403,12.264550152123196,19.160243168683056,5.122210251145381,7.163683998867336,26.279606373298822,1.5876253406368148,2474.538572715328,3416.4579669098634,5387.826492537313,0.0217915028651385,0.1824275255203247,-5.289316662174293e-06,0.0013984763659397,-0.00020049296005,0.0229630087522037,-1.2811018100321458e-05,0.002956845375543,-0.0002843633173647,0.5440301390901127,0.1816833764314651,0.2396120131015777,,,,,,,,,,,,,,,,,,,89air_leak_denoised_engine_features.csv
,air_leak,,,,,,,,,,,,,,,,,,,,,,,,,,,,,,,,,,,,,,,,,,,,,,0.000982056903002054,90air_leak_denoised_bispectrum.csv
,air_leak,,,,,,,,,,,,,,,,,,,,,,,,,,,,,751.2593658211479,0.05213947740336408,4.095601216175528,0.0,1108082.1346293015,4.252447994935981,0.0,1.0,,,,,,,,,,,90air_leak_denoised_bispectrum_features.csv
,air_leak,-127.41288117110484,139.30193192938788,-30.03738705624507,19.55966360303667,4.005782373128792,45.06437574531859,-25.673009141263783,14.671606043182411,15.495872183879374,9.848943490431244,1.9147503744155323,20.51577999625881,5.10744655938208,3132.8672314499763,3941.629689359196,7052.6385927505335,0.0251730327158848,0.1977834850549698,2.726207948187417e-06,0.0008441343602154,-3.083518684691786e-05,0.0372284950538858,-2.553425469353208e-05,0.0068545294488312,-0.0010002763631041,0.5876846584975917,0.1969593316316604,0.2590966522693634,,,,,,,,,,,,,,,,,,,90air_leak_denoised_engine_features.csv
,air_leak,,,,,,,,,,,,,,,,,,,,,,,,,,,,,,,,,,,,,,,,,,,,,,1.7352086907904663e-05,91air_leak_denoised_bispectrum.csv
,air_leak,,,,,,,,,,,,,,,,,,,,,,,,,,,,,1117.7089017707592,0.06606865333070155,6.277959150613592,0.0,2603462.426477929,3.707466029352956,0.0,1.0,,,,,,,,,,,91air_leak_denoised_bispectrum_features.csv
,air_leak,-122.61473265103513,137.13576235328637,-33.832205398798735,22.597129067038043,1.0243572499244753,47.47452707001914,-26.314304855910567,16.474863410830444,13.000287339088125,12.150132820896475,0.8474317035701903,20.703647878309816,4.172014116685162,3287.042950642878,4032.6847953004826,7324.84341684435,0.0278851279317697,0.1864114850759506,-2.5012662643089024e-06,0.0006274301666221,-0.0003534346990879,0.0398801033868013,7.573741148415706e-05,0.0109786081107144,0.000384994891205,0.5352696944186237,0.1855624765157699,0.2408837378025055,,,,,,,,,,,,,,,,,,,91air_leak_denoised_engine_features.csv
,air_leak,,,,,,,,,,,,,,,,,,,,,,,,,,,,,,,,,,,,,,,,,,,,,,0.0004778454996646786,92air_leak_denoised_bispectrum.csv
,air_leak,,,,,,,,,,,,,,,,,,,,,,,,,,,,,1258.0054206176555,0.08867465321242998,7.118598261340422,0.0,3347515.5233473824,4.237487008955841,0.0,1.0,,,,,,,,,,,92air_leak_denoised_bispectrum_features.csv
,air_leak,-109.13031308338051,135.20349949671717,-32.39226919654271,28.10328028764417,-2.717815123494204,48.18844771105184,-26.853952874349574,16.72488401077493,8.65383492185784,13.877265478661416,-1.8485041194345364,19.661749369949757,4.451417925199872,3333.5071367936657,4122.196275045193,7654.91737739872,0.0259444962686567,0.2076671719551086,7.546681108214187e-07,0.0002575890298611,-1.663364866781902e-07,0.0434614050984362,-6.430363364938644e-05,0.0192000858042799,9.94959859909834e-05,0.5919132750266592,0.2069009244441986,0.2687236964702606,,,,,,,,,,,,,,,,,,,92air_leak_denoised_engine_features.csv
,air_leak,,,,,,,,,,,,,,,,,,,,,,,,,,,,,,,,,,,,,,,,,,,,,,0.0001391171273703705,93air_leak_denoised_bispectrum.csv
,air_leak,,,,,,,,,,,,,,,,,,,,,,,,,,,,,130.63547309941958,0.005131434049066736,0.5726820337438254,0.0,21663.480424758043,3.2386306786561505,1.0,1.0,,,,,,,,,,,93air_leak_denoised_bispectrum_features.csv
,air_leak,-209.0104100681319,129.79560633284487,-18.988808171790797,13.412740584165672,10.09022585477225,35.55453061904592,-18.11299440009877,8.562662928550797,19.531545830361235,7.516709689859426,5.675723102437072,17.25113922658025,10.886541199879156,3002.0176354774417,3912.460408364888,6787.030250533049,0.0229440131929637,0.0887299999594688,-4.785099667711133e-07,0.0002964182740832,-6.740196050529252e-05,0.0137349763638163,-4.9037242669742165e-06,0.004674176456924,-0.0002622675709773,0.2980435058116526,0.0879686549305915,0.1152868494391441,,,,,,,,,,,,,,,,,,,93air_leak_denoised_engine_features.csv
,air_leak,,,,,,,,,,,,,,,,,,,,,,,,,,,,,,,,,,,,,,,,,,,,,,0.00016996955276217524,94air_leak_denoised_bispectrum.csv
,air_leak,,,,,,,,,,,,,,,,,,,,,,,,,,,,,6.9483711592861,0.0076228787247188175,0.06858908490190269,0.0,314.56304192186326,7.858730174396945,1.0,1.0,,,,,,,,,,,94air_leak_denoised_bispectrum_features.csv
,air_leak,-226.23700376689243,101.35889989678488,-22.28891879310735,57.06988334832014,-19.238483126238812,27.10207138205035,-11.962543273610969,7.360540702102665,-7.720205152861654,24.18725917617364,-7.735159983268571,24.75870123630976,-0.5674423389827404,4737.598758830905,4672.744669623599,9521.871668443497,0.0533236440565032,0.0403158850967884,-2.7462070982220614e-08,0.0014196083570149,-7.183007410465513e-05,0.0335115114875565,-3.1023033939019324e-05,0.0300853393387514,0.0002845115242229,0.1087727718141253,0.0400797948241233,0.0514573417603969,,,,,,,,,,,,,,,,,,,94air_leak_denoised_engine_features.csv
,air_leak,,,,,,,,,,,,,,,,,,,,,,,,,,,,,,,,,,,,,,,,,,,,,,0.0002556347469312477,95air_leak_denoised_bispectrum.csv
,air_leak,,,,,,,,,,,,,,,,,,,,,,,,,,,,,1142.5731219489276,0.0923626299772161,5.587783805059975,0.0,2062833.0357721196,4.976524205030519,1.0,1.0,,,,,,,,,,,95air_leak_denoised_bispectrum_features.csv
,air_leak,-72.82218507046097,101.69246367903824,-19.79980629461357,65.63258186525815,-16.107937883530077,25.45668411572228,-9.559902830416394,9.50700936329041,-9.270672926215264,24.668735797299856,-7.331501030273824,26.238046515672664,0.6451555568708947,4548.144808494872,4672.844357405839,9232.37606609808,0.0428250766257995,0.2251041531562805,4.3630026702638416e-08,1.6740824638206952e-05,-0.0001712488140774,0.0821397493006511,0.0008025449933919,0.1077154795515978,0.0005970771280905,0.6252537517564853,0.2249210923910141,0.2983306050300598,,,,,,,,,,,,,,,,,,,95air_leak_denoised_engine_features.csv
,air_leak,,,,,,,,,,,,,,,,,,,,,,,,,,,,,,,,,,,,,,,,,,,,,,2.9451155993084135e-05,96air_leak_denoised_bispectrum.csv
,air_leak,,,,,,,,,,,,,,,,,,,,,,,,,,,,,228.5746923770259,0.045789133782211965,1.44380271818126,0.0,137822.0001145642,6.183820869381334,1.0,2.0,,,,,,,,,,,96air_leak_denoised_bispectrum_features.csv
,air_leak,-79.16594660416894,90.37671260987211,-21.08143587002304,72.27429203288565,-21.762200440265637,21.152905879727303,-8.932559287505821,8.825271910119142,-14.9518104007525,25.888065809486815,-11.358344329456072,26.25966473096821,-5.391318339411382,5320.512892848321,4699.072404672352,9859.641524520255,0.0827985491071428,0.1467959433794021,-2.323709766921848e-09,8.041576265165121e-06,-4.768605890006596e-05,0.0955267045932265,0.0017006912115258,0.1287033217724773,0.0003928577682426,0.3782956935850697,0.1466497331857681,0.1857586950063705,,,,,,,,,,,,,,,,,,,96air_leak_denoised_engine_features.csv
,air_leak,,,,,,,,,,,,,,,,,,,,,,,,,,,,,,,,,,,,,,,,,,,,,,7.481137966359437e-05,97air_leak_denoised_bispectrum.csv
,air_leak,,,,,,,,,,,,,,,,,,,,,,,,,,,,,372.48530670850965,0.0709911441282634,2.3706967178526086,0.0,371541.6531492554,6.111792137497605,1.0,1.0,,,,,,,,,,,97air_leak_denoised_bispectrum_features.csv
,air_leak,-68.78762805923978,84.99982509676362,-21.89393113265758,74.44205929769606,-21.618546138388595,18.902446781388235,-5.9880572987445095,10.126167855315389,-14.072443129291155,27.657228706292184,-9.229479042553344,28.549123973549158,-4.807337221374257,5461.72910829089,4683.352660237957,9864.339019189763,0.0913262926439232,0.1692385226488113,-1.1329431483600493e-07,4.7045670635169625e-05,0.0003240411495037,0.1142472893296718,0.0030921475098018,0.1594697811934088,0.0003063450589442,0.4316198554368824,0.1691793799400329,0.2148262858390808,,,,,,,,,,,,,,,,,,,97air_leak_denoised_engine_features.csv
,air_leak,,,,,,,,,,,,,,,,,,,,,,,,,,,,,,,,,,,,,,,,,,,,,,0.00019243006666304287,98air_leak_denoised_bispectrum.csv
,air_leak,,,,,,,,,,,,,,,,,,,,,,,,,,,,,1404.1060663187855,0.11443759588937642,6.1512886542847935,0.0,2500050.2936867727,5.545211642694444,1.0,1.0,,,,,,,,,,,98air_leak_denoised_bispectrum_features.csv
,air_leak,-61.35732201234945,85.39783607425515,-27.33989452008599,69.45340441751064,-23.01222451354177,19.205782363010957,-3.585723972187565,10.120142585799016,-13.954465008755964,29.29866416347598,-7.457768817375896,29.39143512404433,-6.102499069514867,5455.8079031273455,4633.853589624943,9713.919243070362,0.0975333988539445,0.1755627393722534,-1.9354636166278834e-07,4.753737455649628e-05,0.0002881909155132,0.1215784682462615,0.0010134877568138,0.1741372437537636,0.0002467195186162,0.4558618616182266,0.1755064576864242,0.222870722413063,,,,,,,,,,,,,,,,,,,98air_leak_denoised_engine_features.csv
,air_leak,,,,,,,,,,,,,,,,,,,,,,,,,,,,,,,,,,,,,,,,,,,,,,0.00022963360367995393,99air_leak_denoised_bispectrum.csv
,air_leak,,,,,,,,,,,,,,,,,,,,,,,,,,,,,3069.5214491156507,0.21456590080476168,15.073594928274883,0.0,15010249.676601944,4.480975876119725,1.0,1.0,,,,,,,,,,,99air_leak_denoised_bispectrum_features.csv
,air_leak,-65.74673244839676,96.79003459230626,-28.393860158759868,64.32469132982605,-18.24493608283549,27.872967415054443,7.336669111477933,12.126559589217656,-14.436760368193294,27.03319749885919,-7.032440499928336,29.81871291841086,-3.278383147072161,4736.203373054743,4605.637787532132,8820.545708955224,0.0505542877132196,0.2309781014919281,-5.957023902877567e-09,3.513301461149178e-05,-0.0001181118334942,0.1000749644609224,0.0013077208635525,0.1474404984229266,0.0005494009098895,0.6262276740623682,0.231060579419136,0.3072920441627502,,,,,,,,,,,,,,,,,,,99air_leak_denoised_engine_features.csv
