Max,Mean,Std,Median,Energy,Entropy,MaxFreq1,MaxFreq2
1.034660589706954248e+01,2.158118326485932922e-02,1.741229182554369925e-01,0.000000000000000000e+00,2.033287959139980558e+03,8.091875706987593730e+00,1.000000000000000000e+00,1.820000000000000000e+02
