Max,Mean,Std,Median,Energy,Entropy,MaxFreq1,MaxFreq2
8.269637753115260947e-01,1.799887524387349530e-03,1.422783860248241772e-02,0.000000000000000000e+00,1.358436298064998482e+01,8.069026691635224680e+00,1.000000000000000000e+00,1.820000000000000000e+02
