MFCC_1,MFCC_2,MFCC_3,MFCC_4,MFCC_5,MFCC_6,MFCC_7,MFCC_8,MFCC_9,MFCC_10,MFCC_11,MFCC_12,MFCC_13,Spectral_Centroid,Spectral_Bandwidth,Spectral_Rolloff,Zero_Crossing_Rate,RMS_Energy,D1_Mean,D1_Std,D2_Mean,D2_Std,D3_Mean,D3_Std,A3_Mean,A3_Std,RMS_Envelope_Mean,Hilbert_Envelope_Mean
-225.33354147021532,130.53259167205894,-12.457655607587801,-11.786262398913113,19.20237503731455,5.263573290242579,-3.8335334923585047,-2.800710844871615,3.5812931233867165,2.928194079795301,-6.392365389582828,22.29058487168933,-12.905542686319071,6267.439098983586,5682.386478065988,11876.702724358975,0.07138922275641026,0.03312898799777031,9.486170066234861e-06,0.023738944853957784,1.5193433832304287e-05,0.002911258314971132,4.1811219938727587e-05,0.009487393627792157,0.00017435421206584917,0.08097190928780458,0.03288302943110466,0.03859465941786766
