MFCC_1,MFCC_2,MFCC_3,MFCC_4,MFCC_5,MFCC_6,MFCC_7,MFCC_8,MFCC_9,MFCC_10,MFCC_11,MFCC_12,MFCC_13,Spectral_Centroid,Spectral_Bandwidth,Spectral_Rolloff,Zero_Crossing_Rate,RMS_Energy,D1_Mean,D1_Std,D2_Mean,D2_Std,D3_Mean,D3_Std,A3_Mean,A3_Std,RMS_Envelope_Mean,Hilbert_Envelope_Mean
-177.7283096136908,138.0823792501519,-33.43853545125306,15.79307450293936,-20.589233531949265,6.15068438046011,-2.2132432334010903,-1.5140657148753278,-4.02209984583878,10.692557441858952,-9.75625682235569,12.406919977263634,3.7565667716065234,3570.75552354921,4225.096044132292,6977.878464818763,0.059211129064498935,0.049254160374403,2.827964152145707e-06,0.001975874914431244,2.8186507594414672e-06,0.01663950336709439,-0.00010110681721747071,0.02849419996555654,-0.0008102188759635209,0.13489149152412908,0.060749351978302,0.07534625381231308
