Max,Mean,Std,Median,Energy,Entropy,MaxFreq1,MaxFreq2
3.011054064025629362e+00,2.793316884302531489e-03,3.918644358688433416e-02,0.000000000000000000e+00,1.019387043125070562e+02,6.860650749753643751e+00,8.000000000000000000e+00,1.100000000000000000e+01
