Max,Mean,Std,Median,Energy,Entropy,MaxFreq1,MaxFreq2
9.895101235508646198e+01,9.272226326971259869e-02,1.164633825827998681e+00,0.000000000000000000e+00,9.015486167928090435e+04,7.041370662570296979e+00,8.000000000000000000e+00,1.100000000000000000e+01
