mfcc100_mean_0,mfcc100_mean_1,mfcc100_mean_2,mfcc100_mean_3,mfcc100_mean_4,mfcc100_mean_0,mfcc100_mean_1,mfcc100_mean_2,mfcc100_mean_3,mfcc100_mean_4,mfcc100_mean_5,mfcc100_mean_6,mfcc100_mean_7,mfcc100_mean_8,mfcc100_mean_9,mfcc100_mean_10,mfcc100_mean_11,mfcc100_mean_12,mfcc100_mean_0,mfcc100_mean_1,mfcc100_mean_2,mfcc100_mean_3,mfcc100_mean_4,mfcc100_mean_5,mfcc100_mean_6,mfcc100_mean_7,mfcc100_mean_8,mfcc100_mean_9,mfcc100_mean_10,mfcc100_mean_11,mfcc100_mean_12,mfcc100_mean_13,mfcc100_mean_14,mfcc100_mean_15,mfcc100_mean_16,mfcc100_mean_17,mfcc100_mean_18,mfcc100_mean_19
-375.3949605835147,131.9361638820276,-74.55281227809326,-8.619576220506655,-32.307175963274574,-330.66949217078115,132.5171024807032,-74.61824424774008,-9.136330566896746,-32.92920371755897,-0.1276726155544927,-13.071321256605541,-4.768828272412207,-18.64794099293304,3.37895845094144,-17.24009979040224,1.2047544169227946,-16.15851743080407,-300.5260348232699,133.36770355807488,-75.26459917766698,-9.146832758209989,-33.15952862684093,0.13532768640183523,-13.531799675339917,-4.80543004432076,-19.13211964637386,3.415255936857808,-17.437874932871463,1.6850770733790885,-15.524183068201445,4.5219982461005115,-7.81805342712665,4.668797372232164,-7.69820266237242,-0.2103979101561785,-2.6170337404177655,8.065395688978377
